Date,crix_price,crix_return,eth_return
2017-09-08,916.6568994241428,-0.014211335367332545,-0.03602086605485244
2017-09-09,893.019278938966,-0.026125077161208488,-0.056460831223321684
2017-09-10,901.570607226881,0.009530191913248665,-0.028771471570568252
2017-09-11,887.942403939024,-0.015231481054503782,0.010539798287078739
2017-09-12,840.5193292264436,-0.0548869305803823,0.018425776175081232
2017-09-13,658.5631805802369,-0.2439594870869941,-0.09198437875005983
2017-09-14,758.235749358909,0.1409338894803671,-0.0823231122501662
2017-09-15,760.8153331084987,0.0033963126835878654,-0.06873556985250584
2017-09-16,756.7533087727433,-0.005353344718045605,0.0797993915249533
2017-09-17,853.7762406850779,0.12063182596963085,-0.018173010010059443
2017-09-18,838.7077103949849,-0.017806878990342945,0.13101151798079247
2017-09-19,824.6319853918034,-0.016925058718248565,-0.0035697737313400424
2017-09-20,767.5305049666991,-0.07175898394273084,-0.003167998587844778
2017-09-21,772.2632737330301,0.0061472954830303905,-0.035032607939762705
2017-09-22,807.5260405120619,0.04464978284951027,-0.05246270786512319
2017-09-23,792.2634964987906,-0.019081268806662166,0.04609744299083118
2017-09-24,828.078812405819,0.04421429983820868,0.03633471229952345
2017-09-25,825.4479359837103,-0.003182142223823625,0.020656293808419157
2017-09-26,882.2994944490259,0.06660536953902518,0.003341233064455551
2017-09-27,873.0296135270517,-0.010562084405541405,0.015222109144553464
2017-09-28,865.2626591363376,-0.008936363810579273,0.025056736625743703
2017-09-29,894.6091020735334,0.033353752389172264,-0.03903558279669195
2017-09-30,902.5471912783792,0.008834112936320082,0.027781574758713568
2017-10-01,904.227582885698,0.0018601013428538593,-0.0027093936067110747
2017-10-02,891.6434184617434,-0.014014782119057934,-0.0026833751940733563
2017-10-03,878.2546579867087,-0.015129702723167604,-0.02028493108699969
2017-10-04,892.5294560580985,0.01612292225009515,-0.00033046195133579204
2017-10-05,910.8554304429504,0.02032467431409657,-0.00046692103918566374
2017-10-06,920.673639170352,0.010721427182954102,0.0239487629459445
2017-10-07,949.0601369849678,0.03036654680275319,0.028392924390911567
2017-10-08,952.469515045989,0.003585935891973868,0.008741838104941557
2017-10-09,961.289591632782,0.009217606338437712,-0.031850085351403656
2017-10-10,969.1348807128406,0.008128090359962314,-0.008481628931150453
2017-10-11,1033.6441276411704,0.0644420272822801,0.005049102822527907
2017-10-12,1098.967859853165,0.06128088380610475,0.014338097130855765
2017-10-13,1107.444223080145,0.00768342866931615,0.058023511025468544
2017-10-14,1110.1854984950046,0.0024722583616432203,0.05367858818909799
2017-10-15,1110.051277176198,-0.0001209072117358545,-0.027612062575567364
2017-10-16,1084.636152430228,-0.023161622541509885,0.022288113576207635
2017-10-17,1071.6603185083225,-0.01203544199747597,-0.045549544981396295
2017-10-18,1077.6463402313348,0.005570203001141749,-0.06445717052006295
2017-10-19,1104.2253526659492,0.024364702442452923,0.016361663143420024
2017-10-20,1113.1323277379531,0.008033907256434603,-0.00972802556191077
2017-10-21,1103.4474155494552,-0.008738664917889771,-0.028585155009166918
2017-10-22,1089.9306767907344,-0.012325198210665356,-0.006255138908798585
2017-10-23,1048.7700726428914,-0.038495976739880255,-0.03607005386764417
2017-10-24,1068.635516226856,0.018764498007151076,0.06157792861208211
2017-10-25,1089.2048549583822,0.019065322958002895,-0.026011739124278677
2017-10-26,1080.903797941199,-0.007650398051252338,0.0029924063898985054
2017-10-27,1081.3101407300207,0.0003758580835482306,-0.0024141674326063622
2017-10-28,1139.7351964223374,0.052622552382732835,-0.005229820132163887
2017-10-29,1139.689737661888,-3.988616582706328e-05,0.024776488144956588
2017-10-30,1169.2848801984132,0.02563628301845977,0.016495063444136093
2017-10-31,1214.29456807167,0.037770957330603316,0.0013458316287904282
2017-11-01,1266.7237289221275,0.042270520431080705,-0.026527612223793184
2017-11-02,1310.874315151682,0.034260504537678926,-0.04856881434251559
2017-11-03,1321.4767260436893,0.008055512399135267,0.03560395576602193
2017-11-04,1323.6667385816893,0.0016558746757535658,0.014294894863994934
2017-11-05,1285.1266009236397,-0.029548482197402137,-0.005626289544561125
2017-11-06,1293.894958859326,0.006799781636283697,0.001610744008468501
2017-11-07,1344.7054887791885,0.03851800437646702,-0.007958110653165207
2017-11-08,1325.822404997238,-0.014142071715578908,0.016937288691900143
2017-11-09,1282.392848019875,-0.033305204640825536,0.05538769588562342
2017-11-10,1304.4430127648973,0.01704839425333393,-0.023942894485235122
2017-11-11,1256.2163547273658,-0.03767182936342017,-0.011494211902124185
2017-11-12,1308.8443720754606,0.04104027900102647,0.006244449256781692
2017-11-13,1348.0421361266103,0.029508681094699618,0.018788702606670427
2017-11-14,1420.2018544821203,0.05214574229866553,0.039578047443308506
2017-11-15,1449.6704588496766,0.020537248289540067,0.023377735047731107
2017-11-16,1480.5229103699178,0.021059082347539615,-0.020219205466150747
2017-11-17,1509.1316113394616,0.019139050378435662,0.007720055807793891
2017-11-18,1527.572964445896,0.012145784584222774,0.00885320800099798
2017-11-19,1573.8369202062067,0.02983635796392914,0.05957989871353497
2017-11-20,1547.6058713732643,-0.016807398423946296,0.01728488844331011
2017-11-21,1598.8014844825054,0.03254513865840547,0.011516621951743744
2017-11-22,1651.8386459940582,0.032634722059604826,0.004244514083330486
2017-11-23,1721.8259527643097,0.04149632975832063,0.08326599879053465
2017-11-24,1772.8117981961718,0.02918154449789867,0.07713456656794371
2017-11-25,1863.595984874872,0.0499410737903947,0.08314716577837711
2017-11-26,1932.9772778095344,0.03655349881450398,-0.019446734246838737
2017-11-27,1987.083750943648,0.027606666851358597,0.036076571710164096
2017-11-28,1853.8237250428303,-0.06941772768735088,-0.009631517438814186
2017-11-29,1955.150415264403,0.05321674479459482,0.001746725334941246
2017-11-30,2054.004134298096,0.04932399507583263,-0.0811797842048092
2017-12-01,2074.660592575042,0.010006446152604376,0.020480675805666593
2017-12-02,2093.062209299713,0.008830595113078488,0.04046087066211701
2017-12-03,2152.7025437702446,0.028095884309184527,0.013329045447948218
2017-12-04,2211.8873558639266,0.02712210836869744,-0.009825363217178307
2017-12-05,2387.217856679214,0.07628245292535052,-0.0039430481224842495
2017-12-06,2985.274336225972,0.2235630363782759,-0.04854113039159902
2017-12-07,2823.627721484986,-0.0556691632834152,-0.030500839898452092
2017-12-08,2628.2885510022056,-0.07168959096946725,0.05631018578998859
2017-12-09,2655.4618109685102,0.010285686367203617,0.05728906751820162
2017-12-10,2910.2538559144805,0.09162173341882074,-0.06541195319644455
2017-12-11,3145.033288453445,0.07758416157225057,0.04036061721822026
2017-12-12,3111.886037913608,-0.01059548922238207,0.18457060189819874
2017-12-13,3299.556331350953,0.058559028950824654,0.16873632297897334
2017-12-14,3396.521037345358,0.028963669071831788,0.06322451434456333
2017-12-15,3616.3253131898377,0.06270671995359045,-0.0550795711280605
2017-12-16,3612.247550662512,-0.0011282345870160526,0.035348340163906755
2017-12-17,3706.361613899416,0.02572052953206594,0.03313886860722537
2017-12-18,3686.693380957895,-0.00532074476826061,0.024541497827779146
2017-12-19,3627.642615310994,-0.016146933546609787,0.11356307429434143
2017-12-20,3577.264445393541,-0.01398463311972975,-0.03190196489010155
2017-12-21,3061.3978537280336,-0.15572676032468635,0.014726181790446269
2017-12-22,3345.903427692522,0.08886511353162518,-0.17129439200659569
2017-12-23,3183.993517703661,-0.049600508048563086,0.06747878604100954
2017-12-24,3182.5166819287047,-0.00046393887864226713,-0.09651741275463532
2017-12-25,3567.79196511828,0.11427461407319583,0.07931215483245513
2017-12-26,3557.884815589457,-0.0027806919166923905,0.03859673087828597
2017-12-27,3339.466422681716,-0.06335517482231268,0.007395593162869751
2017-12-28,3599.790063174995,0.07506448743838945,-0.05864784177904614
2017-12-29,3330.110654510257,-0.07786999495398739,0.041971495862657804
2017-12-30,3573.872038880545,0.07064407973831344,-0.0465825333994907
2017-12-31,3471.459563252918,-0.02907448382387301,0.023728835716084973
2018-01-01,3782.730293631897,0.08587091986372108,0.040144103185530966
2018-01-02,4076.280860303686,0.07473897004999053,0.12426672605756384
2018-01-03,4142.806998431475,0.01618855817994813,0.04260439947576433
2018-01-04,4395.839802307871,0.059285017151131214,0.06942072081900719
2018-01-05,4510.283511085382,0.025701420125029628,0.030174970987410177
2018-01-06,4487.871201357117,-0.004981544948437389,0.01653336569897146
2018-01-07,4076.3729563772777,-0.09617085760095279,0.08127326715324568
2018-01-08,4078.1391109565257,0.0004331723571642243,0.0653476294288371
2018-01-09,4055.6336419817526,-0.005533846860808822,0.05397600120179735
2018-01-10,3677.278594840212,-0.09793397091907252,0.0819355721417887
2018-01-11,3925.402222692901,0.0652958567680848,-0.07620489743280423
2018-01-12,4095.772755516491,0.042486583484762974,0.008939515038808743
2018-01-13,3901.107977212772,-0.048694797078931984,0.09265883048270496
2018-01-14,3754.562210325625,-0.038288919551741074,-0.004434597067865198
2018-01-15,2962.2965313290792,-0.2370068672625827,-0.013423020332140823
2018-01-16,2914.628343066633,-0.016222509111133654,-0.16004892118483127
2018-01-17,3039.749123760371,0.04203267335038863,-0.1722243356959714
2018-01-18,3056.4429734642727,0.005476825915645023,0.09056505040533658
2018-01-19,3401.2408979537627,0.10688852217360356,0.00381679852670036
2018-01-20,3006.205023303705,-0.12346184132637283,0.06810358730206723
2018-01-21,2826.6005170123776,-0.061603734835266266,-0.03439252995975561
2018-01-22,2817.222122501173,-0.0033234223477114355,-0.05391376465983111
2018-01-23,2914.678933044072,0.03400833418439042,-0.04338946809565947
2018-01-24,2903.9072299727304,-0.00370251984761083,0.030675360400037377
2018-01-25,2835.998502271735,-0.02366307029378767,0.05271944230932135
2018-01-26,2937.859795108769,0.035287274854263195,-0.019802627296179764
2018-01-27,3143.27583170089,0.06758415919659555,0.02909637448763913
2018-01-28,2981.710409231275,-0.05276841591473591,0.09438468228338248
2018-01-29,2981.710409231275,-0.02928898382087297,0.0016820861829840439
2018-01-30,2664.1052759493027,-0.1126288287966215,-0.04292504471703307
2018-01-31,2719.944504047523,0.02074320727974399,-0.03571808260207998
2018-02-01,2434.873445588509,-0.11071669505641957,0.009950330853168765
2018-02-02,2292.841493804832,-0.06010290675406793,-0.1772399804496576
2018-02-03,2358.893386008762,0.02840072946840344,0.028267887765566435
2018-02-04,2154.667406404424,-0.09055622896446369,-0.052331366186932904
2018-02-05,1767.792446810328,-0.1979048128833636,-0.15635306476928879
2018-02-06,1994.207228042452,0.12051502895220967,-0.13386664790119784
2018-02-07,1994.207228042452,0.14649069385799152,0.16194967604889765
2018-02-08,2119.8277768151697,0.06108825609429669,0.019650108992307125
2018-02-09,2275.441523885918,0.07083926197323631,0.021417692637275998
2018-02-10,2290.630740230243,0.006653102050667492,0.04540509288907657
2018-02-11,2184.5216957989524,-0.047430310996384506,-0.054031321531801346
2018-02-12,2350.838316372066,0.07337509385383623,0.038104658311872264
2018-02-13,2249.5458870130205,-0.04404362706190401,-0.012359852277379346
2018-02-14,2504.633295054352,0.10741396676891846,0.04349106577842221
2018-02-15,2608.9302870975043,0.0407979510146399,0.05268506733753053
2018-02-16,2637.292501131837,0.01081253751502409,0.0024090473531011014
2018-02-17,2794.4195121182365,0.05787157391423303,0.032720140499292505
2018-02-18,2657.805419517525,-0.05012364505265321,-0.022143853555780524
2018-02-19,2755.953722306024,0.0362628093820625,-0.003441132255582069
2018-02-20,2773.211329216377,0.006242411933912173,-0.0019330704508462304
2018-02-21,2414.146310937468,-0.1386602431534234,-0.07755395989469438
2018-02-22,2427.064297861169,0.005336688950968949,-0.04468479987325491
2018-02-23,2528.4172175706985,0.04091108213745631,0.017736902641399155
2018-02-24,2397.556351314577,-0.0531434695660602,-0.0021492144481234376
2018-02-25,2412.259074757437,0.00611365216142179,-0.004845251361351721
2018-02-26,2523.635575625578,0.04513686672946626,0.024804192017591653
2018-02-27,2568.6638245424847,0.01768530048823802,0.02063316824471695
2018-02-28,2481.2332682951824,-0.0346301289020321,-0.010169751560640705
2018-03-01,2573.706348608468,0.036591296811925744,-0.004690493041116461
2018-03-02,2595.654159392656,0.008491550408054493,-0.0032862959485866483
2018-03-03,2619.692672708859,0.00921844100570457,-0.0022974499380961078
2018-03-04,2644.241355415878,0.009327191619954434,-0.008373076930316081
2018-03-05,2656.576152534373,0.004653930969456432,0.00894503488089704
2018-03-06,2504.2241425266475,-0.0590591699690437,-0.03390763078424097
2018-03-07,2335.7375059289056,-0.0696512734055057,-0.06334284804097479
2018-03-08,2192.9634078461377,-0.06307390620695763,-0.05670111728900373
2018-03-09,2193.437748665466,0.00021627790265998925,-0.0743117546616654
2018-03-10,2102.623918101367,-0.04228401172749141,0.05381010311539658
2018-03-11,2231.51109129036,0.059492925821336584,-0.030914547174796247
2018-03-12,2164.6797947362606,-0.030406525702982634,0.01818077936340412
2018-03-13,2149.243451585992,-0.007156552470421573,-0.028270980336996487
2018-03-14,1929.160607522785,-0.10803090730058074,-0.05056059158987747
2018-03-15,1938.5974007925968,0.004879732379891699,-0.09287175749530796
2018-03-16,1960.119007486065,0.011040467194013637,0.012221529877037618
2018-03-17,1840.0644031319528,-0.06320461679379452,-0.03956971960084221
2018-03-18,1841.542416682612,0.0008029176945827388,-0.14151574106614984
2018-03-19,1947.6667101895696,0.05602860684528643,0.05887875293654243
2018-03-20,1986.5904402024587,0.019787725397064193,0.008911354763811552
2018-03-21,1993.835024379323,0.0036401094510090104,0.04515372019578212
2018-03-22,1930.2781127200128,-0.032395839708103225,-0.03725023321485654
2018-03-23,1935.715460126439,0.0028129125872613514,-0.04647470899879114
2018-03-24,1888.427287939037,-0.024732645095970618,0.02603501973636302
2018-03-25,1868.7551228753373,-0.010471860390552479,-0.028087855146738505
2018-03-26,1781.640760018734,-0.04773778446961341,-0.044328619628855925
2018-03-27,1690.7266010163687,-0.05237633705500855,-0.07530011474608234
2018-03-28,1694.7096450673496,0.0023530473470740887,-0.026247526359224338
2018-03-29,1502.940306324534,-0.1200880316823465,-0.0852697864179115
2018-03-30,1480.8724475672536,-0.014791987937581297,-0.07435929482172465
2018-03-31,1490.90711858108,0.00675333343437412,0.04234901736020813
2018-04-01,1446.7347095745615,-0.030075646521716237,-0.04895945315609396
2018-04-02,1491.1582967114314,0.03024410569075897,0.008320407890333392
2018-04-03,1596.3103280421983,0.0681417229585719,0.040527018996727726
2018-04-04,1457.374005452513,-0.09105873140837151,-0.025658176725482207
2018-04-05,1459.3983998346669,0.0013881060473144302,-0.033344689363722146
2018-04-06,1404.51696050676,-0.03833085257277169,-0.016289138533308822
2018-04-07,1456.2872945951067,0.036196804704574426,0.03215344195577252
2018-04-08,1485.9857573741956,0.02018811368373008,0.027959295517339555
2018-04-09,1456.528309631804,-0.020022627727874998,0.02210127243896487
2018-04-10,1475.089996756222,0.012663268698251073,-0.0033359326899251585
2018-04-11,1517.6689667638034,0.028456580551247335,0.041187880462372206
2018-04-12,1725.1351443022097,0.12812980870588397,0.07011334786369083
2018-04-13,1726.429880737924,0.0007502315541207949,0.11370805250694183
2018-04-14,1735.9082582385745,0.00547514471326771,-0.005852710018326768
2018-04-15,1830.852988278333,0.05325120386436755,0.035821197295070384
2018-04-16,1788.413204740521,-0.02345322316906362,-0.015762118849719897
2018-04-17,1758.7879933728764,-0.01670381720077696,1.5623230181560643e-05
2018-04-18,1838.3416962591748,0.04423898151655603,0.005618271288257759
2018-04-19,1938.1559992834573,0.052873091999288135,0.054188330130886087
2018-04-20,2051.258379764143,0.056716443397339056,0.07291841143302413
2018-04-21,2091.508402222169,0.019432080598128287,0.03357166519503085
2018-04-22,2093.031158662065,0.0007278012239853027,0.02916989930822922
2018-04-23,2156.727538496782,0.029978713971467563,0.0267383659603162
2018-04-24,2343.3884868773475,0.08300590883425851,0.07534069770291563
2018-04-25,2083.738211877445,-0.11743445534103714,-0.06815754232911697
2018-04-26,2208.851780051722,0.058309326076241064,-0.02016192902111058
2018-04-27,2136.616814814236,-0.03324917358363155,0.05289981401332344
2018-04-28,2233.92856766874,0.044538074662576754,0.016413966132568625
2018-04-29,2260.8827804091543,0.011993622761508504,0.011463363807138194
2018-04-30,2204.061096265741,-0.025453736280969252,-0.0023817825463137154
2018-05-01,2188.3243119825547,-0.007165514932649053,-0.0368440742923104
2018-05-02,2231.114701990546,0.01936523034137938,0.03119764470516362
2018-05-03,2386.302461019038,0.06724375358424428,0.078255776561031
2018-05-04,2397.0523424444286,0.0044947113333133615,0.06456210341992286
2018-05-05,2474.774975443764,0.031909681013163826,0.033213904131873306
2018-05-06,2422.928016482851,-0.021172739907957094,-0.020901795881667518
2018-05-07,2328.100594775565,-0.03992399321681539,-0.06443896135318372
2018-05-08,2288.3308450927507,-0.017230076557965823,0.007811372382724002
2018-05-09,2298.818801407623,0.004572763218341436,-0.012297350628903914
2018-05-10,2208.871766769268,-0.039913554010691854,0.018989293282159814
2018-05-11,2055.734417722281,-0.07184870740994675,-0.07599445599615162
2018-05-12,2092.6541134894064,0.01780000609291843,-0.040413505841017106
2018-05-13,2171.0537207951456,0.03677946423117362,0.0472699814207056
2018-05-14,2164.317337117319,-0.003107641311062004,0.020875013338487847
2018-05-15,2086.437405560532,-0.036646973134527805,0.0070316630061491026
2018-05-16,2066.05746548692,-0.00981583570419442,-0.04033244661702273
2018-05-17,1973.454672234532,-0.04585653751846763,0.006933212005424849
2018-05-18,2011.95750871354,0.019322485439378312,-0.030574114627350824
2018-05-19,2002.7162389970813,-0.004603754436470098,0.0263949950925797
2018-05-20,2075.6951490144224,0.03579173050366791,0.02028034980249327
2018-05-21,2037.923224312584,-0.01836484713540454,-0.005811928665068855
2018-05-22,1930.2535620032315,-0.05427988845304732,-0.03704369963736198
2018-05-23,1789.849295016578,-0.07551994998348999,-0.10263559299403635
2018-05-24,1823.007189464971,0.018356015863444597,-0.04628875452880976
2018-05-25,1784.677169369732,-0.021249898064568562,0.012924387666221726
2018-05-26,1762.783051418019,-0.012343702019692593,0.002567300666687089
2018-05-27,1747.6615591608072,-0.008615196912661993,-0.03517612755767008
2018-05-28,1644.1001485977913,-0.061085430029466536,-0.06699179312514847
2018-05-29,1761.096051840841,0.06874315952816623,0.008391279967243648
2018-05-30,1749.104143886063,-0.006832632863920551,0.034959464828695275
2018-05-31,1777.8661667248855,0.016310123368983298,0.01803235236313494
2018-06-01,1787.5343152280395,0.005423330281758787,0.006891482931187021
2018-06-02,1822.037731636184,0.01911831480239634,0.021090632892764027
2018-06-03,1873.7214348294128,0.027971017863010594,0.03734757697092572
2018-06-04,1817.6008880463503,-0.030409087271123347,-0.014907257844699373
2018-06-05,1853.1133963087043,0.01934970336954489,-0.01142344607358936
2018-06-06,1850.3858212126893,-0.0014729721428139442,0.01632251325497336
2018-06-07,1853.2449795792804,0.0015439762159701331,0.005495035508798374
2018-06-08,1835.426604975289,-0.009661208807036914,-0.010691436241646812
2018-06-09,1800.136733368171,-0.01941431176268349,0.003543971211572128
2018-06-10,1619.7683233306827,-0.10557949627175134,-0.0775842145835135
2018-06-11,1648.6428240733353,0.01766928985607752,-0.06111582336880872
2018-06-12,1552.389195041639,-0.06015725825917961,-0.009114652653026134
2018-06-13,1492.1288292138609,-0.03959131561254736,-0.07995411032778499
2018-06-14,1585.1214780629148,0.060457201991364506,0.023790568696329117
2018-06-15,1512.0667387869444,-0.04718363051077823,0.018482115396745158
2018-06-16,1527.0304878597087,0.009847575699025946,-0.010527688838433136
2018-06-17,1512.6228860322458,-0.009479837305635286,0.010342335904991451
2018-06-18,1577.2183911351165,0.04181762899070929,0.0014520078198891895
2018-06-19,1601.9365804505874,0.015550476552156134,0.04926128866284163
2018-06-20,1593.1097698731594,-0.005525323933291304,0.0033196197131442062
2018-06-21,1579.4292758576937,-0.00862437222312451,0.007639476677737456
2018-06-22,1421.1202020502417,-0.10561812867406761,-0.08473686851412054
2018-06-23,1436.3720859700445,0.010675114556266685,-0.03929039289493641
2018-06-24,1412.6328393389394,-0.016665324688474925,-0.04350873126467558
2018-06-25,1428.9730175722314,0.01150079156848971,0.01417333741217508
2018-06-26,1364.177242237607,-0.04640452276577545,-0.015184258101096582
2018-06-27,1386.391005332866,0.01615247764290384,-0.03655019832082829
2018-06-28,1326.3249205644763,-0.044292071731943494,0.0027569429199987283
2018-06-29,1383.8213735819006,0.04243688365501441,-0.043884295810872054
2018-06-30,1431.8431439464434,0.03411374265382605,0.0757170905972746
2018-07-01,1420.8135201254715,-0.007732917124091188,0.006742220740565408
2018-07-02,1496.1714821637067,0.05167989103330761,0.01877163970118989
2018-07-03,1470.4488858876698,-0.017341781372061327,0.02406938772173728
2018-07-04,1483.792591618736,0.009033653191455215,-0.011116128692669314
2018-07-05,1475.4355025439454,-0.0056481697429546784,0.005810603985609397
2018-07-06,1481.9342157416254,0.0043949348760561335,-0.006627859678077108
2018-07-07,1520.0133915126723,0.025371007974708704,0.005238519922778018
2018-07-08,1507.6615486968544,-0.00815933783279199,0.03760571219538278
2018-07-09,1479.7391039594058,-0.01869401606411536,-0.012317179828523983
2018-07-10,1390.2613389475512,-0.06237404802658908,-0.06869487053737
2018-07-11,1411.4676586640296,0.015138312604870308,-0.022909576812507382
2018-07-12,1373.7780563107,-0.02706540602320473,-0.012557356318603219
2018-07-13,1382.8382925283809,0.00657347102092487,0.004670467606072037
2018-07-14,1383.7932357529278,0.000690329198311801,-0.0046589485010608556
2018-07-15,1416.7762467636344,0.023555592031004657,0.021629818923107003
2018-07-16,1518.4892878079586,0.06933190908889397,0.04624738749798052
2018-07-17,1621.4468127384623,0.06560289393349983,0.03513897324699222
2018-07-18,1600.863853961777,-0.01277545268231517,0.02837585651578234
2018-07-19,1602.5624953060758,0.0010605154096277047,-0.04355815421542353
2018-07-20,1552.3966629726142,-0.031803936765387064,-0.03269923383697382
2018-07-21,1572.920344055524,0.0131340123691297,0.002162624477756836
2018-07-22,1571.6864376224923,-0.0007847763374098093,0.00789632323223266
2018-07-23,1601.747528544037,0.018946031613921832,-0.007478711313783748
2018-07-24,1734.1120506172624,0.07940025744027146,0.01715535738438767
2018-07-25,1687.554348669963,-0.027215146138560797,0.014650286855023786
2018-07-26,1645.7644432139905,-0.025075366469774707,0.0027662593120378887
2018-07-27,1681.2082838613176,0.021307768091593182,-0.023598372729410677
2018-07-28,1685.7305500912591,0.002686279242000822,0.005510388526461796
2018-07-29,1687.8578370651412,0.001261142149961536,-0.0034111882231329105
2018-07-30,1671.0817956249289,-0.009988974359019132,-0.013612179378608147
2018-07-31,1583.8428721318696,-0.05361710693447286,-0.04124092017252057
2018-08-01,1558.5992855690567,-0.01606656753815372,-0.04667658567584798
2018-08-02,1532.5811293212084,-0.01683419742211978,-0.01209403999412828
2018-08-03,1524.3216227096725,-0.0054038531028135495,-0.01410360197239946
2018-08-04,1457.3000142148449,-0.04496405521061764,0.005016187811546224
2018-08-05,1467.7180481182902,0.007123428119156117,-0.012779656423551167
2018-08-06,1442.863852735832,-0.017078921238843137,0.002113929515156876
2018-08-07,1377.231668067738,-0.04655447844345684,-0.011187382533577761
2018-08-08,1270.789963661452,-0.08043672102044397,-0.09567607650026666
2018-08-09,1322.4543160089552,0.03985061476498686,-0.013989124958189159
2018-08-10,1237.125282051453,-0.0666989732690002,-0.013862016476418049
2018-08-11,1220.3858510914315,-0.01362328709581373,-0.11179167756564112
2018-08-12,1236.9138734046792,0.013452385477848772,0.009031712786575774
2018-08-13,1193.9741104466211,-0.035332133913882124,-0.04162029073571549
2018-08-14,1172.477309168889,-0.018168463062467666,-0.15668820433902209
2018-08-15,1183.302019880913,0.009189983766789034,0.08549842553545162
2018-08-16,1196.5402254561145,0.011125394674187383,0.002697930906232493
2018-08-17,1290.6475013230836,0.07570978438366804,0.04059975995075327
2018-08-18,1230.6223977180282,-0.04762397564736531,0.009720893361910399
2018-08-19,1255.7902857021347,0.020245028315480695,-0.01957424608713776
2018-08-20,1185.3237844231055,-0.05774911105751013,-0.019401911657938697
2018-08-21,1229.9407388202817,0.03695001533765119,-0.04672143057552702
2018-08-22,1196.8682182461744,-0.027257661249207032,0.011729291080097681
2018-08-23,1230.759606176092,0.0279232176122175,-0.02805214323689942
2018-08-24,1257.2979316413475,0.021333374770246216,0.010438773915182331
2018-08-25,1261.7479988667744,0.00353314070279076,0.011798103860289899
2018-08-26,1249.151592396061,-0.010033465446544376,-0.021250176238390317
2018-08-27,1294.2825398507136,0.03549192355035746,0.01116928267746875
2018-08-28,1338.638805547626,0.03369676257321608,0.04052937344619867
2018-08-29,1326.1173062457012,-0.009397926816402169,0.013607995707821452
2018-08-30,1314.762708725436,-0.008599154391125019,-0.03577345391496323
2018-08-31,1316.9311147044816,0.0016479169806578042,-0.0034530077578347473
2018-09-01,1366.709418635565,0.03710184979240605,0.033051748686613536
2018-09-02,1378.8292435072156,0.008828798344517885,0.01390523440115743
2018-09-03,1362.824284761292,-0.011675538425562237,-0.015593690588868725
2018-09-04,1372.634212128885,0.007172449835301187,-0.008328807299850638
2018-09-05,1220.6980428756178,-0.1173088148236685,-0.08204635273135175
2018-09-06,1188.2373040397752,-0.02695190954379889,-0.15818604084294297
2018-09-07,1157.8876046545329,-0.025873637311769393,-0.014713255213897547
2018-09-08,1106.5410724715025,-0.04535831546698166,-0.049602721592587606
2018-09-09,1120.259059823254,0.012320962884728281,-0.07207795313133758
2018-09-10,1119.872773254937,-0.0003448784276365302,-0.0054274217353649234
2018-09-11,1102.1164871149683,-0.015982673216155874,-0.03231349102724401
2018-09-12,1106.8659588344613,0.004300151001070951,-0.0761573853113342
2018-09-13,1160.2357525067137,0.047090658057045154,0.11356881796522433
2018-09-14,1157.2041280704843,-0.0026163579827986894,0.07723401983290668
2018-09-15,1171.5890496949617,0.01235412806852576,0.025460815131547854
2018-09-16,1166.3467133957704,-0.004484592919890673,-0.0024185027156056194
2018-09-17,1104.960457076434,-0.054066847676061514,-0.024404192208102415
2018-09-18,1147.5314710824227,0.03780353947816195,-0.04566599629038137
2018-09-19,1152.6125346386716,0.004418046703544398,0.029755014139658087
2018-09-20,1223.7175942414792,0.05986229875049709,0.00556136296083487
2018-09-21,1317.1239722742985,0.07355711684728661,0.08794278232207375
2018-09-22,1309.822723437,-0.005558748222589394,0.0456408394173442
2018-09-23,1315.832863381448,0.004578018892847702,0.006831504361979768
2018-09-24,1256.821414542414,-0.04588397457175919,-0.02495878762575643
2018-09-25,1236.4281207546449,-0.016359171679939166,-0.09792379623505365
2018-09-26,1240.815505252698,0.003542153899854128,0.003418774900986854
2018-09-27,1300.426933473613,0.046923791940813864,0.01738693258443469
2018-09-28,1281.8801009687463,-0.014364791777562225,0.0319734418344817
2018-09-29,1293.703715440074,0.009181372746960292,0.0030668228533166086
2018-09-30,1298.7619520715436,0.003902264252613641,0.027199089681575472
2018-10-01,1294.6785642239304,-0.0031490147518669076,-0.009751586386011368
2018-10-02,1260.6674741029665,-0.026621129335542726,-0.008994100173402408
2018-10-03,1254.7316126311318,-0.004719626815099076,-0.038293263211863326
2018-10-04,1266.0088542021158,0.00894762230162982,0.017019769453749944
2018-10-05,1274.9507196744698,0.00703820908963948,-0.003357540601881759
2018-10-06,1257.3943569472945,-0.013865917544898743,0.012561854040189502
2018-10-07,1258.2423590665758,0.0006741849059554994,-0.0074003791231218585
2018-10-08,1275.8741981268051,0.013915795263732988,0.014535371367601968
2018-10-09,1266.8796683062626,-0.007074666136277052,0.004728535247202181
2018-10-10,1253.0637945195272,-0.010965335074921256,-0.012749573216443544
2018-10-11,1142.2744329151635,-0.09257019664452226,-0.11145013779274926
2018-10-12,1165.6012753668315,0.02021567867344487,-0.027491742205512537
2018-10-13,1173.9409549752088,0.007129356182671742,0.016185768292515057
2018-10-14,1164.2648011862675,-0.008276610388054273,0.0057312474030464244
2018-10-15,1236.6536336688807,0.06031923321864241,0.0428398372288985
2018-10-16,1241.5075774883032,0.003917380358387845,0.006617987810228598
2018-10-17,1242.0890738269366,0.0004682695549220739,-0.0026685675855269153
2018-10-18,1215.478308800856,-0.021657029876952727,-0.013537460514635669
2018-10-19,1210.8205401824855,-0.0038394069568301603,-0.016918952985482072
2018-10-20,1222.231565684167,0.009380077920611463,0.01010998801280838
2018-10-21,1220.4832541440255,-0.0014314498151657418,0.008701231561982326
2018-10-22,1215.9097254338162,-0.0037543484327740018,-0.010537128218374825
2018-10-23,1211.6267170531703,-0.003528690857032224,-0.009387401410519303
2018-10-24,1213.2422029089978,0.0013324316886054177,0.0046607577797344035
2018-10-25,1210.6279503455007,-0.002157090447830079,-0.009461672089644324
2018-10-26,1212.6805851153172,0.001694076697773994,0.0020687930064804405
2018-10-27,1208.2747397402231,-0.003639761703871258,0.0023738329363611754
2018-10-28,1215.1409011835624,0.005666530907732614,0.0016872508686827103
2018-10-29,1171.4886482889322,-0.03658474909649723,-0.016897327819290986
2018-10-30,1180.9350635822436,0.008031262413310536,-0.020570485010988904
2018-10-31,1189.614844717603,0.007323043395228268,0.001799448451516028
2018-11-01,1194.2612736774618,0.0038982183746654187,0.006817604319042658
2018-11-02,1210.2144442024205,0.01326975731168023,0.012516485498716534
2018-11-03,1203.619848941474,-0.005464013571036652,-0.0023290096780792524
2018-11-04,1216.8792348177403,0.010956020266080557,0.019020968701507712
2018-11-05,1238.268980232894,0.017424843426322667,0.024968944677349114
2018-11-06,1281.485087807412,0.03430520959955796,0.019419556042116426
2018-11-07,1285.9476097336906,0.003476255813399831,0.029027435819135583
2018-11-08,1255.7932944339436,-0.02372840604689319,-0.020934382718077238
2018-11-09,1240.5143911352202,-0.012241354848087305,-0.01708401449949637
2018-11-10,1243.6372863911608,0.0025142562181716954,0.0049056239358362674
2018-11-11,1247.3062324395012,0.002945830504656577,-0.00395091578185891
2018-11-12,1244.4557287831678,-0.0022879431857054655,0.001425638119998851
2018-11-13,1234.5286069614383,-0.008009066248021668,-0.010394137867725028
2018-11-14,1113.661122746308,-0.10303630583250722,-0.05832887350518767
2018-11-15,1101.0268205115606,-0.011409679033880238,-0.10103172162255447
2018-11-16,1077.3467742464952,-0.021741889573445583,-0.002036854324935611
2018-11-17,1083.4008026223646,0.005603657069928936,-0.020171271066661056
2018-11-18,1087.1559232513844,0.003460056427562641,0.012930443617766407
2018-11-19,949.4194973088968,-0.13546957812789184,-0.10213277117624919
2018-11-20,848.7720971218297,-0.11206002892524847,-0.13526382869346243
2018-11-21,890.5887198250559,0.048092013557732294,-0.039181510298964994
2018-11-22,834.6589152218926,-0.0648595703582453,-0.004257181559055745
2018-11-23,831.3188906480839,-0.0040096921303662825,-0.08122141678725914
2018-11-24,744.3443795061718,-0.11050966108413185,-0.004117053396911707
2018-11-25,767.6015211172712,0.030766942365611172,-0.10517699433516192
2018-11-26,728.2808651508507,-0.052583968212954524,0.021976155523331542
2018-11-27,728.3259254095004,6.187017519909688e-05,-0.05331436394979061
2018-11-28,805.3798170426293,0.10056534081118773,0.09275375085613824
2018-11-29,795.5397993205157,-0.012293111459602102,0.014876342270691012
2018-11-30,750.6919698020057,-0.058025469524068285,-0.03133324529328885
2018-12-01,783.8738274181009,0.04325266540848638,0.00795369725422379
2018-12-02,768.6883348612996,-0.019562471894610134,0.0095907626961651
2018-12-03,723.3281869220223,-0.06082255810204007,-0.04965034090913267
2018-12-04,729.9013481880555,0.009046342555120823,-0.010288793372567717
2018-12-05,692.0708999150036,-0.05322097864792852,-0.03105205421512114
2018-12-06,629.9882157331042,-0.093987292868845,-0.07263880141313717
2018-12-07,621.5821331367416,-0.01343305872975531,-0.12934521001887234
2018-12-08,622.327836709008,0.001198967255948702,0.04073958073424855
2018-12-09,645.4078271669727,0.03641538461463156,0.029440176001174656
2018-12-10,622.5275023159495,-0.03609459937574577,-0.015408856031250195
2018-12-11,612.1148636833192,-0.016867857131549258,-0.030437322490132424
2018-12-12,623.3380886311838,0.01816909931288979,0.0074485560775823245
2018-12-13,597.9065224121491,-0.04165462527619468,-0.010363361336442445
2018-12-14,582.0861571714375,-0.026815951543134986,-0.04213197143459535
2018-12-15,582.0124553752123,-0.00012662466139801154,-0.017017498076260296
2018-12-16,584.2777257893177,0.0038845791540698116,0.03086621684374169
2018-12-17,645.3776551184978,0.09945922961738951,0.03559863920815243
2018-12-18,678.8859476981406,0.05061748519826992,0.05550169387648385
2018-12-19,684.8805598283479,0.008791315384247156,0.08921926697473825
2018-12-20,757.5044386036691,0.10078493906440134,0.04339225808247971
2018-12-21,723.1813188106746,-0.04636941945537121,0.04576289614448559
2018-12-22,741.8606915871515,0.02550150089976011,-0.01883930562582492
2018-12-23,756.8963262577875,0.020064812280605082,0.1494130385940835
2018-12-24,786.7082457019568,0.03863117202651356,0.12415174417392816
2018-12-25,726.7722171923393,-0.07924435307685496,-0.12470501579060755
2018-12-26,733.8649617506915,0.009711926288584749,0.013308536855173969
2018-12-27,681.9628660528017,-0.07334982811423885,-0.05322650069462398
2018-12-28,745.053852208834,0.0884812928530554,-0.005736053689543219
2018-12-29,746.1262128253354,0.001438271375142186,0.1125586064113202
2018-12-30,739.7375607277994,-0.008599296355627395,-0.004951093839162368
2018-12-31,713.0434265522791,-0.03675315026573145,-0.009954448942188776
2019-01-01,736.8952862206138,0.032903475618081046,-0.005120975688261531
2019-01-02,764.8300270136587,0.03720782124604405,0.09220957606542779
2019-01-03,739.1013651987731,-0.03421854533029034,0.018022327427725138
2019-01-04,750.2324825029353,0.01494805826926715,0.004692321343029882
2019-01-05,745.8698952729725,-0.0058319532936650376,0.03955435561812504
2019-01-06,783.4092373363001,0.04910403062847912,-0.02089309777349513
2019-01-07,774.8985786725326,-0.010923057942282988,-0.006806185945208654
2019-01-08,773.6106725337484,-0.001663414583729761,-0.023925164926403397
2019-01-09,778.141424822629,0.0058395476591908135,0.0072398148248140615
2019-01-10,696.1386939733039,-0.11135937420373399,-0.10672578136801114
2019-01-11,690.3920813719433,-0.008289243352399112,-0.07124158930164981
2019-01-12,689.2756610885025,-0.0016183904178639352,-0.005999309415993359
2019-01-13,661.5305460754711,-0.041085120188363966,-0.035723825726482694
2019-01-14,699.8006933731721,0.05623941127556531,-0.0014823978242795022
2019-01-15,679.6263957997745,-0.029252341505988433,0.04273444962340189
2019-01-16,688.5762193074811,0.013082786222319065,-0.03717656398120095
2019-01-17,691.2415981681976,0.0038633827483369743,-0.006263000211533587
2019-01-18,683.3319960852857,-0.011508571699891057,-0.001978613563961673
2019-01-19,698.9962354961441,0.022664530148937878,0.01525912943630825
2019-01-20,673.0488905830489,-0.03782738391680773,-0.01790063885357185
2019-01-21,670.6772430109733,-0.0035299604219432013,-0.033983669707184916
2019-01-22,678.5678543998171,0.011696468434978513,0.004363643287772945
2019-01-23,675.0792354875614,-0.005154410868390968,0.005543978684566575
2019-01-24,676.6226462762232,0.0022836565965267397,-0.014418830730254406
2019-01-25,674.9706815886366,-0.0024444712416524794,-0.002520771970403679
2019-01-26,674.6276326309719,-0.0005083719525114105,0.0024522635695340966
2019-01-27,667.9602596902131,-0.009932203007964269,-0.015300147021165778
2019-01-28,639.4882606255412,-0.04356041654892362,-0.07478179528894113
2019-01-29,634.5371589662103,-0.007772414126144156,-0.013624266067983726
2019-01-30,654.5224748448508,0.031010074103385854,0.01915662852975064
2019-01-31,645.144011055224,-0.014432358885646757,0.006817152806085858
2019-02-01,650.413083918835,0.00813410992972674,-0.013258925854376713
2019-02-02,655.8345993010715,0.008300947183243146,0.006451092408796377
2019-02-03,648.701325971831,-0.010936217679208049,0.008287711995675018
2019-02-04,649.9491884764504,0.0019217839977612172,-0.009817249142650475
2019-02-05,650.1012481315292,0.00023392885612771863,-0.0027197676458179387
2019-02-06,635.3126166644661,-0.02301092965971563,-0.032453891084155195
2019-02-07,634.0912247072956,-0.0019243558185015885,0.011314654164015003
2019-02-08,693.6576596015047,0.08978572128716156,0.052010436380622416
2019-02-09,695.7491595496084,0.0030106395031976874,0.07696171332053225
2019-02-10,700.9863669366025,0.007499246395805237,-0.0035099125729827207
2019-02-11,688.1422493676931,-0.01849286445973508,0.02117425834592268
2019-02-12,692.2218990438356,0.005910993210532567,-0.003373800044701447
2019-02-13,686.3419038456157,-0.008530661902187653,0.015550061018292816
2019-02-14,681.6652617354723,-0.006837186889208091,-0.004045031971594781
2019-02-15,684.6862112785386,0.00442192880123482,-0.0022707440497438114
2019-02-16,689.0854220699413,0.0064045955268623445,0.00790479177728809
2019-02-17,705.228791348979,0.02315703378998979,0.02737894826224263
2019-02-18,753.860103351536,0.06668453457083867,0.1134497778790271
2019-02-19,758.1799421165006,0.00571393665284603,0.04066468449866001
2019-02-20,777.6517186512975,0.025358013421050707,-0.012656493693035564
2019-02-21,763.3052965950646,-0.018620683691541018,0.0026580142368350934
2019-02-22,772.4476850469179,0.011906207002382985,0.011532045160606685
2019-02-23,804.8591911190409,0.04110305939752834,0.023010629977296304
2019-02-24,723.9205587616872,-0.10598568335595004,0.020826572574383917
2019-02-25,741.6870950968596,0.024245788605571583,-0.10523000966572127
2019-02-26,734.554290787885,-0.009663541321346614,-0.013208697736848407
2019-02-27,734.6905192708022,0.0001854401422756169,-0.0019012802802347295
2019-02-28,734.7985398546092,0.00014701788125659476,0.0016090108057005281
2019-03-01,736.5237779234751,0.0023451542041028617,-0.0025317024944406796
2019-03-02,734.0751434810144,-0.003330121720759749,-0.0205924243558826
2019-03-03,730.6969256615348,-0.004612627289006355,-0.005316548900740514
2019-03-04,708.7687106265869,-0.030469517233607135,-0.04603500279044237
2019-03-05,745.9958984168362,0.05119084792124973,0.03208889465517917
2019-03-06,749.0599860955965,0.004098966467559251,0.04610683631820667
2019-03-07,749.3725645503599,0.00041720724654936703,0.0038368236351917773
2019-03-08,742.9403001013159,-0.008620584108801843,-0.009151247834848775
2019-03-09,759.9868667100809,0.02268546079323741,0.001550523978064433
2019-03-10,755.7676127400509,-0.0055672141165503675,-0.007452758114280478
2019-03-11,742.5335302229104,-0.017665910163271903,-0.015373275418560262
2019-03-12,746.3985204240741,0.005191639041698615,-0.004173306673273203
2019-03-13,743.427630511123,-0.00398824231809769,-0.006954125706251979
2019-03-14,745.1723821267593,0.00234415208891825,-0.0013163968945670845
2019-03-15,759.1231953758382,0.01854849995334984,0.02172427572946578
2019-03-16,777.9000878418765,0.024434017162051624,0.045011055435754344
2019-03-17,770.811860345811,-0.009153770652749138,-0.015084017114554982
2019-03-18,771.0481538847508,0.00030650453168146186,-0.004091929922512172
2019-03-19,775.5008587337618,0.005758261931672948,-0.0019943932384665075
2019-03-20,780.9988862354371,0.007064633818546717,0.0002242063286201912
2019-03-21,766.5745143217615,-0.018641816449743054,-0.004813382351435358
2019-03-22,768.6424535739154,0.00269400423014865,-0.009777547362294747
2019-03-23,773.6821016956454,0.006535156353075777,0.0049116767300807496
2019-03-24,769.951264468239,-0.004833847950907355,-0.004977720384960804
2019-03-25,758.0698295123618,-0.015551715179752179,-0.008771080892922
2019-03-26,758.3384626255513,0.00035430182938522847,-0.009259566443182266
2019-03-27,785.732924491219,0.03548713736772591,0.029399049499562402
2019-03-28,780.8108289772235,-0.0062840398814740794,0.0035850249695750236
2019-03-29,795.8866055818011,0.01912381631527449,0.013970577918145821
2019-03-30,794.1401353703675,-0.0021967818135406603,0.018289251512690896
2019-03-31,793.7662317933982,-0.0004709390825707871,-0.009834207479618051
2019-04-01,800.1438496592318,0.008002524076406559,0.004422585635233567
2019-04-02,946.5755810371468,0.168059297065974,0.07445629204155946
2019-04-03,964.1918274011226,0.018439445250762354,0.10314337211668168
2019-04-04,945.7584183550772,-0.019303101173158588,-0.056860354343680974
2019-04-05,977.799419282808,0.03331739152126545,0.017253001929439016
2019-04-06,983.32751636627,0.005637688845976818,0.012853099308420823
2019-04-07,1008.7340310015232,0.025509143888560182,0.020684010187149937
2019-04-08,1023.9176949071418,0.014940037324786104,0.0647226622872834
2019-04-09,1003.7469255856522,-0.019896223973965732,-0.01765978531264878
2019-04-10,1028.7356852264008,0.024590634841306525,0.013773409445207108
2019-04-11,967.9577607170634,-0.060897386467573256,-0.06709273721319331
2019-04-12,971.8688427102358,0.004032409170884321,-0.02163175511800386
2019-04-13,968.3449807216072,-0.0036324510430372214,-5.486817921251941e-05
2019-04-14,987.3443560441472,0.019430461390860465,-0.001397104134566618
2019-04-15,967.3904282678856,-0.020416704166253297,0.006923642782865613
2019-04-16,995.5974220152832,0.0287408150580033,-0.01013399693601258
2019-04-17,998.0170146914588,0.002427343843066865,0.01759394581834517
2019-04-18,1012.3177168266202,0.01422742505384722,0.03699181368850191
2019-04-19,1011.1377204803656,-0.0011663182279786355,0.0002899290274047672
2019-04-20,1013.2343661822968,0.0020714042299045943,0.006961985787878433
2019-04-21,1003.7145043272202,-0.009439934436561437,-0.02146239899018365
2019-04-22,1013.8444300056372,0.01004184872120284,0.003681493664049462
2019-04-23,1032.845924736525,0.018568554491983136,0.016115597219489963
2019-04-24,1005.1065112493914,-0.0272245085673406,-0.04442161675552203
2019-04-25,957.8414294563262,-0.04816655443790463,-0.015701752369157163
2019-04-26,973.4782623062626,0.016193253357165815,-0.04952230823539239
2019-04-27,973.1616030911,-0.0003253392921660492,0.011797055797515554
2019-04-28,966.9593199273958,-0.006393729606335441,0.0040177647897854385
2019-04-29,952.2759546120204,-0.01530156516338188,-0.013783292642997935
2019-04-30,982.8464202935164,0.031598011149874594,0.01775974266288216
2019-05-01,987.6408183849252,0.004866215277381514,0.01645731119578464
2019-05-02,1001.7148315411551,0.01414955437356813,-0.003923878164770578
2019-05-03,1049.04933076929,0.04617099188431073,0.035169737914075405
2019-05-04,1054.5990325962118,0.005276276014993364,-0.012761545218571868
2019-05-05,1046.181787002682,-0.00801348770745669,-0.007221440015809932
2019-05-06,1048.714780472473,0.0024182527610365767,0.024879543431219453
2019-05-07,1067.0291033977185,0.01731285201009669,0.05571674045069486
2019-05-08,1075.1206305794417,0.00755462191728018,-0.03878282638687924
2019-05-09,1103.5738119632565,0.02612096365741401,0.0006295506569626852
2019-05-10,1131.1468637728951,0.02467820829627243,0.017589777483588698
2019-05-11,1303.3926399872678,0.14173854639020433,0.07635810561847212
2019-05-12,1232.8306698454958,-0.05565770520569924,0.02541806371680355
2019-05-13,1360.619649967441,0.09862733804373214,0.01343951538586996
2019-05-14,1432.0710325766647,0.051181450104404114,0.06480791053771373
2019-05-15,1503.0797528583012,0.048394500747499514,0.11620117258787488
2019-05-16,1462.7184665685138,-0.027219503992150784,0.11547592739461976
2019-05-17,1361.910386078598,-0.07140825808624296,-0.08991265123764425
2019-05-18,1342.05583631617,-0.01468576525506382,-0.0012281589431530904
2019-05-19,1499.0230987416503,0.11061098395886848,0.060307289262830466
2019-05-20,1456.78184407783,-0.028583841961223655,-0.015684489115280087
2019-05-21,1460.8512583945023,0.0027895330307758925,0.015032728647747184
2019-05-22,1401.722649299806,-0.041317375498701736,0.0014767143820293427
2019-05-23,1431.4293138465505,0.020971521249902203,-0.05082575572093617
2019-05-24,1456.3782389143685,0.017279230255257794,0.03453289399622683
2019-05-25,1466.2086019429576,0.006727191106161712,0.008585251848774789
2019-05-26,1570.0348829900736,0.06841795096044034,0.0015851861939886192
2019-05-27,1624.4022202322242,0.034042046052084274,0.06405583186654695
2019-05-28,1610.8335355989234,-0.008388114632449373,0.007360148376038822
2019-05-29,1598.3999633327107,-0.007748663025884284,-0.005113716986991257
2019-05-30,1531.3077201807891,-0.0428810165597433,0.0227214052834519
2019-05-31,1592.615329453632,0.03925543680858645,-0.06697443067055442
2019-06-01,1576.3131571176154,-0.010288850769455848,0.03977003200203377
2019-06-02,1610.7158558429662,0.021590035684138975,0.001670439214199071
2019-06-03,1504.0830353014223,-0.0684952774901273,-0.02141485251571762
2019-06-04,1413.6545202357142,-0.062005224004518134,-0.06958708533030933
2019-06-05,1442.7326672627066,0.020360791215408902,-0.004638007185214121
2019-06-06,1456.1421674514197,0.009251586631702224,0.0010448144356356437
2019-06-07,1491.2857034042763,0.023848048586017967,0.0190162057586285
2019-06-08,1467.0216015359697,-0.0164044120483382,-0.008708726180842952
2019-06-09,1409.5078425863755,-0.03999362837819831,-0.035038485140712616
2019-06-10,1477.1028082483265,0.0468420116053716,0.004259986713213593
2019-06-11,1462.923378539219,-0.009645859423689451,0.01762903017074091
2019-06-12,1509.604455305777,0.03141091855396905,0.02949137623951259
2019-06-13,1516.889603073893,0.0048142581470767,0.032637386592655915
2019-06-14,1583.909460133,0.04323420822129442,-0.010447859126958114
2019-06-15,1607.5337626128346,0.014805047338034782,0.0360639572702901
2019-06-16,1639.338705061331,0.019591751806760094,0.01875629107088095
2019-06-17,1685.9583638973531,0.02804123218098642,0.0016968475912992886
2019-06-18,1644.7497036135403,-0.024745947295005344,-0.01400363226478607
2019-06-19,1673.8730436932335,0.01755191232117692,-0.0006842234424642157
2019-06-20,1711.18923366337,0.022048457974588764,0.006520315600372584
2019-06-21,1806.0568356582808,0.05395733788557955,0.06573989199591512
2019-06-22,1909.7846099383817,0.05584454107002035,0.06525264500481942
2019-06-23,1920.418506764417,0.005552668526526361,0.01682428579348727
2019-06-24,1945.318974069727,0.012882826015076176,-0.013829872039267777
2019-06-25,2042.608328824248,0.048801623138246875,0.013063513535183091
2019-06-26,2198.1273151750465,0.0733781937818625,0.07391617614159696
2019-06-27,1902.6174191301368,-0.14437525031245624,-0.07625736427952035
2019-06-28,2067.72772867753,0.08321976154845245,-0.024838435656125313
2019-06-29,2042.091273632936,-0.012475871832752006,0.006256222391748167
2019-06-30,1857.9915072177464,-0.0944783474444888,0.004855695038487262
2019-07-01,1837.369538156342,-0.011161119512807183,-0.0508857424584912
2019-07-02,1843.003824886396,0.003061804102948429,-0.023739904903728792
2019-07-03,2009.3694279802776,0.08642420138423024,0.03381737068321922
2019-07-04,1892.9305701269195,-0.05969476103893001,0.0007738703746102971
2019-07-05,1859.7158019554663,-0.01770251298648251,-0.023706456673412646
2019-07-06,1904.676472992511,0.023888482302495184,0.009199060588904295
2019-07-07,1936.4359255740928,0.016536967970560035,0.010567324866283201
2019-07-08,2045.836703077576,0.05495771990039344,0.04498447659847482
2019-07-09,2072.2670331181034,0.012836341504144144,0.014082075537196204
2019-07-10,1993.7831832472048,-0.03860926203333648,-0.03349186075855215
2019-07-11,1850.5157316283755,-0.0745695569542768,-0.09585351873497316
2019-07-12,1921.028694115373,0.03739644665369557,-0.00013521637381241902
2019-07-13,1859.9440960155823,-0.03231438937907338,-0.014652708343412257
2019-07-14,1662.1504754572709,-0.11243420024999828,-0.07466414497999718
2019-07-15,1756.642508214966,0.05529209023347459,-0.10050230549706107
2019-07-16,1538.624051992809,-0.13251577704237416,-0.034387574194536974
2019-07-17,1573.8035206215095,0.022606769826960083,-0.05972408943583751
2019-07-18,1727.6972875258557,0.09329416007008184,0.0579709838623268
2019-07-19,1703.713042961209,-0.013979461998123277,0.008853026028970312
2019-07-20,1741.4823411113468,0.021926658519501707,0.03421860998263604
2019-07-21,1728.189011668929,-0.007662624574375165,-0.014359801333032607
2019-07-22,1678.705324024542,-0.02905119029539005,-0.017065498077506902
2019-07-23,1618.3134851834975,-0.036638307419815774,-0.03240755915797511
2019-07-24,1615.0572143478569,-0.002014165549880431,-0.021473768844938235
2019-07-25,1624.7879331390377,0.0060069216939329095,0.056346193626791496
2019-07-26,1624.814363100185,1.6266582023583e-05,-0.021122225562160146
2019-07-27,1552.8376958064507,-0.045309542564162086,-0.01536521311109329
2019-07-28,1571.7841949676567,0.012127375428574005,-0.023454202045368078
2019-07-29,1560.971128095745,-0.006903258440671856,0.011691578206197484
2019-07-30,1574.7216179333757,0.00877036054931235,-0.00696893451416436
2019-07-31,1650.9152639685242,0.04725133341887755,0.022785210432727077
2019-08-01,1685.2457401899462,0.020581553490294446,0.0007695985640872038
2019-08-02,1702.151138779903,0.009981433855815958,0.018038487186136543
2019-08-03,1738.7383027031433,0.021266909913691734,0.017790833396630568
2019-08-04,1758.8929279880474,0.011524856130940009,-0.008016608997094998
2019-08-05,1877.716085473511,0.06537159721675057,0.04635820151896919
2019-08-06,1821.1586615461813,-0.03058326441252568,-0.0062708926959818
2019-08-07,1884.000397628011,0.03392446145862049,-0.014444993008416063
2019-08-08,1884.9813754792024,0.0005205532594203532,-0.014710534413167942
2019-08-09,1846.9263709863287,-0.02039510415762269,-0.04361927975856261
2019-08-10,1784.7402291427045,-0.0342499615620957,-0.021955272649545776
2019-08-11,1825.865732653253,0.022781373862170717,0.01389710518203291
2019-08-12,1797.4923831481071,-0.01566167547690167,0.0040160317941273505
2019-08-13,1735.9902274584151,-0.03481458625624434,-0.01702273743433924
2019-08-14,1581.34021589292,-0.09330526148276075,-0.031443124742896345
2019-08-15,1621.5726725714792,0.025123738479382318,-0.09196006319310701
2019-08-16,1621.8377975908857,0.00016348533276033805,0.0018442755631120633
2019-08-17,1610.6485681075217,-0.006923013994403426,-0.0017739035386696855
2019-08-18,1636.8166244673766,0.016116337638864664,0.028863957217461156
2019-08-19,1718.5700853747203,0.048739326501572755,0.044913764836485015
2019-08-20,1688.8683857274275,-0.017433888940990627,-0.0036520014496357334
2019-08-21,1597.977693958468,-0.055319821890211784,-0.05424610597787627
2019-08-22,1607.321344789431,0.005830143886317529,0.0050115029090154195
2019-08-23,1657.8374620041698,0.030944986932137653,0.021615943884593314
2019-08-24,1607.8142978147112,-0.030638341686685777,-0.013380187083058992
2019-08-25,1594.355845339941,-0.008405881711194496,-0.007626312516348932
2019-08-26,1628.3939348932158,0.021124417116441307,0.004762052185200538
2019-08-27,1604.4402027891829,-0.014819300625299014,-0.014130101364429493
2019-08-28,1527.6875083815255,-0.04901975282626658,-0.017685443819901003
2019-08-29,1489.3000431350592,-0.025448919734751385,-0.08067976308350833
2019-08-30,1502.7176708653928,0.008969009517397097,-0.004038211767253941
2019-08-31,1508.0475195278057,0.003540531322103746,0.0016870348008231062
2019-09-01,1521.9652961287406,0.009186676974753283,0.012051667591007842
2019-09-02,1602.1498191097787,0.051343906629748304,0.013540975758059126
2019-09-03,1647.5118990530138,0.027919845541893196,0.03179049357975927
2019-09-04,1632.9575495794788,-0.008873391567004063,-0.009697045682866445
2019-09-05,1631.808291641425,-0.0007040370068898127,-0.022283710488670394
2019-09-06,1598.887424875915,-0.02038075336633227,0.0036777549044044733
2019-09-07,1627.1037181910551,0.017493546406297078,-0.005085669461922571
2019-09-08,1626.7381913810364,-0.0002246739833804412,0.04383297802070363
2019-09-09,1616.5456624054527,-0.006285334858177727,-0.0028834971704130297
2019-09-10,1588.022658141193,-0.017801934409375164,0.003596170914795138
2019-09-11,1587.129396270989,-0.0005626577111659259,-0.014518968052897208
2019-09-12,1619.017322169315,0.019892400577012914,0.003697006618646803
2019-09-13,1614.6724355532208,-0.002687264120123878,0.003488693162053025
2019-09-14,1625.3741369445129,0.006605917580920995,0.019398935144145923
2019-09-15,1619.30675600364,-0.0037398981366791872,0.02866774066693356
2019-09-16,1622.3984977818902,0.0019074792269133667,0.026351599872440623
2019-09-17,1636.091453684693,0.008404528912522302,0.04617582608401083
2019-09-18,1645.1574381055111,0.005525949289300058,0.04859101543566968
2019-09-19,1658.6808926135227,0.008186556775707565,-0.0054118981604114325
2019-09-20,1643.0139772319174,-0.009490297308945905,0.026817254718300987
2019-09-21,1616.7398501466212,-0.01612066277084967,-0.00226472512733622
2019-09-22,1612.0049595357732,-0.0029329626738432424,-0.02954285759472164
2019-09-23,1550.2915161828205,-0.0390357325108619,-0.011476161849823363
2019-09-24,1386.295388295568,-0.11180798727530217,-0.08492630697826886
2019-09-25,1344.7054991053074,-0.030459971623028714,-0.1247886225317334
2019-09-26,1293.3059302554502,-0.03897335250981815,-0.011650131468798008
2019-09-27,1310.5990840049903,0.01328267191450827,0.0012034524367452448
2019-09-28,1314.763832330614,0.0031727056044408286,0.038945654154844966
2019-09-29,1289.8086457136992,-0.019163183600173106,-0.02157702126580663
2019-09-30,1332.393893634165,0.03248337362985776,0.016649993471350655
2019-10-01,1343.932968059944,0.008623121557341129,0.03693179810982539
2019-10-02,1342.20384636225,-0.0012874414491816921,-0.014931894666474932
2019-10-03,1317.6561141592654,-0.018458437318402687,-0.002305355731274439
2019-10-04,1313.8882209647977,-0.0028636384491322886,-0.006645525657608786
2019-10-05,1312.474767304928,-0.001076358296735691,0.0004965257567732806
2019-10-06,1275.6210741586117,-0.028481313393739605,-0.007870628460712403
2019-10-07,1331.596995041839,0.04294579306934754,0.012101059093390987
2019-10-08,1331.818163859085,0.00016607911614130444,0.026785163427154757
2019-10-09,1396.094626685819,0.0471337370217757,0.027857835899284034
2019-10-10,1386.6945409209536,-0.006755899173120028,0.030896684737786728
2019-10-11,1337.1414613066572,-0.03638878948966617,-0.03155320584538046
2019-10-12,1345.177813003293,0.005992109753136354,-0.015991138045790443
2019-10-13,1348.64393437291,0.0025733872597974994,-0.0011712358970825676
2019-10-14,1365.8766012249546,0.01269682666319838,0.007507100408155054
2019-10-15,1335.316867801298,-0.022627803368734156,-0.004865553321893756
2019-10-16,1306.435239797686,-0.021866380798168272,-0.03390739019485878
2019-10-17,1324.4864435497198,0.013722557483779596,-0.004944826938956481
2019-10-18,1302.2987475612094,-0.016893824253962464,-0.012323511204259674
2019-10-19,1299.041672101242,-0.0025041529646658844,-0.0023078549216490885
2019-10-20,1338.3053414137537,0.029777325691918044,-0.004770687281514974
2019-10-21,1341.520806538471,0.0023997576635981233,0.010321245381796018
2019-10-22,1314.6641231159174,-0.020222687348094404,-0.0050954719284863614
2019-10-23,1223.8442797147711,-0.07158425977943228,-0.05531680422493679
2019-10-24,1222.1005929976975,-0.0014257778512618557,-0.016626696050423106
2019-10-25,1407.4816152741116,0.14123084328403035,0.046967203212218145
2019-10-26,1477.1288364982236,0.04829820927339146,0.07533586533335157
2019-10-27,1520.8171611627183,0.02914756818036146,-0.0009972057152047853
2019-10-28,1483.7317095410135,-0.024687456745995817,0.008210952879725397
2019-10-29,1522.003466765176,0.02546719752445359,0.01619562484921655
2019-10-30,1482.577011447794,-0.02624573965216559,-0.007242926351579193
2019-10-31,1479.7662124516576,-0.001897686815614641,-0.012940565863567066
2019-11-01,1488.2298936537518,0.005703312161849716,-0.0035819105524534933
2019-11-02,1500.2482594376177,0.008043177804786694,0.010777927517320762
2019-11-03,1486.5061858635231,-0.009202075896630468,-0.005886766378253583
2019-11-04,1515.9788637147108,0.01963282017367085,0.012040764949996507
2019-11-05,1513.1331542771504,-0.001878907255881579,0.012110392997512598
2019-11-06,1524.570659960384,0.007530398242490577,0.017131503165221496
2019-11-07,1496.4441378508557,-0.01862111688768664,-0.010633754507701099
2019-11-08,1432.0851162420886,-0.0439602135926318,-0.01760139312521236
2019-11-09,1440.1506091447125,0.005616192314032098,-0.006153201256959839
2019-11-10,1474.761330978079,0.023748469390207916,0.019436306506564804
2019-11-11,1431.2403971249787,-0.029954688327250345,-0.0028928035147721687
2019-11-12,1439.2384988156657,0.0055726745806836675,-0.005955466570850554
2019-11-13,1437.656951519751,-0.0010994820510790149,0.006312201544511176
2019-11-14,1416.442647633061,-0.014866120713547204,-0.005942625668788004
2019-11-15,1384.160165595285,-0.023054973595771244,-0.0202863172330483
2019-11-16,1389.9999410746443,0.004210127664395991,-0.004787790989513319
2019-11-17,1392.5356755679288,0.0018226075382985485,0.012474650730377235
2019-11-18,1340.973058267311,-0.03773079896838283,-0.006589011903715303
2019-11-19,1325.1870851426593,-0.011841867515169469,-0.03193713728495151
2019-11-20,1317.9044355066994,-0.005510719556269805,-0.0035174624743650185
2019-11-21,1239.7915403142638,-0.06109967341409117,-0.03951961814727678
2019-11-22,1181.104189992017,-0.04849349767160138,-0.09661609115145442
2019-11-23,1189.7102968647584,0.007260074309311193,-0.019699976734155022
2019-11-24,1129.99113739981,-0.05150003978787776,-0.010404787274197247
2019-11-25,1150.400032406524,0.017899946469958294,-0.04720785737569866
2019-11-26,1161.8888722677736,0.009937282820545512,0.028466072687685084
2019-11-27,1208.5630603006532,0.0393850814627541,0.01690340755708597
2019-11-28,1200.469108059254,-0.006719696651703799,0.02407699995924517
2019-11-29,1242.8244791484003,0.03467419132887528,0.005452373754105899
2019-11-30,1217.490834674678,-0.02059454715657605,-0.0028755655463914565
2019-12-01,1196.16997193543,-0.017667285524684218,-0.026172160924110344
2019-12-02,1179.3839270414398,-0.014132556023095155,0.0010360928864940888
2019-12-03,1175.191082278296,-0.0035614488205766293,-0.0014374494771400848
2019-12-04,1163.4054454021075,-0.010079324513220023,-0.01077622730041572
2019-12-05,1187.6559088459337,0.02063010689164546,0.0009801702224905284
2019-12-06,1204.6336369816242,0.014193945046100609,0.01340248041334835
2019-12-07,1203.3639320020334,-0.001054573404573489,-0.0010471938498870514
2019-12-08,1208.8681652975356,0.004563609658044143,0.0055768287484561085
2019-12-09,1183.7596816828748,-0.020988976959293915,-0.0023054880137935996
2019-12-10,1166.1776033794415,-0.014964149472420196,-0.01630926500961216
2019-12-11,1158.0903625504056,-0.006958985439384335,-0.014464680189352208
2019-12-12,1160.3793137301552,0.0019745368652834827,-0.013549931067759147
2019-12-13,1166.527134458034,0.0052841273765986685,0.0089296196411226
2019-12-14,1139.989271814262,-0.023012221965872826,-0.007359433397387427
2019-12-15,1146.3628861742222,0.00557537109746864,-0.007008430408733446
2019-12-16,1103.184514151649,-0.038393212580356106,-0.015904725706806566
2019-12-17,1046.7493960964748,-0.0525114612049995,-0.07950892773560359
2019-12-18,1141.727391083467,0.08685282191677679,-0.0352863607718632
2019-12-19,1123.4115546500964,-0.01617228441021812,0.02081535960968406
2019-12-20,1130.9975623949658,0.0067299553748272345,0.0032719483242775738
2019-12-21,1122.7344002010043,-0.0073329032537436944,-0.0015411561719416156
2019-12-22,1170.4862496470632,0.041652121849049095,0.013032424543947485
2019-12-23,1148.7979106011742,-0.01870315991790239,0.017454046232104226
2019-12-24,1137.8650967394408,-0.009562316032250884,-0.025017561489349305
2019-12-25,1129.3158026233737,-0.0075418195710836855,-0.019858098310961303
2019-12-26,1131.6211301718397,0.002039268158205765,0.0035025752888602213
2019-12-27,1139.316256545382,0.006777074410607042,-0.004720303664537795
2019-12-28,1153.2153006695448,0.01212564719518916,0.015591338042584724
2019-12-29,1170.7535607740554,0.015093655819423013,0.02667911165961101
2019-12-30,1147.3078054120724,-0.020229451436271972,0.01639935951428395
2019-12-31,1137.762690565805,-0.008354377145272984,-0.017256794016710764
2020-01-01,1138.9217093974953,0.0010181638981965335,-0.002888813187164274
2020-01-02,1102.2616703272488,-0.03271781290897913,-0.01419986137013396
2020-01-03,1161.0129026768277,0.05192868313918986,0.015493256865306115
2020-01-04,1167.7366947835574,0.005774610373240563,0.023593797222349444
2020-01-05,1168.5401422095051,0.0006878015866096376,0.021931766651744233
2020-01-06,1238.7818089839186,0.058373256593554856,0.027635350269054726
2020-01-07,1286.8822527679877,0.03809395011364991,0.011753559291086901
2020-01-08,1269.009960777341,-0.013985396724018884,0.00026536868944848635
2020-01-09,1235.6553028633116,-0.02663559905140911,-0.027264764795660312
2020-01-10,1290.8795828549532,0.043722394233430606,0.004403196025256406
2020-01-11,1278.70470001322,-0.00947622074918364,0.028862408236053128
2020-01-12,1304.838840266621,0.020231926653464072,0.004376920155669595
2020-01-13,1297.3348153989891,-0.005767521051199154,-0.0018052356722808582
2020-01-14,1453.474560371492,0.11364492049035846,0.06935602485263725
2020-01-15,1443.0836803612856,-0.00717466988052351,0.06401439835486133
2020-01-16,1428.0814078603726,-0.010450398060644517,-0.01569892871549783
2020-01-17,1467.588517208906,0.027288718673605494,0.039951392191971635
2020-01-18,1461.671466600006,-0.004039968244167191,0.020230381229430883
2020-01-19,1426.0292911969889,-0.024686758435004563,-0.012261507614923062
2020-01-20,1423.1738913787472,-0.002004350403403521,-0.025320365125682365
2020-01-21,1439.3331157347975,0.011290380055315907,0.010819650146514093
2020-01-22,1429.9196398393503,-0.006561645468181609,0.003867304749562983
2020-01-23,1379.4765868210045,-0.03591410446614507,-0.03011819026003426
2020-01-24,1382.1974866729906,0.001970472010787816,-0.016498954201641602
2020-01-25,1367.6483592321276,-0.010581875507779337,-0.003154468798570953
2020-01-26,1413.6496374667988,0.03308201681759293,0.019916134736690516
2020-01-27,1459.8712616471182,0.032173499247716286,0.03178649563200597
2020-01-28,1524.821898202386,0.0435293602967084,0.01940386063577204
2020-01-29,1517.700194709396,-0.004681455898841058,0.025063853733871433
2020-01-30,1564.5478459515452,0.030400706646595665,0.004354573669432149
2020-01-31,1528.9289336268291,-0.023029419044459765,0.021371539467934575
2020-02-01,1541.499255863179,0.008188038730016167,0.007047276507036848
2020-02-02,1545.4016125237745,0.002528334342945193,0.03068733063330953
2020-02-03,1545.0672400885185,-0.00021638945577961977,0.010379161701485451
2020-02-04,1529.5169654128256,-0.010115453818287712,-0.010389786210102336
2020-02-05,1611.602831008595,0.05227725430091201,0.04171172465345041
2020-02-06,1641.7092332150692,0.01850868350355661,0.06803824440462769
2020-02-07,1657.3834185575363,0.009502190410548117,0.047038949765807914
2020-02-08,1676.245884463347,0.011316595513856775,0.014566614284344581
2020-02-09,1719.756662612949,0.025626105185597048,0.01846094391041664
2020-02-10,1683.6343315616768,-0.02122805612864198,-0.02021696500385861
2020-02-11,1743.4612167174237,0.03491759292484975,0.015985538302365043
2020-02-12,1788.044712421513,0.02525034099783241,0.12167510216332822
2020-02-13,1781.6270996842527,-0.003595635671448605,0.04641096978420123
2020-02-14,1811.6764964053027,0.016725609974678868,0.01700782274671475
2020-02-15,1715.2115660415,-0.05471622255629338,0.01745875595927604
2020-02-16,1708.5488190849517,-0.0038920687301651213,-0.05178385936850827
2020-02-17,1676.2201542245737,-0.019103016033352738,-0.036520999486373995
2020-02-18,1756.197607073617,0.04660967101445035,0.06890811067966762
2020-02-19,1653.7699890418085,-0.06009349790958751,0.02139465014346076
2020-02-20,1641.5432710232635,-0.007420705202093814,-0.07415804399021919
2020-02-21,1664.347921749355,0.01379658986101262,0.016932145680399024
2020-02-22,1655.7192444177383,-0.005197904938285092,-0.0021462221591095343
2020-02-23,1715.1381629456605,0.0352581356626267,0.028293836214341006
2020-02-24,1655.466489666167,-0.035410802877552605,-0.0055689725660048595
2020-02-25,1592.602891052855,-0.03871311983642389,-0.04137581122854783
2020-02-26,1482.3487634544892,-0.07174188399069603,-0.09165316052135442
2020-02-27,1482.6135266708952,0.00017859466070913044,-0.03489197412098832
2020-02-28,1473.7648661095895,-0.00598616672792307,-0.005393424617047948
2020-02-29,1441.568492671254,-0.022088508257549044,0.004947657084051649
2020-03-01,1442.1280335725692,0.00038807197861867593,-0.029077779004638593
2020-03-02,1509.255258634582,0.0454964991518505,0.02493722446641744
2020-03-03,1482.5461033166384,-0.017855373193575552,0.006521560535325932
2020-03-04,1478.3334086406792,-0.0028455717306696826,-0.010861850911120463
2020-03-05,1523.4098199267514,0.030035746960944465,0.024395905236129778
2020-03-06,1554.133906188141,0.01996729195629854,0.0259212303531271
2020-03-07,1510.226483391573,-0.028658788370733213,0.028431565047124963
2020-03-08,1342.7103780872687,-0.1175693872466459,-0.08232122413283438
2020-03-09,1326.3734476196803,-0.012241754516300496,-0.1079448991075882
2020-03-10,1327.677656570844,0.00098280628740266,0.005069008299563471
2020-03-11,1322.148571177848,-0.004173174345816655,-0.0289087419490901
2020-03-12,830.5241401804258,-0.4649564020660524,-0.2353083653372927
2020-03-13,921.1358991191436,0.1035505857414547,-0.21975670781842815
2020-03-14,865.2457673713005,-0.06259399071189442,0.03584466058069591
2020-03-15,897.1494525760443,0.03620887127247574,-0.04084686601618159
2020-03-16,830.5255309797648,-0.07716379169908727,-0.09189855537870528
2020-03-17,886.0637988849467,0.06473028550514393,0.019522778620960857
2020-03-18,885.2706292883342,-0.0008955617155175233,-0.009972381812937137
2020-03-19,1020.3115228894084,0.14196988017828271,0.08541205937511975
2020-03-20,1013.7887565756718,-0.006413438646604597,0.09330651246060206
2020-03-21,1012.4842807679356,-0.0012875619069205868,-0.03310202856642075
2020-03-22,961.094074472215,-0.05208997724277431,-0.014114899773520762
2020-03-23,1055.0091898010949,0.09323246013423514,-0.01854505774285453
2020-03-24,1097.6924226247431,0.039660701128862996,0.07347619108373227
2020-03-25,1088.150863791632,-0.00873037833657797,-0.0023240660470431607
2020-03-26,1105.0256415836636,0.015388739359257109,-0.010905345450738402
2020-03-27,1050.4830175625732,-0.05061846463313646,0.01064272891314122
2020-03-28,1028.2565279234843,-0.02138539843598508,-0.060914674383654166
2020-03-29,977.3880261395756,-0.05073622163242497,-0.0020958021783039626
2020-03-30,1050.3705749398357,0.07201457536691702,0.016407771074765876
2020-03-31,1056.152118560522,0.005489196157842713,0.01501403262641432
2020-04-01,1080.060383520582,0.02238472366360522,-0.004906521917053652
2020-04-02,1114.5927181029506,0.03147211269844874,0.04969347731528018
2020-04-03,1107.0823590778464,-0.006761013535460769,0.026965116588787197
2020-04-04,1126.4543050490192,0.01734686701471677,-0.0017396554539281794
2020-04-05,1114.5565009905113,-0.010618347591478283,0.007846523326820787
2020-04-06,1214.4924254380446,0.08586966384008043,0.07640360810075464
2020-04-07,1195.78413006669,-0.015524086684401084,0.09593598022022842
2020-04-08,1231.3650142592753,0.02932117575554649,-0.0046250262420342025
2020-04-09,1220.4000041173238,-0.008944644503715793,0.0051935960698115125
2020-04-10,1142.1224757304656,-0.0662903250516429,-0.06107080459832481
2020-04-11,1145.122270328384,0.0026230654354657545,-0.016131458231906315
2020-04-12,1153.675114613202,0.00744118103308633,0.012680930522108724
2020-04-13,1141.3101408244606,-0.010775749785430833,-0.03660171543170865
2020-04-14,1143.3260265350873,0.0017647328380743232,0.027188152405605237
2020-04-15,1104.631367927088,-0.03442990607794538,-0.0039005875041198124
2020-04-16,1183.3333214930994,0.06882362918764873,0.044166682699025905
2020-04-17,1178.7571746107733,-0.0038746632400572523,0.034904470764900886
2020-04-18,1223.8059318870366,0.03750497756617932,0.03794514948162675
2020-04-19,1198.0617472707463,-0.021260578812262843,0.029202438230734984
2020-04-20,1149.807254001514,-0.04111071721548232,-0.02083057295256019
2020-04-21,1147.8329185324624,-0.0017185771545840112,-0.042059514643448814
2020-04-22,1196.6006992543146,0.04160904038408475,0.03152721824396654
2020-04-23,1234.2581202524975,0.030985290892573403,0.04337384960839952
2020-04-24,1253.6524348510263,0.01559116136895522,0.015692340004870076
2020-04-25,1265.064553277812,0.00906191253383426,0.023946721079428634
2020-04-26,1288.254982965957,0.018165425093702225,0.012472821267237144
2020-04-27,1298.9294422925357,0.00825184304106763,0.0026039946026266136
2020-04-28,1303.1111992871374,0.0032142162024575427,0.0021937739393669276
2020-04-29,1452.12859281328,0.10827583955090425,0.057569530333425156
2020-04-30,1422.4566065688105,-0.020645093519982893,0.03219089783572837
2020-05-01,1457.2032208397789,0.024133614938619097,-0.011648081798750098
2020-05-02,1480.1957680822534,0.01565535831622178,0.006080506303635325
2020-05-03,1461.8452227471068,-0.012474865830355952,0.0005023061591176159
2020-05-04,1451.0604655431846,-0.007404844259894183,-0.04505076068067826
2020-05-05,1470.9956638222466,0.013644849170097118,0.010509910621673946
2020-05-06,1486.174685554765,0.010265999756280841,0.0041258164095205885
2020-05-07,1601.155662200395,0.07452016380017046,0.0002467182852532446
2020-05-08,1583.6293867121074,-0.011006364414924086,0.026708088031496935
2020-05-09,1549.5105595006517,-0.021780179979160152,3.7675603637765676e-05
2020-05-10,1412.3712371492063,-0.09266909265903678,-0.11597979957732107
2020-05-11,1389.7681633684822,-0.016133076054551054,-0.009671666420711489
2020-05-12,1417.2408658793838,0.019574984952522634,0.012644660850612333
2020-05-13,1492.2354486801216,0.05156336751687984,0.021971112132711745
2020-05-14,1557.7536653079069,0.04296952863181236,0.03441981665991811
2020-05-15,1488.8743329180518,-0.04522447221492065,-0.007096963702009518
2020-05-16,1504.15301374263,0.010209605038960845,0.0052912427688101005
2020-05-17,1543.9166110889578,0.026092483568511682,0.02175931297500089
2020-05-18,1563.1290345354494,0.01236716193466858,0.0406619418491001
2020-05-19,1567.1486961249109,0.002568247385545952,-0.0015208985619743487
2020-05-20,1534.3166588346592,-0.021172742579770976,-0.0017961345628743075
2020-05-21,1460.1543737040297,-0.04954294297808026,-0.0355731437443767
2020-05-22,1481.929955463051,0.014803096692362239,-0.0077053373523385815
2020-05-23,1483.1356156943689,0.0008132435987207032,0.022752822249184845
2020-05-24,1425.3530958365511,-0.03973893625689051,-0.002284385183543236
2020-05-25,1442.3618594188194,0.011862380534831907,-0.01977085058821526
2020-05-26,1432.5719146227918,-0.0068105795867641206,-0.0056486891571641
2020-05-27,1483.2446930862811,0.034760677727938116,0.012797850676633082
2020-05-28,1543.0904628978033,0.03955515133908083,0.02573728983895407
2020-05-29,1527.913589232113,-0.00988406199808356,0.04873630679325558
2020-05-30,1585.934520406145,0.03727069876615374,0.0519644940333297
2020-05-31,1544.0337670520298,-0.0267755151459248,0.02231577272778651
2020-06-01,1653.8436599187016,0.06870374849901584,0.004523652035755887
2020-06-02,1560.8738650437738,-0.05785623539010043,0.022238581515740208
2020-06-03,1580.3152557264857,0.012378521751728044,-0.021427412426141323
2020-06-04,1598.545357121539,0.011469707841103904,0.01831752528047126
2020-06-05,1578.4880938601457,-0.012626577622415702,-0.0011004037292314806
2020-06-06,1582.6959858391194,0.0026622267847455916,-0.005528517595343452
2020-06-07,1592.1715923707518,0.005969152686508217,-0.0020842042289652696
2020-06-08,1599.2955077666677,0.004464358869648244,0.009648337582571997
2020-06-09,1595.049501137584,-0.0026584536848242024,0.0004262976523916606
2020-06-10,1612.4029955667984,0.010820839139002558,0.004636528054226652
2020-06-11,1518.2914016563586,-0.060139985339037416,-0.01194970126755468
2020-06-12,1545.0361343513505,0.01746167325472303,-0.02588586453416042
2020-06-13,1546.1148255912371,0.000697922099341497,0.006305145861081662
2020-06-14,1524.409610829441,-0.014138025443775959,-0.004705037152551661
2020-06-15,1532.980760057959,0.005606854632800307,-0.03793182189544719
2020-06-16,1546.8090750965882,0.008980098453105434,0.02632181564621927
2020-06-17,1541.2212480969872,-0.003619027349857973,-0.00011126278998663253
2020-06-18,1528.9872990808435,-0.007969500168636401,-0.0026740275451331286
2020-06-19,1511.262941623184,-0.011659933796298816,-0.012374354288767542
2020-06-20,1520.544498304308,0.006122806847852935,-0.00324187477010085
2020-06-21,1509.7900748214377,-0.00709787541528506,0.0039931847120922015
2020-06-22,1574.6896357052055,0.0420875782991299,0.03338467048554605
2020-06-23,1567.1447309705225,-0.0048028752363782345,0.022620731193881305
2020-06-24,1514.7110371753806,-0.03403063469640433,-0.013172328988441784
2020-06-25,1508.8286881925796,-0.003891039601763069,-0.026829906122463498
2020-06-26,1494.2483446276726,-0.009710345736335668,-0.008628677311551591
2020-06-27,1460.2064596003952,-0.023045464485487166,-0.015621958686987014
2020-06-28,1481.3354134192775,0.014366150898821317,-0.02039844774382704
2020-06-29,1490.6915180555984,0.006296131064314814,0.008864040603321577
2020-06-30,1482.8073751932457,-0.005302952260231031,0.007222382298710528
2020-07-01,1498.1410604069126,0.01028788037660977,0.008884434629132798
2020-07-02,1475.9013180611464,-0.014956180226358029,0.0012323236081996924
2020-07-03,1472.291202467549,-0.0024490377564223564,-0.007833411617010455
2020-07-04,1485.3201597442496,0.008810516299971205,0.0017222305603343813
2020-07-05,1477.348465916588,-0.005381440905606993,-0.0014547177915824605
2020-07-06,1534.507981383228,0.03796089245755585,0.032620495977427666
2020-07-07,1518.1542894353515,-0.010714482603868092,0.01678816097845548
2020-07-08,1556.1998880792632,0.024751566528754765,0.020664938958206314
2020-07-09,1525.312926327157,-0.020047293680633516,0.001968536730969639
2020-07-10,1529.495599510899,0.002738420926987395,-0.017961756855219058
2020-07-11,1522.9596425746674,-0.0042824326036399185,0.0024188725248928122
2020-07-12,1533.021840495962,0.006585271762903133,-0.0002693959950894609
2020-07-13,1523.1336067853283,-0.00647105056439834,0.009825230933137696
2020-07-14,1524.0749135317285,0.0006178157944001228,-0.011065388123338238
2020-07-15,1516.2221899047488,-0.00516577217451708,-0.0012209202436892497
2020-07-16,1500.4608754661126,-0.010449528515346529,-0.021190721208025565
2020-07-17,1500.8565093554996,0.0002636401559392709,-0.004786296106018995
2020-07-18,1507.3214729862038,0.004298265343371632,0.007338118100317814
2020-07-19,1516.2053211821114,0.005876497458985774,0.002672000980937561
2020-07-20,1505.2848872997815,-0.007228540011582574,0.012040728402859635
2020-07-21,1545.182044545208,0.026159557419204837,0.014746066759880883
2020-07-22,1580.0534416248477,0.02231693868694329,0.014912526633122702
2020-07-23,1600.181962999579,0.012658679374004222,0.08411531884371559
2020-07-24,1594.9193291278991,-0.0032941920456108775,0.028434351443769046
2020-07-25,1644.4622912463956,0.03059029855147788,0.04326350109286725
2020-07-26,1677.870402592545,0.02011191564412762,0.06577406031487953
2020-07-27,1827.4873362079088,0.08541661124213462,0.04701473391914668
2020-07-28,1825.9757032966745,-0.0008275069330929696,-0.014943224451963388
2020-07-29,1855.7856677622008,0.01619367085092449,0.008345964281334162
2020-07-30,1874.5141714548067,0.010041370326493215,0.005652585509799302
2020-07-31,1917.0253562228784,0.02242517371883679,0.0534319373460157
2020-08-01,2027.988468471593,0.056269708545426234,0.0607452260889092
2020-08-02,1905.387162112684,-0.06235917692066817,0.046699936831904765
2020-08-03,1951.772032686677,0.024052472003247338,0.0217723545873314
2020-08-04,1946.564011040596,-0.002671921910310182,0.010341842464395512
2020-08-05,2024.0496714458025,0.03903451962520332,0.00802076659500095
2020-08-06,2028.4731574207665,0.002183078501250435,0.006343918085974565
2020-08-07,1985.4895652923888,-0.02141785473400315,-0.02020944034978367
2020-08-08,2015.915575761661,0.015207956110402598,-0.008249805192954263
2020-08-09,2004.7694791915449,-0.005544391053065922,0.015598261038256567
2020-08-10,2036.5878121681203,0.015746685159292007,0.008016355043909407
2020-08-11,1957.9456900468388,-0.03937996007580935,-0.0188556381500824
2020-08-12,1983.3582047231648,0.012895664747036406,-0.01693611309209686
2020-08-13,2043.6295038021224,0.02993592453367544,0.03597900436593182
2020-08-14,2054.128213396567,0.005124135339780622,0.08364157959692164
2020-08-15,2072.0591982757933,0.008691363704719457,0.01489424129411887
2020-08-16,2082.694241824028,0.005119469508526819,-0.01874616630433046
2020-08-17,2133.065132804722,0.023897610702377392,0.007380691340006962
2020-08-18,2080.171125664704,-0.025109812513174568,-0.007611998941595921
2020-08-19,2027.93942272524,-0.02542994745151894,-0.03904407342916549
2020-08-20,2054.723479400682,0.013121064160117157,-6.803531035171062e-05
2020-08-21,1978.982952521955,-0.037558226596527966,-0.012812050509855233
2020-08-22,2008.6176749512515,0.014863709180240825,-0.042215313047059055
2020-08-23,2002.8186942708664,-0.0028912260777413934,0.003726012049757088
2020-08-24,2034.904775571253,0.015893488970807113,0.024857485199518692
2020-08-25,1950.976659636187,-0.042118926181546,-0.0236534742409793
2020-08-26,1967.0582880865843,0.00820907366837087,-0.015758576013373826
2020-08-27,1936.1236467605056,-0.015851318012133575,-0.004846819842209804
2020-08-28,1979.2964998525345,0.022053624523232784,0.019460213165834794
2020-08-29,1978.496280356833,-0.00040437665691239744,0.022257988020527364
2020-08-30,2037.015467197832,0.029148628532277066,0.029980304495391685
2020-08-31,2040.198939783843,0.001561592261365874,0.04265094481293197
2020-09-01,2124.887554478988,0.04067156283371265,0.07657810264382992
2020-09-02,2001.1084743774315,-0.06001762122104637,-0.022709602323895517
2020-09-03,1773.3713461652178,-0.1208188139528037,-0.07464355401650735
2020-09-04,1825.753516696342,0.029110337418398302,-0.08150497638720999
2020-09-05,1734.1837005288862,-0.051455974606404276,-0.07240427733089749
2020-09-06,1763.9751412717371,0.01703305216057327,-0.05090934073015063
2020-09-07,1777.4633035986371,0.007617372294888014,0.007509422022131673
2020-09-08,1729.02572849367,-0.027629150377029177,-0.009715446879564382
2020-09-09,1758.9266923306866,0.017145701969133675,0.010478907242737812
2020-09-10,1789.5639751745712,0.017268211769311925,0.059817935702687564
2020-09-11,1802.3523285745432,0.0071206600339879245,-0.0019951817000078975
2020-09-12,1822.8035855789503,0.011283086551702404,0.019547518074555903
2020-09-13,1790.1302880525143,-0.018087343652353205,0.0015933659476772277
2020-09-14,1841.65881872992,0.02837829357814492,-0.009833174320608151
2020-09-15,1839.0630755380485,-0.0014104535451266997,0.002793610191734963
2020-09-16,1863.852941410854,0.013389575199826531,-0.01947152154924936
2020-09-17,1883.61178268624,0.01054527571734809,0.04622209876246952
2020-09-18,1871.669606475876,-0.006360224563907835,0.00726270016468078
2020-09-19,1895.86261366171,0.012843069846860011,-0.0031668672424229882
2020-09-20,1859.219939744672,-0.019516927534867,-0.018026852608736377
2020-09-21,1765.5133607379234,-0.05171550848660367,-0.05349606898750192
2020-09-22,1774.653530672487,0.005163705850184996,-0.04067537469073468
2020-09-23,1709.9340552825886,-0.03715040427849825,-0.017144496397229148
2020-09-24,1808.678181561982,0.0561414864501355,-0.005766844955514827
2020-09-25,1812.7471058028311,0.0022471406312112308,0.03595477134290448
2020-09-26,1824.7068947626249,0.006575935836401925,0.015116503762696354
2020-09-27,1834.5846587367337,0.005398743347710067,0.007284724608306092
2020-09-28,1818.977554531736,-0.008543551869119703,0.01614303648228166
2020-09-29,1846.4819190414053,0.015007603240906775,-0.01405252475561003
2020-09-30,1837.9371598372509,-0.0046383293217271415,0.0020973697920885215
2020-10-01,1809.632372956512,-0.01552011813971177,0.010748847075654488
2020-10-02,1791.8835899160645,-0.009856364326187084,-0.04369780716927618
2020-10-03,1790.5134039933278,-0.0007649548566952546,0.007168903583608888
2020-10-04,1818.0313121831755,0.015251822428406392,0.0033673741616411235
2020-10-05,1833.565901907048,0.008508432080434503,0.011030860741471749
2020-10-06,1795.420405050934,-0.02102344765085462,-0.008206655498729454
2020-10-07,1807.7353242054223,0.006835656314770233,-0.028407407962063758
2020-10-08,1845.357345810237,0.020598082329866152,0.01124526294246131
2020-10-09,1885.533986554485,0.02153812067070504,0.03837887390828598
2020-10-10,1921.9233117160984,0.019115346725318894,0.04516799668281557
2020-10-11,1937.6859588915136,0.008168046922118144,-0.0007818587750927364
2020-10-12,1971.986220218165,0.017546812014633595,0.015556480572113784
2020-10-13,1952.8968533619284,-0.00972743239605478,0.008615751407869077
2020-10-14,1950.547278367443,-0.0012038472686963786,-0.005503314165571815
2020-10-15,1955.505689338735,0.002538835840502074,-0.008873032086802901
2020-10-16,1921.217157242488,-0.01768990336189713,-0.018969336204918363
2020-10-17,1925.2091608326057,0.002075695564299984,-0.006196268721428311
2020-10-18,1950.9351233986583,0.013274191273731084,0.015701816099094934
2020-10-19,1984.5281265461413,0.01707235816632391,0.011623270649111284
2020-10-20,1987.951591710888,0.0017235914366224847,-0.01059286558202377
2020-10-21,2126.7268852156285,0.06747936652793651,0.027294282284433535
2020-10-22,2177.883165572985,0.023769255864507954,0.05651020797392459
2020-10-23,2169.653630159358,-0.003785842710256837,0.015490297137998432
2020-10-24,2199.046855693703,0.013456481699475553,-0.0009402345947764346
2020-10-25,2181.8711238638216,-0.007841196714107213,-0.00676027528411538
2020-10-26,2172.44101677836,-0.004331394499998531,-0.020108563909144728
2020-10-27,2257.212564091453,0.038279245466635636,-0.004255256538501229
2020-10-28,2189.091773409892,-0.030643930853798906,-0.013891945543782924
2020-10-29,2210.8466284031424,0.009888789472414672,-0.013362602327605444
2020-10-30,2211.5014787739774,0.0002961550559792414,-0.01660679564332046
2020-10-31,2245.5996458908244,0.015300901374629916,0.011499695429057155
2020-11-01,2247.270176936786,0.0007436365569537529,0.005805942784745
2020-11-02,2211.452949854558,-0.016066482050702824,0.003655814400213231
2020-11-03,2265.12597154632,0.02398063108364834,-0.02559494061036549
2020-11-04,2286.915704609042,0.009573681895520991,0.022349982054321593
2020-11-05,2490.474667649459,0.08526926602648732,0.04447129634867064
2020-11-06,2537.990484299984,0.018899298107177387,0.07402833573078738
2020-11-07,2421.1811336934534,-0.04711712711991822,0.033577070018592
2020-11-08,2529.4498155588844,0.04374632201022255,-0.01753814311165236
2020-11-09,2496.154638246329,-0.0132504118709873,0.008204507184619736
2020-11-10,2494.0977378038806,-0.0008243673481551639,-0.0020297699025428884
2020-11-11,2558.838833204002,0.025626539147364014,0.03349220221770732
2020-11-12,2627.555799228486,0.02650048535415994,-0.006029334109872941
2020-11-13,2652.2442062438686,0.009352091719460276,0.014429468986747906
2020-11-14,2611.3786828354546,-0.015527839045354597,-0.006118615158389851
2020-11-15,2582.6046958360325,-0.011079851153279918,-0.019542231758149065
2020-11-16,2697.3804507871023,0.04348263695823906,0.0010505757748138222
2020-11-17,2843.158029656281,0.05263431800597562,0.031688207752544884
2020-11-18,2858.2899010313067,0.005308092641872264,0.01581926752492091
2020-11-19,2855.321144047776,-0.0010391877316369147,-0.007823573884677693
2020-11-20,3002.002359128292,0.05009519750081548,0.048034731241704876
2020-11-21,3097.02475606046,0.031162375457618907,0.050106653977320725
2020-11-22,3072.301347591133,-0.008014989127353545,0.04586540570491948
2020-11-23,3155.149361385039,0.02660893064719616,0.0690648665504554
2020-11-24,3281.151416008963,0.03915856622094083,0.03499391891506409
2020-11-25,3174.216769069309,-0.03313348725643017,-0.02635864971463775
2020-11-26,2881.9607205109146,-0.09659004676741212,-0.12769558811008075
2020-11-27,2887.469031600246,0.0019094825657530734,-0.013527104635544518
2020-11-28,3009.501214261988,0.041394004678457996,0.02135738189081593
2020-11-29,3085.091468740739,0.02480695094665819,0.045983360071000234
2020-11-30,3334.4601664786737,0.07772949071494217,0.07599800754855757
2020-12-01,3191.077786704957,-0.043952073239189815,0.015978792533821284
2020-12-02,3256.526533692868,0.02030242298414109,-0.01757174141842377
2020-12-03,3297.4697107764628,0.012494273167357406,0.022030725722597566
2020-12-04,3142.838386041709,-0.04802908384828264,-0.014394214363813163
2020-12-05,3224.958823039167,0.025793845908797408,-0.01671146820990277
2020-12-06,3264.8348663237334,0.012289002403042204,0.01473734896749157
2020-12-07,3238.337348486464,-0.00814915047627629,-0.0033824773712023415
2020-12-08,3075.013484938237,-0.05175074744848551,-0.02533334498176565
2020-12-09,3126.2706947087254,0.016531536252077927,-0.03473661852687293
2020-12-10,3075.02141924952,-0.016528956002890283,0.00532466579609725
2020-12-11,3021.270405823713,-0.017634459731375784,-0.02932151953906903
2020-12-12,3125.243440557972,0.03383477402034707,0.02295785359317204
2020-12-13,3195.4432635747767,0.02221363371678997,0.03907611950505441
2020-12-14,3203.490005049466,0.0025150272329579337,0.006317188076923941
2020-12-15,3218.7618785784543,0.004755933772701226,0.004668868277995841
2020-12-16,3532.4210641695167,0.09298671387206703,0.026021959145075435
2020-12-17,3729.7157891769975,0.05434854509425868,0.07716871743498466
2020-12-18,3782.7496940606666,0.014119142650480754,-0.007517448019187967
2020-12-19,3889.4183801607633,0.027808452311392173,0.015210364120931352
2020-12-20,3823.03065520391,-0.017216156476173694,-0.011379095580474896
2020-12-21,3690.350536373163,-0.035322023459603,-0.03816825125052681
2020-12-22,3814.2925536404896,0.03303375959088761,-0.016942718125577017
2020-12-23,3644.5246534046505,-0.04552926307070315,-0.0028366685905512057
2020-12-24,3760.203152398016,0.031247039467482196,-0.0397935875974218
2020-12-25,3878.5752888655297,0.03099490677641903,0.047568666140604066
2020-12-26,4104.971813679247,0.05673098393027409,0.02282964686961897
2020-12-27,4161.767751996024,0.013741047853214283,0.04709511945525424
2020-12-28,4268.829247154488,0.02539968425655026,0.09041686378787173
2020-12-29,4310.710967358189,0.009763239483566721,-0.007258597315992432
2020-12-30,4491.507805643262,0.041085611420294654,0.02270996222150412
2020-12-31,4512.019364206798,0.004556346343399298,0.00703547434089824
2021-01-01,4548.54250204708,0.008062046527024691,-0.00561790108628113
2021-01-02,4943.396291437797,0.08324575093634934,0.017424166624634196
2021-01-03,5251.090394957307,0.060383145953222694,0.13388935432644278
2021-01-04,5077.988050593731,-0.03352061920770133,0.16480466075579692
2021-01-05,5475.781389150413,0.0754198548906917,0.042600826889695576
2021-01-06,5927.745995782069,0.07930905386223941,0.0739725533709299
2021-01-07,6299.4581683444485,0.0608195858132774,0.07051753020017415
2021-01-08,6454.3958897316825,0.024297807286917106,-0.015709293705179483
2021-01-09,6500.017015208549,0.007043362661487862,0.019802627296179764
2021-01-10,6225.727808725515,-0.043114442041712664,0.06254511405257368
2021-01-11,5684.917544062248,-0.09087372960626539,-0.19514323549409784
2021-01-12,5417.762151181904,-0.048133780020238603,0.012975158863133274
2021-01-13,5975.39079115632,0.09796665710208785,-0.0176502491921271
2021-01-14,6291.763171227153,0.0515918447661079,0.09129771017031452
2021-01-15,5943.8407486502565,-0.05688582971581013,0.02283397303850876
2021-01-16,5974.230145195807,0.005099728417157223,0.01740615847695004
2021-01-17,5968.349308777618,-0.000984852044098261,0.006552029991300223
2021-01-18,6045.008162170396,0.012762442821030007,0.0016313217320842455
2021-01-19,6070.433741608919,0.004197224825420065,0.10950838057753742
2021-01-20,6005.331122943407,-0.010782463908279638,-0.024400471191857953
2021-01-21,5187.291449212377,-0.14643591303075176,-0.06493780243654701
2021-01-22,5533.374735388519,0.06458620677832272,-0.04743325770749607
2021-01-23,5441.8477453941,-0.016679226688964377,0.03941396854087653
2021-01-24,5585.251567840121,0.026010812710948628,0.06015089022389031
2021-01-25,5545.308374159528,-0.007177242718086063,0.061738927385146525
2021-01-26,5590.17744162288,0.008058797081250901,-0.055692045770253884
2021-01-27,5189.0571703766645,-0.07445901141607969,-0.03449939685159187
2021-01-28,5636.733127035827,0.08275264696018247,0.021605778714581803
2021-01-29,5806.103710668122,0.029605063219175776,0.038192586456268884
2021-01-30,5853.535708427521,0.008136145159948427,0.0
2021-01-31,5671.943661996592,-0.03151401674562848,-0.017043761963292603
2021-02-01,5743.014354111858,0.012452364760802581,-0.01051850419121969
2021-02-02,6149.417472721706,0.06837313616048846,0.08329097039041411
2021-02-03,6522.872496181769,0.05895748836693926,0.08903619617090985
2021-02-04,6433.792590432147,-0.013750654007907315,0.044755760141194756
2021-02-05,6702.10044175767,0.040856784227653264,0.017475587849948404
2021-02-06,6861.5155793229615,0.023507371230580887,0.01010409784915911
2021-02-07,6735.447135243213,-0.018544149817085298,-0.049085890920070874
2021-02-08,7823.096596771505,0.14969626296828586,0.031185651634785927
2021-02-09,7946.3625751918,0.01563382583416839,0.05390877530793947
2021-02-10,7813.999393297226,-0.01679736726237202,0.00795458739846211
2021-02-11,8199.53016140557,0.048159936249255964,-0.0016992357529597157
2021-02-12,8260.648554689215,0.007426246728318375,0.01686380605200455
2021-02-13,8231.404232818404,-0.0035464781612493113,0.016035732059921592
2021-02-14,8412.972616080551,0.02181824980424274,0.000548395955613401
2021-02-15,8276.04491275451,-0.01640968687443589,-0.024418527348145425
2021-02-16,8459.699870423372,0.021948509943578998,0.001122964744623367
2021-02-17,8935.554879715193,0.05472455181840985,0.011160830137528777
2021-02-18,8976.315017367991,0.004551195184383516,0.057682385557464855
2021-02-19,9753.23610551453,0.08300969451596352,0.014044444110774101
2021-02-20,9706.25075865914,-0.004829052121518629,0.027510649882016125
2021-02-21,9949.614435558757,0.02476371414781653,-0.02338693269815373
2021-02-22,9340.650148292963,-0.06315794138149577,-0.07031649841746024
2021-02-23,8277.298715322471,-0.12085918578527632,-0.1433555882605706
2021-02-24,8544.591227175377,0.031781804703143735,0.03934319462811153
2021-02-25,8024.993204470458,-0.06273765554020194,-0.017295057406348846
2021-02-26,7980.621441978294,-0.005544538856517178,-0.08040622129631725
2021-02-27,8026.691587107432,0.005756153109519602,0.0033704110099055384
2021-02-28,7755.480821609358,-0.0343726402702611,-0.07400444712645449
2021-03-01,8551.441743860141,0.09770009754244668,0.08004270767353638
2021-03-02,8322.313546127276,-0.027159607119266127,0.030305349495328926
2021-03-03,8661.332299217329,0.03992826928991455,0.024360178935526555
2021-03-04,8351.0897308152,-0.03647651888463699,-0.011465093740209653
2021-03-05,8343.630126316431,-0.0008936484180690485,-0.04520913975172647
2021-03-06,8480.510917058731,0.01627230902813359,0.05794005644576661
2021-03-07,8816.291670466815,0.03883063843936618,0.051767565205071975
2021-03-08,9039.76365237129,0.025031693331721172,0.041182289966415375
2021-03-09,9461.861500031704,0.045636110194704926,0.05385485229355069
2021-03-10,9549.733334076976,0.009244091361660267,-0.00437876999584752
2021-03-11,9781.659164527267,0.023995887413198247,-0.01715118114378722
2021-03-12,9635.186003531016,-0.01508751171763123,-0.006157310245214376
2021-03-13,10325.837181153582,0.06922761181545134,0.03204694131465935
2021-03-14,10012.26876765943,-0.030838000718798497,0.02417523053198778
2021-03-15,9490.949889498845,-0.05347251641878614,-0.04616622118577496
2021-03-16,9624.952288821672,0.01402022181310869,-0.01005595066087217
2021-03-17,9982.780794645178,0.036502765093338496,0.002243410924077871
2021-03-18,9763.928317499654,-0.02216687725525901,0.012249596378489436
2021-03-19,9861.966172920553,0.009990746759418911,-0.0016615899696601488
2021-03-20,9884.581920288809,0.00229060361841249,0.01867160229306375
2021-03-21,9737.601187437223,-0.014981358707904846,-0.02758034718217317
2021-03-22,9276.03478883546,-0.048560632864292685,-0.012380574569553993
2021-03-23,9222.99627089395,-0.00573420987303308,-0.042805840997736766
2021-03-24,8852.29069320309,-0.041023699008785997,-0.007117467768863683
2021-03-25,8681.995172489505,-0.019424900077353868,-0.05380270599297621
2021-03-26,9321.279394868205,0.07104853256319643,0.029705154413915302
2021-03-27,9440.295646875891,0.012687404788223944,0.03475484605304846
2021-03-28,9393.829245359297,-0.0049342877420262,0.0017652255245694803
2021-03-29,9773.327831142706,0.039604014920284314,0.032391495791235236
2021-03-30,9959.614483986605,0.018881339050105694,0.03851997296781651
2021-03-31,10059.97649262376,0.010026463531195517,0.013057856917456867
2021-04-01,10145.753475138175,0.008490413158570576,0.04698673717028168
2021-04-02,10352.799270753703,0.02020170297568491,0.04339732429798726
2021-04-03,9984.274011761576,-0.03624568774703718,0.031115782015926463
2021-04-04,10228.5517474753,0.024171744441165544,-0.01982177539716723
2021-04-05,10443.25261549619,0.02077308636039099,0.010201691586144257
2021-04-06,10494.908319877324,0.004934130494058664,0.021043339870513655
2021-04-07,10030.206810386142,-0.04528899669203312,-0.03908820891768361
2021-04-08,10424.531278614952,0.03856058444779542,-0.0019704439872993973
2021-04-09,10442.603246316969,0.0017320990765341548,0.023392879574705816
2021-04-10,10851.522568381535,0.03841149455771031,0.029895464796626747
2021-04-11,10950.528383946254,0.009082310315596587,0.0004673989334911255
2021-04-12,11046.904149126642,0.008762511869685241,0.0032656898628840025
2021-04-13,11753.459756501068,0.06199742340118064,0.035235857491692
2021-04-14,11801.408061808008,0.004071207013707223,0.058082247565658385
2021-04-15,11905.11353991561,0.008749165430963046,0.0427717259902769
2021-04-16,11570.278667320716,-0.028528390805430348,-0.010625355378936163
2021-04-17,11320.54618851093,-0.021820304770578502,-0.005355316609414018
2021-04-18,10600.359550682826,-0.06573140106101327,-0.10348060038811457
2021-04-19,10417.813851408851,-0.01737070923277706,0.013648983501106215
2021-04-20,10749.616151037408,0.03135283587020865,-0.010447517240502968
2021-04-21,10413.774025993058,-0.03174069161027049,0.07051378432765798
2021-04-22,10066.143645440525,-0.03395167683362743,0.05384323202082264
2021-04-23,9910.392119446517,-0.015593762995758098,-0.08452180991334313
2021-04-24,9572.612692756224,-0.03467773876402269,-0.007929556967714468
2021-04-25,9472.260937674326,-0.010538550771386213,-0.0008849558099663923
2021-04-26,10482.686526576328,0.10135736791627004,0.08929591315401897
2021-04-27,10789.871163632071,0.028882844852422096,0.04046565573548744
2021-04-28,10826.39447973648,0.0033792470413622766,0.03926557397259689
2021-04-29,10740.011563275884,-0.00801092015566418,0.022547619412334186
2021-04-30,11421.44634566102,0.06151668070616445,0.006920442844573493
2021-05-01,11571.101919306187,0.013017929581497611,0.039150907561825044
2021-05-02,11377.943510958945,-0.016834074466936855,0.020384191720829392
2021-05-03,11923.067922704004,0.04679830303146382,0.07825219689974805
2021-05-04,11205.136966720347,-0.06210267369481315,0.056261954792912405
2021-05-05,12147.68173571841,0.08076601704402542,0.004771855162776006
2021-05-06,12058.159702181005,-0.007396763457144573,0.03536829260302987
2021-05-07,12106.955178119708,0.004038511093353847,-0.003452247387230045
2021-05-08,12602.22482185382,0.04009327596036805,0.048927385438943816
2021-05-09,12644.702869721645,0.0033650104653801804,0.06429837155753582
2021-05-10,12240.908201375889,-0.03245490820825836,0.042570336612127946
2021-05-11,12636.829738055578,0.03183207160711454,-0.017162465776772606
2021-05-12,11442.667313792048,-0.0992664298226309,0.055861369663215754
2021-05-13,11250.827688785106,-0.016907417294262927,-0.09813742298905659
2021-05-14,11681.832444525988,0.03759315418777298,0.03724586163284194
2021-05-15,10903.482543671566,-0.06895261484290671,-0.017037920097143555
2021-05-16,10811.748009134497,-0.00844891607417253,-0.052387290350282
2021-05-17,10098.28586326949,-0.06826762861549796,-0.08809304286037012
2021-05-18,10077.41888851513,-0.0020685257294896786,0.010569681489686289
2021-05-19,8104.882024493406,-0.2178305680168151,-0.19194717401715877
2021-05-20,8870.195582274484,0.0902302467507674,-0.048577872479854456
2021-05-21,7920.6900440286045,-0.11321851713792341,-0.025584540700639202
2021-05-22,7776.7189722412995,-0.01834380549639114,-0.11071016540506662
2021-05-23,7126.734724410294,-0.08728135669256076,-0.11014941080131191
2021-05-24,8285.947473541673,0.15070783784021202,0.11397350723971567
2021-05-25,8265.888037249264,-0.0024238334292334685,0.09268510108871286
2021-05-26,8709.433796411102,0.05226961157451626,0.07625928169623375
2021-05-27,8448.060517677006,-0.030469892109818986,-0.00899448409533754
2021-05-28,7699.389562044296,-0.09279584242861638,-0.08010294319444089
2021-05-29,7430.113241639098,-0.035599948311077156,-0.062192020256447655
2021-05-30,7667.132227584082,0.03140155100504849,-0.008788506033079457
2021-05-31,8268.733531298822,0.07553870644510141,0.04961050055333427
2021-06-01,8135.256632504717,-0.016274070313752276,0.04382547954002991
2021-06-02,8375.206259194276,0.02906841848562891,0.030539602415276867
2021-06-03,8763.361499806368,0.04530385882492283,0.03860639670385524
2021-06-04,8216.935763275942,-0.0643822028175336,-0.04195399142388112
2021-06-05,7899.711207642371,-0.039371158568599185,0.0022329745043121463
2021-06-06,8061.496234624484,0.020272973530142124,0.00037167813102101377
2021-06-07,7541.72380455226,-0.06664839915689313,0.02132433743833939
2021-06-08,7521.160346122649,-0.0027303497787851683,-0.09694847997962608
2021-06-09,8166.345874211777,0.08230111999768575,0.011159940455438111
2021-06-10,7903.976010830784,-0.032655622028297415,0.001584158747136577
2021-06-11,7771.216941783638,-0.01693915269399504,-0.03873013307207085
2021-06-12,7614.375964306044,-0.02038873791064688,-0.028370697129215472
2021-06-13,8208.831272437401,0.07517252441274458,0.011361367738648376
2021-06-14,8483.549769307701,0.03291840790231859,0.053362282262363614
2021-06-15,8414.200260596532,-0.00820818132025991,0.0223582563112128
2021-06-16,7925.204278392204,-0.05987268987975369,-0.04279575387710999
2021-06-17,7918.805986560356,-0.0008076606960827348,-0.03083491977700703
2021-06-18,7483.979912713471,-0.056475710810891755,-0.048769287560627816
2021-06-19,7361.982125301246,-0.01643551739133109,-0.02485702768404696
2021-06-20,7454.78246262629,0.012526560741305204,-0.025951832040803424
2021-06-21,6437.934547199941,-0.14664800153808777,-0.0716981616459833
2021-06-22,6394.781000487069,-0.006725577173043007,-0.062360518098587114
2021-06-23,6782.976138798076,0.05893377514670384,0.04385536388358435
2021-06-24,6993.011557853511,0.03049533733208243,-0.010657294473988443
2021-06-25,6449.367552736147,-0.08092922933433577,-0.03267078228954823
2021-06-26,6411.009718116573,-0.005965291306413434,-0.060295208498570396
2021-06-27,6929.315025816659,0.07774418558881457,0.036827464848915525
2021-06-28,7010.265960670932,0.011614674064958308,0.09516298749731078
2021-06-29,7308.09465398902,0.04160695002956771,0.06275823275183523
2021-06-30,7288.943524385516,-0.002623976228305125,-0.003231020581447197
2021-07-01,6914.433441622295,-0.05274758434643623,-0.006493529310548141
2021-07-02,6966.645031485042,0.007522734806451936,-0.032634723947146504
2021-07-03,7156.097029358742,0.026830959946545718,0.05244647537254199
2021-07-04,7361.004911260677,0.028231735560630966,0.05026630736284332
2021-07-05,7051.470643831136,-0.042960263244870234,-0.024150460232283066
2021-07-06,7180.952757072437,0.018195873196216183,0.01893078765943823
2021-07-07,7149.644162851084,-0.004369482193830265,0.028376796549770766
2021-07-08,6819.321471800292,-0.047302612066616234,-0.07616441067119073
2021-07-09,6996.820199545517,0.02569581267402299,-0.028772286374654676
2021-07-10,6924.157558831353,-0.010439396122608358,-0.0028288562004776807
2021-07-11,7023.259289323244,0.014211003999738736,0.0023579355419043324
2021-07-12,6788.879199917987,-0.03394153485894513,-0.0108928379917419
2021-07-13,6610.066257153432,-0.026692184071194447,-0.051794673189730744
2021-07-14,6669.932566572668,0.009016072328845937,-0.022826251014222976
2021-07-15,6444.010746458393,-0.034458616935067354,-0.0035980506562900416
2021-07-16,6316.053140112744,-0.020056623053504197,-0.017662796843039175
2021-07-17,6376.436677481709,0.009514916899341586,-0.01212775212612005
2021-07-18,6423.32146295527,0.0073259189193422,0.028244555360540602
2021-07-19,6195.248160322102,-0.036152773305245134,-0.04428768020111651
2021-07-20,5994.228622978237,-0.03298546230340982,-0.047470280881750426
2021-07-21,6525.651534812939,0.08494369016371905,0.06880442335674175
2021-07-22,6583.224450845965,0.008783863127760583,0.0534282169838729
2021-07-23,6800.334652450925,0.032447161136593294,0.0266550825185341
2021-07-24,6963.9358400215015,0.02377298420383056,0.044769380859847274
2021-07-25,7138.768330356946,0.024795449949387205,0.0041831341501064045
2021-07-26,7425.524857817537,0.0393831113919898,0.07374347424554983
2021-07-27,7680.875192341605,0.03381012789103899,-0.038204426645291
2021-07-28,7846.563896476215,0.021342217769673155,0.02781022305995151
2021-07-29,7934.932835338162,0.011199173814175012,0.004777424938892771
2021-07-30,8240.007607708763,0.03772637759965036,0.03155912228725466
2021-07-31,8321.010794459542,0.009782469985951892,0.03384557473816496
2021-08-01,8057.629960394015,-0.03216427347395623,0.05218575317057006
2021-08-02,8064.017058335836,0.0007923629972257373,0.0
2021-08-03,7862.143217339866,-0.025352583461661027,-0.034087531457558384
2021-08-04,8233.132565908727,0.046107326726925635,0.029841240576107708
2021-08-05,8448.498370502346,0.025822147983284083,0.051641396268881756
2021-08-06,8754.772619062553,0.035610275904232935,0.034305584664961586
2021-08-07,9281.632716000982,0.05843847669827795,0.0712386025885694
2021-08-08,9010.673815850683,-0.029627616389859668,0.019316364218278537
2021-08-09,9391.635494647591,0.04140959798050048,-0.010430342278873184
2021-08-10,9454.280982820796,0.006648200843370589,0.026513030511617686
2021-08-11,9604.92674126124,0.015808516064410583,0.023649218193892096
2021-08-12,9343.266505715988,-0.02762024500080784,-0.03197992962232021
2021-08-13,10097.172220115235,0.07759948239510983,0.028546181906362378
2021-08-14,10110.120722106678,0.0012815673826978013,0.022570134144483944
2021-08-15,10144.120973800866,0.0033573494521927927,-0.01913638642852611
2021-08-16,9890.426659471716,-0.025327038077790576,0.012695634213924833
2021-08-17,9473.659842994355,-0.04305198560459722,-0.026501940745506047
2021-08-18,9631.434158024402,0.01651684119647534,-0.03832380112316969
2021-08-19,9866.294706824005,0.02409223253002679,-0.000656814473529721
2021-08-20,10500.209546747396,0.062270840478836575,0.06178341525600395
2021-08-21,10427.108679056077,-0.006986195194372158,0.008916277363489655
2021-08-22,10514.719409652476,0.008367105426421162,-0.014801380302262857
2021-08-23,10726.964499546024,0.01998449413184744,0.032098124676531725
2021-08-24,10298.041785629985,-0.04080685890043512,-0.01576745825270187
2021-08-25,10498.12085406511,0.01924251560670065,-0.026635207252644122
2021-08-26,10102.110900092062,-0.03845187284871976,-0.017413769143587388
2021-08-27,10575.158807664631,0.04576334007396454,0.012694553211941795
2021-08-28,10493.86607829297,-0.007716838650457802,0.022451831768970365
2021-08-29,10470.475787085208,-0.002231436699858591,-0.009605031240665696
2021-08-30,10179.579822053887,-0.0281757313193296,0.002487563471801124
2021-08-31,10458.265987923403,0.027008933938169832,0.03569084021292035
2021-09-01,10982.502506735133,0.048910655754546895,0.06889297637673408
2021-09-02,11070.467624109058,0.007977663179396188,0.05390526483620306
2021-09-03,11273.78796046119,0.018199393351590487,0.029252542837436835
2021-09-04,11239.212034393286,-0.003071643340391006,0.0059027503609261345
2021-09-05,11544.308628571554,0.026783817784441055,0.0007673615928407429
2021-09-06,11690.273525254395,0.01256461734465475,0.005355106511542473
2021-09-07,10242.77041973493,-0.1321850416137238,-0.06379278367038133
2021-09-08,10225.84689584765,-0.0016536073231208093,-0.0704655116538806
2021-09-09,10235.371059931194,0.0009309479809047616,0.014725255243979163
2021-09-10,9743.93851099635,-0.04920407197985632,-0.03707912721821316
2021-09-11,9908.897757099585,0.016787716338198422,-0.02408304231852476
2021-09-12,10220.762846560605,0.030988107672552445,0.02645975169637005
2021-09-13,9889.32712610948,-0.03296511697313065,-0.034106218070173
2021-09-14,10245.592013711006,0.035391458107246976,0.024265673475140304
2021-09-15,10536.179370874926,0.02796742322190937,0.03475025745039595
2021-09-16,10439.734094139165,-0.009195876646490575,0.03999965938974093
2021-09-17,10206.786171390802,-0.022566302230389468,-0.032789822822991255
2021-09-18,10381.525922230268,0.016975062938932695,-0.005763704716748919
2021-09-19,10137.562620503397,-0.023780276391168087,-0.022505699271061275
2021-09-20,9074.535018454391,-0.11077545533511923,-0.08060942650993042
2021-09-21,8519.80224486068,-0.06307901132759319,-0.05060212197995728
2021-09-22,9378.639535193175,0.09604158373224081,-0.008801681736826161
2021-09-23,9666.704198497267,0.030252710307003383,0.05619455834364118
2021-09-24,9198.810992914789,-0.04961318811176163,-0.046045621435029105
2021-09-25,9150.693692446504,-0.005244546006359485,-0.01937188870745743
2021-09-26,9319.051382885877,0.018231150769231874,0.014648533097327388
2021-09-27,8976.262273557437,-0.03747727278679491,0.03717653476725857
2021-09-28,8703.676174095168,-0.03083808261978227,-0.057330931739108415
2021-09-29,8839.96730974959,0.015537693492060356,-0.005189425242225099
2021-09-30,9320.558533740068,0.05293937676415439,0.036107464645534826
2021-10-01,10205.999499532796,0.0907531781904698,0.05563314429702082
2021-10-02,10256.359653228594,0.004922233550740174,0.055698135775799074
2021-10-03,10368.626498024832,0.01088659674960546,0.021907329648133356
2021-10-04,10442.81001949882,0.007129141287988361,-0.014749529926062266
2021-10-05,10865.173577996102,0.039648884272747154,0.019132298081157018
2021-10-06,11346.402134663462,0.04333811166769941,0.02134491189629628
2021-10-07,11175.441476698112,-0.015182055669892947,0.01950040596712732
2021-10-08,11133.689255759891,-0.003743065580325222,0.00808366771249247
2021-10-09,11351.047424486893,0.01933444388148331,-0.0033370442535769484
2021-10-10,11103.733154765916,-0.02202865174076507,-0.0137430293704206
2021-10-11,11507.564907554286,0.03572326512545665,-0.0014130283543689615
2021-10-12,11411.507365120731,-0.008382372876214461,-0.014528100562911206
2021-10-13,11725.874027575055,0.027175591209990912,0.003151413580802398
2021-10-14,11860.37019349855,0.01140475121579776,0.058063800954760936
2021-10-15,12520.57099798291,0.054170364800112836,0.028470727043906408
2021-10-16,12390.320041156196,-0.010457445590397185,0.01587541474065901
2021-10-17,12414.59268237466,0.0019570840048004357,-0.008296651168848257
2021-10-18,12447.931740058117,0.0026818738998048985,-0.011521468114102262
2021-10-19,12816.085627536531,0.02914658778950674,0.002104710063983717
2021-10-20,13358.0691657606,0.04141956253970491,0.037399587599381334
2021-10-21,12784.47920493342,-0.04388876108032136,0.05203985108777509
2021-10-22,12584.721694219004,-0.015748358806664697,-0.022603951814492262
2021-10-23,12797.591532576032,0.016773477447404872,-0.005669927675857167
2021-10-24,12672.435023007793,-0.009827827753492002,0.008370309824965005
2021-10-25,13075.72527204256,0.03132831459969054,0.01846056797199047
2021-10-26,12669.20123994372,-0.03158352961801647,0.011961865117500636
2021-10-27,12092.755295787723,-0.04656741152818178,-0.030912869587796266
2021-10-28,12761.588411965196,0.053833216462049194,0.010491739524319144
2021-10-29,13134.208459369063,0.028780405512423002,0.05707750441800208
2021-10-30,12933.443327672268,-0.015403696736065342,-0.007363125765039058
2021-10-31,12916.797629643726,-0.0012878564928442415,-0.010446989964654207
2021-11-01,12950.830624071215,0.0026313207944923533,0.0044242708097392835
2021-11-02,13407.286661251545,0.03463841290860614,0.028177330890521546
2021-11-03,13548.193865424184,0.01045490452449549,0.03310310032749264
2021-11-04,13275.098274108404,-0.02036327433001084,-0.010765785623675583
2021-11-05,13251.791161854757,-0.0017572447238816125,-0.005093577616431588
2021-11-06,13389.900070898302,0.0103679713874687,-0.010938829914616477
2021-11-07,13693.344852371529,0.02240924089674401,0.02745357275218474
2021-11-08,14484.509680748022,0.056169842903223355,0.03392339026665603
2021-11-09,14304.84213587768,-0.012481689659509243,0.010708763754113448
2021-11-10,13774.019877704195,-0.037813890596908095,-0.012399024033989292
2021-11-11,13948.996102202302,0.01262334142424848,-0.0072156510015126685
2021-11-12,13774.08799891203,-0.012618395806340388,-0.005124931140255029
2021-11-13,13853.916047419165,0.005778793902328161,-0.006012472482185061
2021-11-14,13929.128757279132,0.005414301717099335,-0.008652444202681409
2021-11-15,13653.369762187303,-0.019995881302557805,0.01337956946420249
2021-11-16,12799.222616741625,-0.06460192417435096,-0.07914993018365024
2021-11-17,12803.744204006183,0.00035320807492489337,-0.026567919764202585
2021-11-18,12009.246868501245,-0.06406071866446794,-0.005495175696443866
2021-11-19,12577.635996013792,0.046243390542956675,-0.004081148384509348
2021-11-20,12926.031912143211,0.02732293970366584,0.036840057395204795
2021-11-21,12767.791138294138,-0.012317573313918473,0.009690892638760218
2021-11-22,12095.772377165751,-0.05406968112254695,-0.04101336376780118
2021-11-23,12522.052781416152,0.03463531117416174,0.008101068845332904
2021-11-24,12304.735292842986,-0.01750714095962458,0.012264304667160886
2021-11-25,12777.367146976225,0.03769124273771318,0.02842479065693837
2021-11-26,11600.951778550698,-0.09658826956557576,-0.03760888912144367
2021-11-27,11741.782036663992,0.012066450138641827,-0.025639358223218167
2021-11-28,12278.591496259807,0.044703622378802876,-0.00828666696600422
2021-11-29,12525.3435363458,0.019896857507429644,0.06421725073987439
2021-11-30,12571.134257999396,0.0036491792069952567,0.04070263922234574
2021-12-01,12583.362313584725,0.0009722362372652782,0.03315939298867043
2021-12-02,12488.66273116064,-0.007554238846097405,-0.03315939298867043
2021-12-03,11804.802934468184,-0.056314774241695176,-0.016889290347309682
2021-12-04,10979.472177828336,-0.07247911331292478,-0.10506174063319484
2021-12-05,11007.090173818984,0.0025122627243643336,0.034739305383627794
2021-12-06,11319.049430874637,0.027947470297315036,-0.006755152346146431
2021-12-07,11301.503313769696,-0.0015513432250742198,0.0516563366859657
2021-12-08,11428.899884808305,0.011209471639816115,0.0009191177117617855
2021-12-09,10817.247553912031,-0.055003369105193656,-0.015507775196514473
2021-12-10,10482.1179776594,-0.03147110044218593,-0.04924513119217089
2021-12-11,10881.960538452618,0.03743566616437022,-0.015806701046523486
2021-12-12,11041.530694225175,0.0145572593338823,0.012370271547942124
2021-12-13,10211.4449473628,-0.07815453615565637,-0.034775236432869505
2021-12-14,10531.065424668846,0.030820356036576513,-0.03470951897939578
2021-12-15,10775.23146584631,0.022920616550054618,0.018282044837448552
2021-12-16,10545.96748574507,-0.02150655949347602,0.043303385371640246
2021-12-17,10301.41471958431,-0.023462320794983782,-0.0365971440915569
2021-12-18,10482.738681923898,0.017448732144925927,0.007427361587140524
2021-12-19,10424.33996241278,-0.0055865166421167345,0.007119277463214502
2021-12-20,10484.101061422136,0.005716472278429308,-0.022288613203970797
2021-12-21,10840.484068840704,0.03342772581063436,0.0356271776431516
2021-12-22,10789.585328666304,-0.004706303358213759,0.0037429862788336266
2021-12-23,11221.153985761375,0.03921939813328379,-0.006496774475454714
2021-12-24,11145.808816670373,-0.006737209226781005,0.025248866023991567
2021-12-25,11198.20719729655,0.004690157458398403,-0.006129723741105764
2021-12-26,11215.05775361718,0.0015036238167276395,-0.0024624489172726527
2021-12-27,11212.860900468522,-0.00019590343531916687,0.004673480403942776
2021-12-28,10527.978654087208,-0.06302506715607237,-0.044920360912536594
2021-12-29,10114.614298955974,-0.04005500874201928,-0.031285137497034654
2021-12-30,10323.648503383612,0.020455896421882613,-0.019251931499320918
2021-12-31,10183.519892046836,-0.01366651793717466,0.009137392249437326
2022-01-01,10491.427065224025,0.02978773690537828,-0.002947088536249254
2022-01-02,10507.816286014027,0.0015609347292748765,0.011206093787876625
2022-01-03,10293.932668178975,-0.020564728091990503,0.00555630480933722
2022-01-04,10290.159211493596,-0.00036663815432902425,0.001318391753258652
2022-01-05,9665.768013320738,-0.06259744931692168,-0.008467899236293874
2022-01-06,9507.396973069275,-0.016520448481168515,-0.0932395108757671
2022-01-07,9039.235027857703,-0.05049557436518626,-0.058875860076684106
2022-01-08,8976.799994532497,-0.006931079251891958,-0.020316373102346574
2022-01-09,9004.235121301146,0.0030515649273432643,-0.010474623622673818
2022-01-10,8911.390882478652,-0.010364702854007035,-0.011230665128216799
2022-01-11,9243.652474639144,0.036606764177619766,0.015687851749545345
2022-01-12,9589.223731577436,0.036702842996303886,0.04685206169128797
2022-01-13,9284.779650135852,-0.03226347729453849,0.007850281861372821
2022-01-14,9430.856525126612,0.015610459620358341,-0.016068255367317263
2022-01-15,9465.98928113073,0.003718376796220113,0.016068255367317263
2022-01-16,9506.848556255634,0.00430714041216973,0.0021030501967782556
2022-01-17,9269.959737854286,-0.025233403246128105,-0.023073276164302214
2022-01-18,9219.827932131657,-0.005422661359039793,-0.029294709353013815
2022-01-19,9035.809429173189,-0.020160866728005544,-0.014012968151694949
2022-01-20,8789.799579526416,-0.02760359773460941,0.011479717905261921
2022-01-21,7733.791812804691,-0.12799263608779832,-0.1115800565209879
2022-01-22,7328.4962595265615,-0.05382892830121122,-0.13368332597671717
2022-01-23,7636.004362619785,0.04110413110186428,-0.004874095758245822
2022-01-24,7576.044009935814,-0.007883312193451175,-0.03775598834099991
2022-01-25,7637.504777858087,0.008079785083777935,0.023815623187004142
2022-01-26,7643.726210124088,0.0008142580417285217,0.037679158420802494
2022-01-27,7598.949021573869,-0.005875257023257419,-0.036853735344634764
2022-01-28,7801.143629291314,0.026260390993133598,0.006169051026715167
2022-01-29,7893.77704792995,0.011804391522309388,0.049590328148150675
2022-01-30,7851.760058417215,-0.005337015684164115,0.013563470866474248
2022-01-31,7987.078390255852,0.017087316691938526,-0.005403332328052457
2022-02-01,8174.869563831246,0.023239726543371475,0.06371581438610718
2022-02-02,7797.382735367457,-0.04727663052200093,-0.0061919702479205085
2022-02-03,7797.821166319815,5.6226382834978494e-05,-0.035326223958408676
2022-02-04,8609.272787182816,0.09899549643140837,0.06944696973133979
2022-02-05,8752.972409101216,0.016553493126879815,0.06195308431669044
2022-02-06,8923.450598082007,0.019289363558753436,-0.0016608540605709265
2022-02-07,9261.094835552234,0.037139564310908924,0.028835549639888214
2022-02-08,9239.67485610125,-0.002315578149339359,0.0048332621880184945
2022-02-09,9370.34542166258,0.014043263908504855,0.01436118506812889
2022-02-10,9097.10211787928,-0.02959404598673565,0.009774632451570398
2022-02-11,8737.598444481788,-0.04032053983265449,-0.04262782863875891
2022-02-12,8704.220379063909,-0.0038273653110447725,-0.042815904198507226
2022-02-13,8697.59128878324,-0.0007618851103394775,-0.004796172263493048
2022-02-14,8785.50519134216,0.010057102145966113,-0.006546104340441339
2022-02-15,9330.97795725789,0.060236601821626934,0.05938353560510823
2022-02-16,9192.880651960788,-0.014910485629743064,0.0183965168765976
2022-02-17,8469.05006027426,-0.08201099338261031,-0.03316298699289888
2022-02-18,8320.393378230894,-0.01770881417102288,-0.05573987741483233
2022-02-19,8325.308643934988,0.0005905747730459154,-0.030880892175333408
2022-02-20,7971.812109487182,-0.04338827625793584,-0.04309265511496285
2022-02-21,7663.642616782744,-0.03942442510847499,0.009737904665810149
2022-02-22,7910.078488797313,0.03165029630130789,-0.03953384454427944
2022-02-23,7726.68729379372,-0.02345748561848815,0.034302143523179396
2022-02-24,7842.319538732263,0.014854431294466508,-0.08113609901346841
2022-02-25,8168.493798414914,0.040749884140113934,0.07850994856400106
2022-02-26,8116.616086910166,-0.006371205027910776,0.046963875860354776
2022-02-27,7809.295319953028,-0.038598597387030864,-0.02173998663640564
2022-02-28,8801.42890583653,0.11959935210403749,-0.011049836186585615
2022-03-01,9004.148816501105,0.02277136676309155,0.08379633774198592
2022-03-02,8940.479668183705,-0.007096208823652361,0.010840214552865213
2022-03-03,8646.218561710128,-0.033467177039998575,-0.02940382772780392
2022-03-04,7985.203786376911,-0.07953176237475645,-0.0652327245670472
2022-03-05,8079.607301741985,0.011752967591782237,-0.02171556691014942
2022-03-06,7834.767196510375,-0.03077210798828034,-0.004172204041977601
2022-03-07,7738.353439851219,-0.01238223099286273,-0.0344128292908934
2022-03-08,7884.435746254189,0.01870172635424794,0.006665384410388775
2022-03-09,8468.768878667468,0.07149448983736306,0.05585497257094474
2022-03-10,8021.898973478133,-0.05420997370688241,-0.0342074322317103
2022-03-11,7923.957020510047,-0.012284468728260833,-0.012312583403182309
2022-03-12,7924.542171594672,7.384309111024834e-05,0.001160766235962285
2022-03-13,7716.377319870179,-0.026619553132793072,-0.00465117117573044
2022-03-14,8012.476268716554,0.03765486564374676,-0.005063301956546695
2022-03-15,8008.644561488606,-0.00047833198958002754,0.003897121066363418
2022-03-16,8367.507686903065,0.043834544294600875,0.04189493097007002
2022-03-17,8406.741407001708,0.004677859667264528,0.036980234247429244
2022-03-18,8629.98746583502,0.026209120267688846,0.019224515168629885
2022-03-19,8713.154497334099,0.009590842210656092,0.03431284461017814
2022-03-20,8500.583500775481,-0.024699086620167066,-0.016835992928379895
2022-03-21,8532.63523228925,0.0037634424645673903,0.002768167857612802
2022-03-22,8768.67326312917,0.027287262899978515,0.0336366006612705
2022-03-23,8908.22658494663,0.01578967153570332,-0.007377632390092259
2022-03-24,9146.214062327292,0.026364844793071995,0.03082265539787521
2022-03-25,9149.205293584784,0.000326992371801893,0.0213117526737161
2022-03-26,9235.459941003584,0.009383394170844994,-0.002879541263419938
2022-03-27,9659.21102177608,0.04486155359829169,0.015262617420141567
2022-03-28,9740.589749403684,0.00838969491702457,0.05464834152040687
2022-03-29,9883.696109047054,0.014584876866251761,0.018354570926575775
2022-03-30,9874.458778880648,-0.000935039824499384,-0.005589071763406395
2022-03-31,9552.858062948691,-0.03311111875683892,-0.007401958295668365
2022-04-01,9827.251866810926,0.028318945806930174,-0.006559355658730226
2022-04-02,9785.25241824739,-0.004282932169651588,0.039876288731843346
2022-04-03,9944.24355431523,0.016117449534801764,0.0025836098769289606
2022-04-04,9956.025623601075,0.0011841116878539282,-0.0011474470564767358
2022-04-05,9768.9858737162,-0.01896529754830567,0.002007169132642872
2022-04-06,9135.951444830074,-0.06699532244625672,-0.05838922472867303
2022-04-07,9257.756126392684,0.013244362138241428,-0.024282736078905742
2022-04-08,8978.475172331002,-0.030631635069768848,0.012676008345211542
2022-04-09,9126.64739240292,0.016368354067347823,-0.010810916104215806
2022-04-10,9031.486161497942,-0.010481484986778256,0.011732150623537052
2022-04-11,8381.396541822949,-0.0747023819628545,-0.0535898780173234
2022-04-12,8542.746445689732,0.01906800157693489,-0.024587372014366338
2022-04-13,8758.314779299873,0.024920955694346603,0.017111309240011252
2022-04-14,8502.353697000264,-0.02966047895480628,0.001629992210931519
2022-04-15,8621.848297992667,0.013956450717254043,-0.013775226023904352
2022-04-16,8639.44434571958,0.0020387874981508958,0.003955179842927592
2022-04-17,8435.052592248388,-0.02394231792859003,0.0029561525879877593
2022-04-18,8669.232166228987,0.027384273747339094,-0.029624399670148627
2022-04-19,8824.617204520817,0.01776500089171229,0.03746501481237896
2022-04-20,8770.877633743698,-0.00610835198044235,0.006487210554585232
2022-04-21,8542.368111301941,-0.02639860787356163,-0.0019417481829115957
2022-04-22,8442.08608380471,-0.011808821371442235,-0.03293020628604815
2022-04-23,8375.641506530748,-0.007901771822487191,-0.00908027089800445
2022-04-24,8353.899788941591,-0.002599202147324675,-0.004740950295530233
2022-04-25,8566.350959280278,0.025113379126612045,-0.018154292046440368
2022-04-26,8027.061098143571,-0.06502337885233267,0.016795596185247064
2022-04-27,8243.271776277796,0.026578854642375305,-0.02652127201254295
2022-04-28,8337.308828141011,0.011343156478650585,0.017644463979709535
2022-04-29,8076.111613774727,-0.03182996103749858,-0.0148560341492594
2022-04-30,7820.185028301115,-0.03220230559749204,-0.021105250489433125
2022-05-01,8031.457585822905,0.026657813838079747,-0.012520285175567025
2022-05-02,8052.009112962035,0.002555610517239515,0.01995789693633654
2022-05-03,7885.2503322594,-0.02092767172103649,-0.0035348216374933017
2022-05-04,8335.130945747647,0.05548525860734088,0.009866182921054012
2022-05-05,7709.520702777478,-0.0780232064420403,0.0035001785822093012
2022-05-06,7605.374775306945,-0.013600815368670638,-0.05383431105610992
2022-05-07,7456.570863756703,-0.019759565818846525,-0.01298960553993389
2022-05-08,7126.574645059036,-0.04526493424494937,-0.046644540882547325
2022-05-09,6245.483984874467,-0.13197206439831,-0.06341716705034539
2022-05-10,6411.678535021943,0.02626245843644348,-0.016821254490142934
2022-05-11,5717.101244028518,-0.11465919717252326,-0.0327615506752954
2022-05-12,5654.112397714513,-0.011078763017355442,-0.15312870733156547
2022-05-13,5775.596270530739,0.021258362985516754,0.05707328934532363
2022-05-14,5950.662790096395,0.029861105261014487,-0.026889911522225418
2022-05-15,6198.4327788757455,0.040793875849438166,0.023023304481578855
2022-05-16,5884.637431789219,-0.05195135255422123,-0.011690342585287894
2022-05-17,6044.866733710806,0.026864308175841956,0.013142072818475015
2022-05-18,5621.74124883172,-0.07256799144739823,-0.027949845855667732
2022-05-19,5929.251706379097,0.053256570581927676,-0.02059856804061777
2022-05-20,5729.668305483595,-0.034240375551913615,0.015613512851698985
2022-05-21,5786.950055293257,0.009947750352944595,-0.015106027431013302
2022-05-22,5967.560383186941,0.030732805799731366,0.01610502851309814
2022-05-23,5741.448605142847,-0.03862664912821856,0.018793827144026665
2022-05-24,5820.095024886193,0.013605040184680561,-0.03540634107781049
2022-05-25,5775.840680612266,-0.007632770696474722,0.0015216842905809713
2022-05-26,5595.513370582565,-0.031718725416343574,-0.05148004322424793
2022-05-27,5423.373367960759,-0.031247078338985546,-0.061058280400497544
2022-05-28,5565.64259986474,0.025894435276688554,0.004527455384963908
2022-05-29,5623.976349017518,0.010426499397816258,0.0123458358222992
2022-05-30,6081.265735275101,0.07817390532273549,0.06006674174617732
2022-05-31,6067.829675556058,-0.0022118626519098683,0.033568863287815276
2022-06-01,5675.343675115502,-0.06686987077808482,-0.03567191348459353
2022-06-02,5769.810114034469,0.01650804977348841,-0.04191908733462846
2022-06-03,5597.67085714915,-0.030288577942174655,-0.01827799431118482
2022-06-04,5638.374895082343,0.007245291963256406,-0.008983777434511175
2022-06-05,5653.925381254268,0.0027541768499297348,0.015113637810048708
2022-06-06,5886.618702392706,0.04033169685306781,0.04135518568191365
2022-06-07,5840.308440987434,-0.007898147840066372,-0.05252848628003903
2022-06-08,5687.74981294117,-0.026468904216066846,0.013393057336437586
2022-06-09,5670.66621969855,-0.003008096564780516,-0.0027754666720349874
2022-06-10,5416.914960332702,-0.04578015201446384,-0.0310496294816085
2022-06-11,5184.103127956571,-0.04392960552548075,-0.08680289163497079
2022-06-12,4924.261723975627,-0.05142249273617594,-0.07598590697792229
2022-06-13,4133.188849707899,-0.17512513200998114,-0.15201620729862508
2022-06-14,4119.302126823397,-0.003365465295546599,-0.06323013419179624
2022-06-15,4223.337772634206,0.02494199448059753,-0.04887384967933439
2022-06-16,3778.805005499042,-0.11121793326255869,0.007005282588409045
2022-06-17,3828.6899482136073,0.013114871066731482,-0.05193646985879763
2022-06-18,3539.8203717156066,-0.07844671120028579,-0.07538140706227914
2022-06-19,3857.1003590772175,0.08583971546627644,0.018655425661501468
2022-06-20,3885.390136581853,0.007307701163025371,0.07313473606717036
2022-06-21,3903.5514201002607,0.0046633592764546705,0.03465473390606011
2022-06-22,3746.4449665518287,-0.041079377892629054,-0.0519830288671308
2022-06-23,3983.102358254246,0.061253621234540034,0.013705102591649698
2022-06-24,4131.2078164128125,0.03650881105986059,0.07092687426552757
2022-06-25,4148.526566847737,0.004183413353889165,0.027513198547725715
2022-06-26,4049.8196583751,-0.024080875735700502,0.015504186535965303
2022-06-27,4001.376988136248,-0.012033802416201667,-0.020450610471291597
2022-06-28,3871.890084867306,-0.03289576707583031,-0.01582706923548649
2022-06-29,3809.589630258251,-0.016221307094721027,-0.058789614616856944
2022-06-30,3636.247877755489,-0.04656912755236142,-0.07007474386790591
2022-07-01,3684.6497152023376,0.013223116998597462,0.017984393855252634
2022-07-02,3662.066370143943,-0.006147894086865335,-0.011320875624481808
2022-07-03,3676.082129194264,0.0038199761411199518,0.007561472700576388
2022-07-04,3872.5806946165126,0.052073584708249854,0.025105921131076236
2022-07-05,3842.1742923179663,-0.007882702638454475,0.03960913809504607
2022-07-06,3946.12119723948,0.026694692762657013,0.007912129187949368
2022-07-07,4138.298253836129,0.04755153245813126,0.04870676481155822
2022-07-08,4154.350357697837,0.0038714106101664925,0.029583094034563828
2022-07-09,4108.830121581489,-0.011017718106268504,-0.013040119580806753
2022-07-10,3958.896163044191,-0.03717310633566662,-0.029977265502884265
2022-07-11,3772.1834114167495,-0.04831125166650452,-0.033522692038643775
2022-07-12,3646.6684400679846,-0.033839993403688595,-0.06593810149199442
2022-07-13,3815.841147216108,0.04534712999844537,-0.004679465721959097
2022-07-14,3944.719598146978,0.03321674935737917,0.05475820397384634
2022-07-15,4001.995788236844,0.01441530975748151,0.08017932902766667
2022-07-16,4167.619294691333,0.0405517764876393,0.029877070862944777
2022-07-17,4114.478125850364,-0.012832956541243945,0.07433524488197296
2022-07-18,4501.804005587909,0.08996620287914148,0.07262977528441095
2022-07-19,4624.697501630602,0.02693275720059951,0.05997800039073553
2022-07-20,4595.987438023109,-0.006227337031040392,0.009014871096216126
2022-07-21,4620.371937835979,0.0052915811368130505,-0.024660561821951532
2022-07-22,4513.929266523035,-0.023307199405691037,0.039928033952739916
2022-07-23,4508.092087429624,-0.0012939849461410802,-0.026224720011210678
2022-07-24,4584.887410839222,0.01689152590208387,0.032518006986999914
2022-07-25,4268.096409454157,-0.07159762733740038,-0.04425217030864825
2022-07-26,4226.881982067456,-0.009703320918177383,-0.08266910445575615
2022-07-27,4624.671638973843,0.08994077029236713,0.06213178110700657
2022-07-28,4821.725265783046,0.04172643151142452,0.10956851705803139
2022-07-29,4908.473232469981,0.017831139857369394,0.028970397297113593
2022-07-30,4807.057688241113,-0.02087775311205675,-0.0023337233462203955
2022-07-31,4760.558466154323,-0.00972020353844627,-0.004683849312426602
2022-08-01,4709.976850105324,-0.010681993219346708,-0.02315330497471635
2022-08-02,4682.025945727187,-0.005952082320336061,-0.03297001923757037
2022-08-03,4643.484146934213,-0.008265932449630142,0.019059906835399154
2022-08-04,4621.97219082976,-0.0046434830565313945,-0.013488861785943662
2022-08-05,4797.498874561743,0.03727321917340376,0.030397477184370914
2022-08-06,4751.00701467881,-0.009738115643859402,0.028919099972048556
2022-08-07,4790.8701841575175,0.00835546309478552,-0.014059985568298572
2022-08-08,4941.2093081017565,0.03089803869014318,0.0359250683725465
2022-08-09,4796.449973392575,-0.029734045045755053,-0.014330999064716465
2022-08-10,5015.861481058836,0.04472913212389429,0.013192046777585453
2022-08-11,5040.533515385009,0.0049067451776725335,0.0746369327584917
2022-08-12,5167.435573913695,0.02486461223378278,0.0031679012765568615
2022-08-13,5189.100067522176,0.004183739806290276,0.04484131790980328
2022-08-14,5137.445083734168,-0.010004394280423767,-0.004546610509595261
2022-08-15,5092.19971325594,-0.008845989556636624,-0.027202087804984565
2022-08-16,5038.143252589242,-0.010672288968645915,-0.019438489648126556
2022-08-17,4917.505262557243,-0.02423627049270749,-0.007454773608022158
2022-08-18,4891.100654938428,-0.0053839804808060165,-0.0075107649213830285
2022-08-19,4379.633493429142,-0.11045231738100902,-0.06737866613241028
2022-08-20,4374.723914958128,-0.0011216309219950205,-0.07039279760185924
2022-08-21,4495.605231577195,0.027256891705922826,-0.0068217318809242755
2022-08-22,4444.946209921817,-0.011332536734146359,-0.01694423971649961
2022-08-23,4513.819836349121,0.015375997765531224,0.02808296874282501
2022-08-24,4482.346645555448,-0.00699705130271866,0.015267472130788384
2022-08-25,4551.656601461504,0.015344540831593534,0.027497249457222317
2022-08-26,4187.143575374907,-0.08347247773191491,-0.03969252255104028
2022-08-27,4161.320638852856,-0.006186292044491282,-0.0884625130371024
2022-08-28,4061.139144018477,-0.024368973552080675,-0.004029555486001257
2022-08-29,4252.507182006461,0.046045222573230404,-0.0006731740409042786
2022-08-30,4163.346167795167,-0.021189615975208298,0.04412964950636411
2022-08-31,4195.528817491232,0.007700272769465499,0.015979886219874118
2022-09-01,4240.284598977772,0.010610998420556683,-0.012121360532344916
2022-09-02,4206.963568239598,-0.007889244616462676,0.02221608347935522
2022-09-03,4184.206973767052,-0.005423951318533682,-0.02221608347935522
2022-09-04,4229.258971328133,0.010709600171798783,0.0012828738128893846
2022-09-05,4233.010313858923,0.0008866044438207155,0.012739025777429802
2022-09-06,4055.853284371095,-0.042752304929990714,0.03421795731034116
2022-09-07,4188.145703305683,0.03209698992595911,-0.055325232758288045
2022-09-08,4196.171058324221,0.0019143736329780836,0.05226244322774232
2022-09-09,4529.90223106538,0.0765279000145167,0.04145982787112423
2022-09-10,4630.429468616793,0.021949264881245156,0.018081565819891843
2022-09-11,4608.143780744763,-0.004824496271634615,0.020029281875572735
2022-09-12,4642.088011009727,0.007339142064873627,-0.017719812026910198
2022-09-13,4240.409277866241,-0.09050447500624692,-0.04240918192509291
2022-09-14,4301.709024059686,0.01435259880993911,-0.03801806718752143
2022-09-15,4102.4178871428485,-0.04743586273380984,-0.02403657782824098
2022-09-16,4081.601654423757,-0.005087054717737516,-0.0709611507940382
2022-09-17,4179.069830582016,0.023599219462221654,-0.007588860152822008
2022-09-18,3955.275500916567,-0.055038435519390916,-0.016760168857464564
2022-09-19,4019.097557253464,0.01600713149904287,-0.06547792937950714
2022-09-20,3895.956257493485,-0.031118231009745756,0.01714540695498812
2022-09-21,3789.0126370696153,-0.02783369094445831,-0.017897569457542062
2022-09-22,4001.909832614658,0.05466623809661897,-0.033668061383925085
2022-09-23,4014.0344040267264,0.0030251160188878856,0.02231720171523488
2022-09-24,3944.9077340877966,-0.017371255385164375,0.012103022171244149
2022-09-25,3901.472262083548,-0.011071580962823901,-0.011342276603934387
2022-09-26,3973.381490449076,0.018263507977533067,-0.002283975107831182
2022-09-27,3955.162083599835,-0.00459591064837106,0.036667033147431916
2022-09-28,4010.181691314823,0.013814967520108468,-0.03742951888776602
2022-09-29,4031.8095298961935,0.005378740197313547,0.015140334631412067
2022-09-30,4015.1835355292674,-0.004132231229631245,0.004497758706831334
2022-10-01,3976.1276332812927,-0.009774669609550202,-0.01052641298698731
2022-10-02,3920.0399075381206,-0.014206554960013662,-0.015232586990110875
2022-10-03,4021.937602951965,0.025661943049785307,0.0007671653617533636
2022-10-04,4165.269793317652,0.035017272532916977,0.030213778596496432
2022-10-05,4130.940416283849,-0.008275965074592051,0.002229655327268709
2022-10-06,4094.729795747829,-0.008804353569447088,0.013274531208696594
2022-10-07,4018.5708801306255,-0.01877439421374838,-0.01476041558312069
2022-10-08,4000.0056782553447,-0.004630556287164467,-0.012719961999560603
2022-10-09,4011.578554122328,0.0028890375687922187,-0.006042314455962483
2022-10-10,3930.9872486201903,-0.02029421561756095,-0.0045558165358610125
2022-10-11,3897.057455722865,-0.008668832808217175,-0.023874834428919023
2022-10-12,3921.536835301984,0.00626185696712156,0.009309609518001416
2022-10-13,3939.7446745707057,0.004632291008705991,-0.017920230233570145
2022-10-14,3915.049285561234,-0.006287999533503452,0.03400636798519496
2022-10-15,3887.1848122536617,-0.007142721283425857,-0.02150620522096336
2022-10-16,3932.39393988304,0.011563188451432893,0.0
2022-10-17,3997.986250837623,0.01654241162613168,0.0222657950789813
2022-10-18,3945.614738613193,-0.013186027625790686,0.0037893186683506386
2022-10-19,3884.3537137059793,-0.015648153713634372,-0.01755100374103158
2022-10-20,3862.122127558376,-0.005739809337523383,-0.006952519314881833
2022-10-21,3904.094849022344,0.010809157214309195,-0.0015515906914185251
2022-10-22,3920.000212772006,0.004065744481385636,0.013878403172077114
2022-10-23,4011.23112489503,0.023006499808010616,0.009146405226076126
2022-10-24,3955.534484180299,-0.013982474414445889,0.020278576973487006
2022-10-25,4174.780652035997,0.053946085013627965,0.03219005071840453
2022-10-26,4355.756058769998,0.04243638381380954,0.0947209624642884
2022-10-27,4252.283394658888,-0.024042094311608864,0.015594857957906605
2022-10-28,4349.914849649696,0.022700162125495638,-0.014940193450073025
2022-10-29,4464.268446171221,0.025949088946138232,0.05103148001244584
2022-10-30,4419.410293860044,-0.010099089552015883,-0.002490661312451792
2022-10-31,4422.472946858178,0.0006927603627513435,-0.013178728545447882
2022-11-01,4435.21321574367,0.0028766604364331982,0.0006315124933591321
2022-11-02,4320.234166955485,-0.026266084208403484,-0.013986241974739855
2022-11-03,4337.42812830334,0.003971969191351121,-0.012886776276356926
2022-11-04,4598.620406433106,0.05847477157549541,0.03504659409173794
2022-11-05,4604.963446630605,0.0013783850515309837,0.027178942875078604
2022-11-06,4479.945537703415,-0.027523842328742276,-0.014114993471654458
2022-11-07,4418.501496170301,-0.013810278999521586,-0.02313326040896424
2022-11-08,3938.418528632282,-0.11502135653101142,-0.08030628868668721
2022-11-09,3268.3402767924827,-0.18649695861708437,-0.16263988992370226
2022-11-10,3737.23765750936,0.1340644488397409,0.043399315534554894
2022-11-11,3635.062320799156,-0.02772048879496758,0.024410060198569283
2022-11-12,3564.545042450017,-0.01958982759119543,-0.007564332588926526
2022-11-13,3465.5922973276365,-0.028152872682865038,-0.0594389165386735
2022-11-14,3544.3985287567207,0.02248492288794246,-0.009716675638572703
2022-11-15,3581.369327929629,0.010376743014173684,0.024116924478312818
2022-11-16,3510.5051593090648,-0.019985273962229044,-0.023303585677884264
2022-11-17,3501.578147903981,-0.0025461808814348785,-0.020534602441707683
2022-11-18,3512.6625243052404,0.0031605375823478,0.007441125694688466
2022-11-19,3518.0185226266453,0.0015236075486182443,-0.00412712100465118
2022-11-20,3384.143482304753,-0.038797070349509966,-0.014161002989497185
2022-11-21,3283.5289457596405,-0.03018209892342405,-0.06141142455313542
2022-11-22,3374.849227994699,0.0274319080099108,-0.010762435721792585
2022-11-23,3504.4789608377787,0.037691203329902834,0.046683950061488844
2022-11-24,3521.932247266598,0.004967919413708444,0.031345217615657894
2022-11-25,3522.120162767292,5.335437325015846e-05,-0.0075345689219394885
2022-11-26,3519.322245473548,-0.0007947000852333019,0.020790769669074116
2022-11-27,3524.0896880319806,0.0013537312119478173,0.0
2022-11-28,3447.230896254046,-0.022050888394071322,-0.03603238563769118
2022-11-29,3523.633712635809,0.021921491886608635,0.02859740715017356
2022-11-30,3695.993527434922,0.04775664066679042,0.05328136661293659
2022-12-01,3626.1365760879817,-0.01908162514779832,0.007050557996666207
2022-12-02,3656.818205724938,0.008425649222694176,0.0
2022-12-03,3605.9512102291264,-0.014007832091925465,-0.005479465764625324
2022-12-04,3658.25393621337,0.014400372446692344,-0.008671713781617463
2022-12-05,3616.968046265304,-0.01134984836128261,0.014151179546242787
2022-12-06,3633.996356670923,0.004696848795168407,-0.018117864636348457
2022-12-07,3566.974797481982,-0.018615126520741043,-0.01360565205577835
2022-12-08,3661.313541099551,0.026104133152536235,0.004823160475429411
2022-12-09,3630.0709937866222,-0.008569768435618741,0.02377291035250284
2022-12-10,3627.115302737588,-0.0008145556946423937,-0.007072721035368268
2022-12-11,3613.60097148676,-0.003732875707816774,0.003935463560235775
2022-12-12,3627.337451465624,0.0037941205006717382,-0.015037877364540542
2022-12-13,3731.949758043943,0.028431925718948037,0.03217225294077153
2022-12-14,3714.815518773356,-0.004601801955802287,0.02214676236331581
2022-12-15,3607.749548001044,-0.02924483441535841,-0.031456371881317224
2022-12-16,3376.839946649102,-0.06614383889732167,-0.04300025504960203
2022-12-17,3442.9977434526545,0.019402183803510553,-0.04238274535450248
2022-12-18,3448.2672135407133,0.0015293189706007126,0.005080451232418959
2022-12-19,3366.1184162274217,-0.024111572672254056,-0.002536999246588678
2022-12-20,3478.7206900206484,0.032904333135208574,0.02177640490016941
2022-12-21,3450.8688118470704,-0.008038579527806178,0.00495868784651865
2022-12-22,3462.7347435637967,0.0034326363300909435,-0.003303058329257702
2022-12-23,3464.2895029883925,0.0004488967831974833,0.009057287112510082
2022-12-24,3469.740202141724,0.0015721594823858709,0.0
2022-12-25,3461.400712154443,-0.0024063842056243345,-0.0024620447397758483
2022-12-26,3482.9293855816354,0.0062003799059411335,0.001642036493744392
2022-12-27,3449.127662969957,-0.00975236939848756,-0.0008206812114286421
2022-12-28,3398.690567329413,-0.014731117572416963,-0.017391742711869718
2022-12-29,3419.483911513764,0.0060994064358368405,0.0
2022-12-30,3411.9526025711607,-0.0022048984802083282,-0.0016722411923622005
2022-12-31,3401.09832830201,-0.0031863209485969435,0.0033416906619034847
2023-01-01,3412.0001721798703,0.0032002628999201477,-0.0008343763521194703
2023-01-02,3442.189577413085,0.008809093871354534,0.01161838795386494
2023-01-03,3437.894120913789,-0.0012486641865852022,0.0016488049901841606
2023-01-04,3510.8117207338137,0.02098816043251439,0.028422538506133854
2023-01-05,3498.768981339734,-0.003436083199451545,0.0023990415344661287
2023-01-06,3537.74008829146,0.011076943137714679,0.0023932999058402515
2023-01-07,3532.690459077438,-0.00142837979631949,0.007936549595736864
2023-01-08,3581.1202667892667,0.013615924794665446,0.0007902015425003128
2023-01-09,3635.78882341199,0.015150420112563623,0.0402531123583314
2023-01-10,3682.43882933472,0.01274916277913718,0.009815103332659447
2023-01-11,3806.7020120018383,0.03318794259290847,0.0037495357014787345
2023-01-12,3941.680381875855,0.03484392461853858,0.04964523048916547
2023-01-13,4102.888656119639,0.04008415065481152,0.0085106896679088
2023-01-14,4348.232831925596,0.05807824112185678,0.08134563945395268
2023-01-15,4312.689368116083,-0.008207824185568313,0.0006508298309784166
2023-01-16,4367.764635381616,0.012689660309007422,0.016134586861035416
2023-01-17,4358.067540149796,-0.0022226187780720608,0.006381642589520453
2023-01-18,4198.305919871255,-0.03734764286228831,-0.003824096438403757
2023-01-19,4278.494153487432,0.01892002287926786,-0.021950526250211766
2023-01-20,4578.507517522859,0.06777196109406525,0.02641055275774118
2023-01-21,4554.0044653068535,-0.005366127317396163,0.04960719476274633
2023-01-22,4562.5382585556445,0.0018721561451169322,-0.014011804020215735
2023-01-23,4606.974553587822,0.009692258204694326,0.0006133088202053827
2023-01-24,4481.200577472782,-0.027680365946920915,-0.0055333679456550655
2023-01-25,4611.184844182268,0.028593843509097994,-0.040899062841360134
2023-01-26,4590.975443761704,-0.004392323602070647,0.03223027790491351
2023-01-27,4602.415523999619,0.0024887631088379436,-0.01440676342753111
2023-01-28,4567.067143567332,-0.007710043591337978,0.0
2023-01-29,4734.167137241007,0.0359345801880373,0.01689123675519255
2023-01-30,4526.616663487785,-0.04483102913684789,-0.008097210232619112
2023-01-31,4603.08717258954,0.016752415823917843,-0.01322021142813501
2023-02-01,4728.398493172402,0.026859357350319968,0.007575793808458187
2023-02-02,4713.62668860993,-0.0031289509040313135,0.0502864984303697
2023-02-03,4736.01822490098,0.004739136423511425,-0.013245226750020933
2023-02-04,4724.866033632859,-0.002357537864046577,0.0108500160240661
2023-02-05,4637.647869692322,-0.018631894800311244,-0.009638628837769225
2023-02-06,4587.466707626314,-0.010879356911976501,-0.010955678660974577
2023-02-07,4769.440653532467,0.03890107845279367,0.004274815670142651
2023-02-08,4701.292280098422,-0.014391610478238448,0.01571979166070303
2023-02-09,4437.844391841945,-0.05766866291648576,-0.02859945452436463
2023-02-10,4394.184553242291,-0.009886786945800807,-0.051943278160840656
2023-02-11,4452.8471236785,0.013261720391792409,-0.01045761164395742
2023-02-12,4418.79597020954,-0.007676440614565294,0.007853443505569935
2023-02-13,4389.302032839931,-0.00669702984535725,-0.023747817850036768
2023-02-14,4494.362472625857,0.023653603320315852,0.016551188817997442
2023-02-15,4870.656068940649,0.08040481691033996,0.036742773125850725
2023-02-16,4770.069345427365,-0.020867801815954934,0.06730368189610658
2023-02-17,4938.301967519067,0.034660698219232344,-0.010110106930295792
2023-02-18,4934.360695722816,-0.0007984212851290806,0.01306431882772685
2023-02-19,4895.520786406736,-0.007902457727915646,0.0005897965372980707
2023-02-20,4959.300795930537,0.012944100411235837,0.0005894488823781074
2023-02-21,4859.973449332732,-0.020231787440224025,-0.00828407104342066
2023-02-22,4827.846036527787,-0.006632561770548051,-0.028935110859451996
2023-02-23,4788.148660925484,-0.0082565771651808,0.013365934095208587
2023-02-24,4649.888901580848,-0.029300508680798032,-0.014589924456097414
2023-02-25,4636.416276242408,-0.002901613619847865,-0.021665966644245138
2023-02-26,4729.471472285525,0.019871743225158056,0.007481331652289036
2023-02-27,4719.474434290226,-0.0021160120555858697,0.017241806434506124
2023-02-28,4632.789407009563,-0.018538294323713345,-0.0048959706122069235
2023-03-01,4754.012511768591,0.025829850368094043,0.010375436376832248
2023-03-02,4710.165480343307,-0.009265959532799073,-0.0018231545615154943
2023-03-03,4501.103980236137,-0.04540034561258466,-0.04414767255784735
2023-03-04,4492.122812362561,-0.001997318885957,-0.0025461503252453
2023-03-05,4493.376004477836,0.00027893657301625296,0.0019102202561196435
2023-03-06,4493.044472966678,-7.378499863186505e-05,-0.0019102202561196435
2023-03-07,4461.426218803184,-0.0070620334038817845,-0.0019138761822841133
2023-03-08,4385.196091069271,-0.01723415148777363,-0.0051216501200546105
2023-03-09,4070.8897647543176,-0.07437275244579844,-0.024034934171401012
2023-03-10,4054.460139314087,-0.004044046847329952,-0.07365290957476489
2023-03-11,4103.619104498458,0.01205174863349967,0.023777343946956186
2023-03-12,4408.520408529219,0.07166983212668754,0.026595498646220683
2023-03-13,4761.831557696353,0.07709325036949366,0.08695529645797162
2023-03-14,4860.353678456761,0.020478833346825098,0.0481730706601855
2023-03-15,4767.933438529107,-0.019198238983992866,-0.011232751862968016
2023-03-16,4899.240648886731,0.027167253867025565,-0.014371504837653148
2023-03-17,5272.526412295572,0.07342941931004532,0.03787434929243538
2023-03-18,5199.69842906782,-0.013909013307035423,0.045410753180607166
2023-03-19,5388.321240795017,0.0356332488036184,-0.00556484463340734
2023-03-20,5269.689906911123,-0.022262358670499083,-0.013483350337287092
2023-03-21,5410.468208100673,0.02636411442029818,0.00282406287661896
2023-03-22,5233.879735881475,-0.03318280768280246,0.006745388139531627
2023-03-23,5429.0932170838805,0.03661929862222735,-0.007309563048712775
2023-03-24,5265.0365219155165,-0.030684042690477753,0.007309563048712775
2023-03-25,5271.768045254515,0.0012777164484525372,-0.020374219195137044
2023-03-26,5346.943737036032,0.014159334822569036,0.009106494348794847
2023-03-27,5176.932792140347,-0.0323123777423131,-0.011969364898472001
2023-03-28,5261.618995844213,0.01622601745085106,-0.004597709248629123
2023-03-29,5419.191257577833,0.029507816571404888,0.03564733873023762
2023-03-30,5375.146010668264,-0.00816085142867351,-0.0022259330281544365
2023-03-31,5466.273696295785,0.016811420334002847,0.009426185680545096
2023-04-01,5450.165891324711,-0.0029511117671852105,0.006600684031352166
2023-04-02,5391.505237430404,-0.010821436223949377,-0.007152712750863266
2023-04-03,5373.058684498352,-0.003427276965844328,-0.007204242851847731
2023-04-04,5451.458807082408,0.014485910084665932,0.02417700178368687
2023-04-05,5494.933943044194,0.007943322617336435,0.0352036351929792
2023-04-06,5433.6962777006775,-0.011206950008860517,-0.014252022707201384
2023-04-07,5415.3169568837,-0.0033882046232864838,-0.008542497223114509
2023-04-08,5405.98997587366,-0.0017238182740086927,0.002142475377647557
2023-04-09,5462.623319037329,0.010421542141227036,-0.009677494882065929
2023-04-10,5669.646977842693,0.037197718663575685,0.010747013700592056
2023-04-11,5728.376827315853,0.010305359988281637,0.02219964316616352
2023-04-12,5704.956459160418,-0.004096863150307328,-0.01156690078179512
2023-04-13,5846.31956149534,0.024476977232399832,0.04042000998066797
2023-04-14,5934.775501120516,0.015016872613445642,0.06345871031711692
2023-04-15,5925.136561195945,-0.00162546602305369,-0.0019083975257601082
2023-04-16,5947.956760910696,0.003844023995416279,0.004288784272217683
2023-04-17,5796.865062743439,-0.025730494051542152,-0.0071582267001710775
2023-04-18,5941.828020702181,0.02469956862036149,0.002391773443470413
2023-04-19,5590.972480441035,-0.06086359370804573,-0.035500932050749334
2023-04-20,5510.260062892157,-0.014541419516840293,-0.03578109088768944
2023-04-21,5313.526106058709,-0.036356155422696546,-0.021785093907142006
2023-04-22,5428.236704381218,0.02135868407543029,-0.023343234998829843
2023-04-23,5370.131650023969,-0.010761924997376937,0.0005366246439475475
2023-04-24,5345.305090254593,-0.004633801644178703,-0.008079763858411582
2023-04-25,5478.683134367481,0.024646145725535362,-0.00869098354742004
2023-04-26,5467.049519433057,-0.002125690382356993,0.032208903369618014
2023-04-27,5639.542221131882,0.031063817997406318,0.0
2023-04-28,5610.820241258386,-0.0051059763399390334,0.004743091896012963
2023-04-29,5601.985926105544,-0.0015757548733024151,-0.000525900616906938
2023-04-30,5614.611927481223,0.0022513077268673243,0.002101945072372935
2023-05-01,5410.117532391398,-0.03710165461489723,-0.03308732989097862
2023-05-02,5499.280106791062,0.016346376348730374,0.001084598804804493
2023-05-03,5569.100449792621,0.012616347759964341,0.012389062314160704
2023-05-04,5527.855860944235,-0.007433529990667154,0.013294532420534466
2023-05-05,5703.82587859544,0.031337144686546026,0.020392863563140295
2023-05-06,5539.949265415457,-0.029151813603101928,-0.001554001866733934
2023-05-07,5507.946697604922,-0.005793439298962255,-0.01147040730531046
2023-05-08,5332.611134939625,-0.0323508913472601,-0.026569044247712448
2023-05-09,5323.799358752752,-0.0016537985657496534,-0.007025157236166812
2023-05-10,5324.645188403531,0.00015886445176249708,0.0027078272705853834
2023-05-11,5205.80507050107,-0.022571715456811248,-0.01855948468817381
2023-05-12,5195.053137759695,-0.002067509498946407,-0.02172182314683546
2023-05-13,5194.370657669214,-0.0001313797771462788,0.013978421623840553
2023-05-14,5204.031410201749,0.0018581230556495854,0.0011098780273615105
2023-05-15,5258.881225526585,0.010484712947519625,0.012128042813274398
2023-05-16,5244.65953541037,-0.002707981837883011,-0.0038429912791677623
2023-05-17,5289.557133377349,0.008524197145456824,-0.002202644062342607
2023-05-18,5212.449990801766,-0.014684531679534985,0.0005511160238693691
2023-05-19,5223.607773212603,0.0021383144698159384,-0.003864205746829441
2023-05-20,5253.82487459441,0.005768051425469878,0.003864205746829441
2023-05-21,5198.652627119245,-0.01055687704022823,-0.001102535944100147
2023-05-22,5224.883704378925,0.005033058224872988,0.0
2023-05-23,5300.330771510359,0.014336688261566977,0.020202707317519497
2023-05-24,5146.396584746355,-0.029472450835109854,-0.01910017137341935
2023-05-25,5161.212751888152,0.0028748038195729464,-0.01219527309381796
2023-05-26,5218.013652764152,0.010945221871585531,0.013846801132291198
2023-05-27,5238.1660529176415,0.003854643985324202,0.005485477276670814
2023-05-28,5468.057012829284,0.04295189826937573,0.01250356055940216
2023-05-29,5411.689544630853,-0.010362001036101631,0.026127852581034894
2023-05-30,5418.9284488422,0.0013367483358095456,0.0021030501967782556
2023-05-31,5337.262287316763,-0.015185251511187658,-0.016415512907221874
2023-06-01,5269.737786771729,-0.012732235744257636,-0.004280370366172903
2023-06-02,5367.818802605589,0.01844103851176726,0.012786535423593648
2023-06-03,5333.174860468648,-0.006474924528300008,0.005806297653022874
2023-06-04,5364.040174936359,0.005770735657893766,0.0005261773338967046
2023-06-05,5078.322992469986,-0.05473636762957668,-0.026113927282303884
2023-06-06,5306.080792435924,0.04387239472137772,-0.00922165471745462
2023-06-07,5131.38141205532,-0.03347857818234701,0.014069496153580552
2023-06-08,5165.422953464555,0.006612083559986104,-0.008634700167623244
2023-06-09,5146.669462586329,-0.003637188418405657,-0.0016273396593753375
2023-06-10,4966.143179133477,-0.03570628062316494,-0.043267980248515414
2023-06-11,4969.964950427047,0.0007692693018643837,-0.005685063634608412
2023-06-12,4960.30711815247,-0.0019451300534232274,-0.006865015519680107
2023-06-13,4960.098450564663,-4.206835827247346e-05,0.0011474470564767358
2023-06-14,4783.327094829713,-0.03628924012413037,-0.008638118785634141
2023-06-15,4843.03166489075,0.012404552359978283,-0.047374163123691915
2023-06-16,4978.181465724079,0.02752375514151595,0.019219810849016916
2023-06-17,5016.058174736522,0.007579744276220879,0.02988795571376457
2023-06-18,4992.248676390722,-0.004757956289083154,0.0011540682181063744
2023-06-19,5057.001463171893,0.012887266625234872,-0.004045079193808476
2023-06-20,5287.10902924571,0.044497887745325926,0.009221967373342466
2023-06-21,5594.850907628182,0.05657509479958733,0.05252603969510439
2023-06-22,5555.001106758641,-0.007148071650613375,0.03266689395474831
2023-06-23,5656.278543267337,0.01806755244882119,-0.005282632464427728
2023-06-24,5619.340421273061,-0.006551880521621811,-0.00052980133689573
2023-06-25,5632.87475285831,0.0024056308740636467,0.006865619785981991
2023-06-26,5561.182251812318,-0.012809204252445028,-0.013245226750020933
2023-06-27,5644.9894080634585,0.014957600383484149,0.0010660981819974324
2023-06-28,5507.886845054049,-0.024587284349697924,-0.011251123240362482
2023-06-29,5582.198368056287,0.013401634665612505,-0.0032379952737757733
2023-06-30,5657.795847110262,0.01345171848709903,0.02139118998131817
2023-07-01,5670.647228708265,0.002268870845711035,0.01678948147654946
2023-07-02,5681.075640663751,0.00183732725140473,-0.0015620935225379995
2023-07-03,5769.558273083373,0.015454933637537138,0.01960847138837618
2023-07-04,5717.509058051675,-0.009062290616583368,-0.00255820042303867
2023-07-05,5648.105264154007,-0.012213093743135062,-0.01600860420448047
2023-07-06,5537.455620463215,-0.019785016462465776,-0.008888947417246662
2023-07-07,5583.68126697695,0.008313163159021641,-0.022305757514297753
2023-07-08,5576.757227548699,-0.0012408186864725224,-0.0005372011947617494
2023-07-09,5563.5958107605,-0.0023628376706366083,0.00375436214653746
2023-07-10,5613.266904180447,0.008888258126168225,0.0
2023-07-11,5647.026956740682,0.0059963184146099024,0.004273510777381695
2023-07-12,5611.954109578378,-0.006230219307331808,0.004255325570138524
2023-07-13,5982.965715807154,0.06401739911238202,0.012658396871922939
2023-07-14,5743.6676660076255,-0.04081841164067157,0.03805086288170223
2023-07-15,5748.56766948777,0.0008527503369073486,-0.023999109426051213
2023-07-16,5722.869388489413,-0.004480401863760974,-0.0015515906914194133
2023-07-17,5710.203696264635,-0.0022156243229094486,-0.008838113157716876
2023-07-18,5666.223700431479,-0.007731814812602877,-0.0073375591263173945
2023-07-19,5692.368077757038,0.004603462120440938,0.002626741725718418
2023-07-20,5675.046360709077,-0.003047611318940824,-0.002626741725718418
2023-07-21,5683.516045560788,0.0014913307016399813,-0.004217191279106025
2023-07-22,5608.907187741104,-0.013214159958611305,-0.0015860431556342647
2023-07-23,5684.201794517073,0.013334808441756607,-0.006369448285480139
2023-07-24,5533.365869945034,-0.026894425019177604,-0.009630893060961654
2023-07-25,5553.150645317157,0.0035691637401082943,-0.002152853361100604
2023-07-26,5575.730396262486,0.004057871019510273,0.0026903432961047358
2023-07-27,5549.70235089175,-0.004679025697043926,0.005359069631838409
2023-07-28,5577.218908847011,0.004945952866286518,-0.0010695188185261273
2023-07-29,5591.647824731056,0.0025837758217370776,0.003738322110606873
2023-07-30,5561.846776698423,-0.005343817344259705,-0.0005331911616588414
2023-07-31,5547.816440660501,-0.0025257909663753964,-0.00588394315897478
2023-08-01,5598.255768395283,0.009050663067245779,-0.013502770641215633
2023-08-02,5515.242760876946,-0.014939409266789383,0.007584001681038899
2023-08-03,5511.351963081373,-0.000705711609876758,-0.007040375682328737
2023-08-04,5475.878319317703,-0.006457271962446498,-0.0021762794225947957
2023-08-05,5482.644903086596,0.0012349446164474642,-0.0016353233407313539
2023-08-06,5472.277609003742,-0.0018927193992261948,0.0005454049767052993
2023-08-07,5484.904420741867,0.0023047563311831,-0.001637108141899546
2023-08-08,5595.45911781431,0.01995572898370135,0.005989672140741753
2023-08-09,5573.243528150377,-0.003978191499372841,0.008110344537453962
2023-08-10,5543.46225224773,-0.005357944653136215,-0.002156335067346582
2023-08-11,5535.318823908644,-0.0014700949047963263,-0.0027019740837301853
2023-08-12,5537.261208539207,0.0003508458994723185,0.0010816658707408777
2023-08-13,5511.340489377048,-0.00469213524516654,0.0005403945011268618
2023-08-14,5535.012104626238,0.00428587649770229,-0.002163332374257365
2023-08-15,5473.374133382447,-0.011198483421194894,-0.0037971295962089258
2023-08-16,5398.236331727866,-0.01382297467381477,-0.008733679968754515
2023-08-17,4973.247707980702,-0.08199920592221055,-0.031182927436687713
2023-08-18,4904.960188565176,-0.01382611258141786,-0.05343896215556043
2023-08-19,4929.186175934142,0.004926922068735351,-0.005384398291234049
2023-08-20,4951.904460085792,0.004598343445991304,0.004190368298626623
2023-08-21,4923.025631761203,-0.005848934703285735,-0.0005975500625972074
2023-08-22,4882.188161298677,-0.008329794219973152,-0.01202660316579962
2023-08-23,4981.356333218484,0.020108696946966376,0.000604777762612585
2023-08-24,4924.568531239517,-0.011465547106238816,0.006628526830907866
2023-08-25,4910.804179262233,-0.0027989505570147344,-0.007233304593520451
2023-08-26,4896.009206612634,-0.003017286715250478,-0.0012106539008955863
2023-08-27,4919.578377101647,0.004802405477237315,0.0018154316635081713
2023-08-28,4921.683290411267,0.00042777306667218795,-0.003027553024037566
2023-08-29,5186.763316805737,0.05245926006634427,0.019219810849016916
2023-08-30,5116.05945990025,-0.013725358263318554,0.018857364915503716
2023-08-31,4889.562566720358,-0.04528166116371857,-0.012926149425539712
2023-09-01,4854.219023165515,-0.00725461633924418,-0.029405058886206703
2023-09-02,4866.004235439929,0.0024248862882458866,-0.006108754488320933
2023-09-03,4878.064258329654,0.00247535802021126,0.0024479816386397957
2023-09-04,4855.7862773816205,-0.004577432078967547,-0.0012232417427435749
2023-09-05,4856.212498903765,8.777215323796383e-05,-0.002450981619140258
2023-09-06,4853.505230039309,-0.0005576411199967879,0.001226241723244037
2023-09-07,4914.834528175974,0.012556914583162992,0.0024479816386397957
2023-09-08,4872.975126053634,-0.008553426927472074,0.0012217472503230908
2023-09-09,4869.300943380056,-0.000754276068875015,-0.0018331810816611949
2023-09-10,4840.580327935151,-0.0059157673306096115,-0.006134988567516153
2023-09-11,4684.452289492124,-0.03278561440943939,-0.024923408452456997
2023-09-12,4816.690886725772,0.027838152666348037,0.002520480225335575
2023-09-13,4872.243663573195,0.011467387942007079,0.006273546297237864
2023-09-14,4927.967566202112,0.011372102470227574,0.016129381929883557
2023-09-15,4959.816644484182,0.006442128539781322,0.0012300124552000469
2023-09-16,4945.356163068101,-0.002919785847289802,0.006738157193977301
2023-09-17,4926.110020549233,-0.003899353256601401,-0.00550965581096996
2023-09-18,4974.888807784188,0.009853386054865965,0.006729912216198564
2023-09-19,5041.627220475215,0.013325871013559976,0.0012187691941294432
2023-09-20,5019.168704298038,-0.004464567942610742,-0.006108754488320933
2023-09-21,4906.22119708951,-0.02276029136316815,-0.01855340789574811
2023-09-22,4920.001237224698,0.0028047500981855933,-0.0056338177182553295
2023-09-23,4914.14006753472,-0.0011920045080380248,0.0006275494401117854
2023-09-24,4861.960293998443,-0.01067506820242592,-0.0006275494401117854
2023-09-25,4873.355296257265,0.002340963137147156,-0.007561472700576388
2023-09-26,4871.964675141362,-0.00028539260474147454,0.0050473293272439435
2023-09-27,4890.4896749008985,0.0037951566952862947,0.006898741691156118
2023-09-28,5022.878132820228,0.02671066615220674,0.018576385572935727
2023-09-29,5030.438071678232,0.0015039694622611677,0.021245108613736186
2023-09-30,5039.987648792731,0.0018965593395954272,0.006584878627483803
2023-10-01,5224.582540011145,0.03597126656647198,0.0041679131487777354
2023-10-02,5115.2513948412825,-0.02114835126297443,0.014745180157709648
2023-10-03,5103.173940065926,-0.0023638594017008074,-0.02850549299792693
2023-10-04,5129.632587349535,0.005171348872405446,-0.01029376331332088
2023-10-05,5051.426870990195,-0.015363284129284338,-0.006105025066802661
2023-10-06,5145.925508046253,0.018534485965648884,0.0
2023-10-07,5136.220967723999,-0.0018876492815476098,0.004277427847778625
2023-10-08,5130.311456739484,-0.0011512186184869933,-0.00488998529419149
2023-10-09,5029.974370414994,-0.019751481400708926,-0.017929382914499747
2023-10-10,5000.122614584776,-0.005952453703361726,-0.016352565646513995
2023-10-11,4922.114975314801,-0.015724123883634533,-0.007638483988785083
2023-10-12,4882.104678106924,-0.008161897781651106,-0.010276262557384896
2023-10-13,4908.452564557632,0.005382318780107198,-0.0019386112695016777
2023-10-14,4918.481449418747,0.002041102205147638,0.0038734715957975396
2023-10-15,4956.519559022644,0.007703958248598042,0.0032164710908340055
2023-10-16,5158.998346915972,0.04003864921630118,0.014663954187014383
2023-10-17,5121.142488638379,-0.007364885364184559,0.0
2023-10-18,5106.083164366008,-0.0029449502078282563,-0.005712487765391572
2023-10-19,5158.75066795509,0.010261825301444816,-0.008309411824927615
2023-10-20,5318.427392508351,0.030483225177762918,0.025349899895526384
2023-10-21,5376.57288504192,0.010873504238789522,0.00934295179898914
2023-10-22,5385.88106603385,0.0017297511060423432,0.013547005206144824
2023-10-23,5868.915207874359,0.08588890192747733,0.032493833476445744
2023-10-24,5993.357456471191,0.020981951347712524,0.06531530639551786
2023-10-25,6078.59776477763,0.014122273223092563,-0.008354267469858456
2023-10-26,6057.825305800068,-0.0034231633391712535,0.009462915033521924
2023-10-27,6002.40561609542,-0.009190550355787863,-0.012263252903840893
2023-10-28,6023.607947013469,0.0035260816520121807,0.001681143573303956
2023-10-29,6099.265028873254,0.012481870307553322,0.0011191942970150137
2023-10-30,6122.610924062568,0.0038203502758165087,0.007799482434823979
2023-10-31,6153.141438181444,0.004974127233364101,0.0005547850350344774
2023-11-01,6296.110365042862,0.02296928599266934,0.005530987551533251
2023-11-02,6198.711647744337,-0.015590568645025726,0.007692345623155461
2023-11-03,6200.235330918456,0.00024577622348154193,-0.012668855755437747
2023-11-04,6280.918087305635,0.012928914110720058,0.018127384592556695
2023-11-05,6327.053199698211,0.0073184364489247145,0.023137970608869907
2023-11-06,6362.901552928085,0.0056498938395197484,0.0063626937878282774
2023-11-07,6385.065686437097,0.0034772847193575984,-0.004237294475514908
2023-11-08,6443.29754035136,0.009078672446539926,0.0015910902322415765
2023-11-09,6735.972345182452,0.044421721910902434,0.03744587257599097
2023-11-10,6821.766727603411,0.012656317869277345,0.06902690187609206
2023-11-11,6738.795098555441,-0.01223734909284957,-0.01826973893017403
2023-11-12,6765.514946434295,0.003957237749819598,-0.0053515087580056075
2023-11-13,6690.861298018041,-0.011095767980986437,0.006321440938798162
2023-11-14,6507.847448718306,-0.027733861447641672,-0.0146486994429047
2023-11-15,6877.065728945345,0.05518331958139733,-0.01386847388767709
2023-11-16,6567.986284234201,-0.04598478420878216,0.01041934506795883
2023-11-17,6618.156916343632,0.007609635880143628,-0.032608858612282354
2023-11-18,6621.306523965027,0.0004757908347290396,-0.006138126688785661
2023-11-19,6782.205432044558,0.02400962342941071,0.007666789406850505
2023-11-20,6769.724630576527,-0.0018419228757782236,0.028609228489210103
2023-11-21,6470.74327305366,-0.045169429314992016,-0.009945382819887882
2023-11-22,6787.861007056592,0.04784488905882611,0.007964203370478096
2023-11-23,6762.188569385688,-0.0037892803630743543,0.022549975117040155
2023-11-24,6833.387246854606,0.010473896702803742,0.011566394005948943
2023-11-25,6862.283717705304,0.004219802564586317,-0.0028790806835665705
2023-11-26,6800.72633928616,-0.009010868714623754,-0.002887393728835619
2023-11-27,6716.683573952282,-0.012434904143539427,-0.020940623966425598
2023-11-28,6813.778838476825,0.014352344846567888,0.0004920049299741436
2023-11-29,6809.718210670033,-0.0005961212326610621,0.006374132883224526
2023-11-30,6814.232316554569,0.0006626721141866909,-0.004408530284766066
2023-12-01,6957.635877332513,0.020826331184157,0.024728532775723622
2023-12-02,7131.1596484757965,0.024634120898765488,0.011428695823623158
2023-12-03,7219.019724546529,0.012245306717209914,0.02478499561043801
2023-12-04,7488.084131528058,0.03659380316269001,0.030029553995942315
2023-12-05,7785.459813339603,0.038944892928476804,0.002238639842457424
2023-12-06,7717.603939896927,-0.008753922172418882,0.01465065050485137
2023-12-07,7782.237090316695,0.00833989521789924,0.006151161749953893
2023-12-08,7938.367986307857,0.01986387024593661,0.03401835022751243
2023-12-09,7872.397675011308,-0.008345034713027388,-0.0008470987376520966
2023-12-10,7904.113750873521,0.004020675766957638,-0.004246290881450676
2023-12-11,7460.643083198245,-0.05774173721752085,-0.04838599053945014
2023-12-12,7496.898578573581,0.0048477974788809775,-0.011680276547704871
2023-12-13,7737.253950012042,0.03155742566849895,-0.006346349496288539
2023-12-14,7802.210117342902,0.008360204107518143,0.035734038690923065
2023-12-15,7558.246050708087,-0.031767882537483416,-0.006603589922610453
2023-12-16,7589.038956237463,0.0040658042592376376,-0.008873172680487151
2023-12-17,7454.460305326488,-0.017892411714582224,-0.009852296443011
2023-12-18,7625.772540292195,0.022721082176468954,-0.023219800321284012
2023-12-19,7543.918474536195,-0.010791895510900318,0.019612943390290738
2023-12-20,7759.956781213178,0.028235026138315078,-0.0022609098484656087
2023-12-21,7876.031796384865,0.01484743314392567,0.006317710544079702
2023-12-22,7982.623084014828,0.013442866827094946,0.03143938372511901
2023-12-23,7961.543370158737,-0.0026441929339728887,-0.00043601483141131325
2023-12-24,7851.974232741321,-0.013857876993798257,0.0
2023-12-25,7962.507642680035,0.0139789859404722,-0.006563138850776973
2023-12-26,7786.826475369196,-0.022310588272839382,-0.01726852740837259
2023-12-27,8028.907048243398,0.03061501767338548,0.021211577424026018
2023-12-28,7917.877029325023,-0.013925292091480301,0.04111928307596102
2023-12-29,7783.676517565612,-0.017094331373765925,-0.01949214255988352
2023-12-30,7794.649709409069,0.0014087769762181068,-0.016828876130157155
2023-12-31,7780.966909148773,-0.0017569517939666213,-0.0008707009692443535
2024-01-01,8087.076708691493,0.03858670765145966,0.0034782643763255905
2024-01-02,8159.053636442922,0.008860866823116709,0.03245374484973773
2024-01-03,7751.05679332399,-0.05129899182625586,-0.03723948380761577
2024-01-04,7999.261014480782,0.03151996972534832,-0.02115548268154921
2024-01-05,7943.0044914210575,-0.00705756111592315,0.00044533512203326353
2024-01-06,7876.507672703544,-0.0084069862179188,-0.001336600778180319
2024-01-07,7795.237374113321,-0.010371662744134369,-0.00044593088810263026
2024-01-08,8313.29104611617,0.06434261075147418,0.005781648304673759
2024-01-09,8196.812346346696,-0.014110224455262,0.01758287055786667
2024-01-10,8517.616609437044,0.03839122058859523,0.050966443592026955
2024-01-11,8517.648244312755,3.714045655911491e-06,0.07765093423006597
2024-01-12,7947.006055668792,-0.06934501411110894,-0.0011500863832365482
2024-01-13,8023.872032245045,0.00962584144282097,-0.022106775781030485
2024-01-14,7847.763585485,-0.022192504771822996,-0.0035356548323077774
2024-01-15,7963.993551873131,0.014701978906652258,-0.008298802814694639
2024-01-16,8087.036723520902,0.015331798617205905,0.00987174847915373
2024-01-17,7986.031806562339,-0.012568383736228483,0.0023547891571880086
2024-01-18,7741.507242618233,-0.03109758859147682,-0.016601171775389112
2024-01-19,7796.179991123185,0.007037466171833984,-0.014856727788840729
2024-01-20,7807.156496006029,0.001406943534487226,0.00040444894383462326
2024-01-21,7772.6520629876595,-0.004429385547439324,0.0004042854310171151
2024-01-22,7370.282319246516,-0.05315541497677145,-0.03412458549410857
2024-01-23,7326.417682066482,-0.005969335623413841,-0.05590449518035445
2024-01-24,7382.006230481423,0.007558772226902377,-0.014254138892100698
2024-01-25,7336.621342472476,-0.006167019530078477,-0.005398123769557728
2024-01-26,7634.666369091662,0.03982081106356894,0.010320935232773998
2024-01-27,7676.774569639246,0.005500240881714191,0.012863339930755835
2024-01-28,7659.31216326211,-0.002277297230779851,0.0030803104663803538
2024-01-29,7890.799863335969,0.029775322766342427,0.0
2024-01-30,7834.107266193315,-0.0072105790269798575,0.023877843789535724
2024-01-31,7744.217351721979,-0.011540510847922292,-0.003868476777920904
2024-02-01,7826.333679766419,0.010547743518804609,-0.01825344030935039
2024-02-02,7858.246558919876,0.004069337235202752,0.011338978880518269
2024-02-03,7817.393249224008,-0.005212342550541038,0.002165909445376535
2024-02-04,7761.914912702217,-0.0071220840427912435,-0.0052060855111992765
2024-02-05,7778.279592784758,0.002106110850263576,0.002172497052600697
2024-02-06,7893.708313988513,0.01473084451028761,0.014649120216231104
2024-02-07,8099.283802026511,0.025709612051771913,0.01990326129042863
2024-02-08,8246.658096029987,0.01803240074446677,0.017868748856947114
2024-02-09,8531.423107293414,0.03394814413344349,0.01917252282340165
2024-02-10,8621.50567023332,0.010503557998905677,0.008449054486527885
2024-02-11,8664.323083471647,0.00495405819640915,0.007583353044521068
2024-02-12,9023.06014137298,0.04056973899179184,0.008709477065441895
2024-02-13,8962.522978696268,-0.006731768537553862,0.042444642627819995
2024-02-14,9369.813480366254,0.04444142021432462,0.023152639857993762
2024-02-15,9449.676045052243,0.008487269963147526,0.034467406069385476
2024-02-16,9454.578257144834,0.0005186358714919237,0.003204560335375639
2024-02-17,9377.149866065283,-0.008223231228841499,-0.012520285175567025
2024-02-18,9503.84942516549,0.013421054569224822,0.010741241831412118
2024-02-19,9519.877025122152,0.0016850120075861952,0.036367644170875124
2024-02-20,9629.871146709404,0.011487914125851262,0.008888947417245774
2024-02-21,9556.450520073267,-0.007653471707522286,0.00102058182017295
2024-02-22,9468.24017008704,-0.009273315772102109,0.009812293242750236
2024-02-23,9372.19942310384,-0.01019525881082295,-0.0064178568538064695
2024-02-24,9521.405975743435,0.0157947254003048,0.005744229344331941
2024-02-25,9646.408116456816,0.0130431057237832,0.025612575856725606
2024-02-26,10062.913143406766,0.04227106948155246,0.02240717224994704
2024-02-27,10410.626883777704,0.03397040056512779,0.03842992578443827
2024-02-28,11199.75617515206,0.07306490779154018,0.021098474107404286
2024-02-29,11096.81381095607,-0.009233984933121775,0.037415290572663906
2024-03-01,11340.743155105272,0.021743807057003295,-0.00760682427483772
2024-03-02,11312.695913788804,-0.0024762028901950117,0.0049802358685262504
2024-03-03,11459.089774567345,0.012857654607078217,0.0035005870052824406
2024-03-04,12212.385581792205,0.06366736655358274,0.02530324759873004
2024-03-05,11656.149074902532,-0.04661679002951402,0.037887539894660094
2024-03-06,12095.484032467868,0.03699830412820404,0.02750240743312915
2024-03-07,12338.56105282278,0.019897240835351937,0.015569650841575466
2024-03-08,12506.52992975665,0.01352149897158661,0.026358115066814847
2024-03-09,12580.785433772964,0.005919782152046693,-0.002809349312919096
2024-03-10,12647.942176117684,0.005323843675627771,0.0017886806864186866
2024-03-11,13216.625271702733,0.043980999264288556,0.01545312574808655
2024-03-12,13042.072214264876,-0.01329507137011987,0.005765149443318407
2024-03-13,13385.136477402655,0.02596441720470466,0.002994761409681246
2024-03-14,11961.6818448824,-0.11243651209701433,-0.022172740050407924
2024-03-15,11961.6818448824,-0.05106005143480452,-0.053373901869886
2024-03-16,11961.6818448824,-0.005363745549708199,-0.012167244871045924
2024-03-17,11961.6818448824,-0.01799532521210523,-0.026741772709550915
2024-03-18,11961.6818448824,0.010995399569486253,-0.0036389123429394488
2024-03-19,11961.6818448824,-0.04896357766697079,-0.06877256084806227
2024-03-20,11961.6818448824,-0.009921195283812523,-0.011176675778063583
2024-03-21,11961.6818448824,0.04290847145908927,0.06440561437147174
2024-03-22,11961.6818448824,-0.032166226269739084,-0.030068758507466598
2024-03-23,11961.6818448824,-0.0004646624311099856,-0.012998705920695741
2024-03-24,11961.6818448824,0.00985092947030175,0.002672607381475345
2024-03-25,11961.6818448824,0.04663506263171868,0.041248949625297016
2024-03-26,11961.6818448824,0.029573443637161745,0.02778346240059726
2024-03-27,11961.6818448824,-0.007834559049960887,-0.01449704786986139
2024-03-28,11961.6818448824,0.008260913442185824,-0.0022490872567519915
2024-03-29,11961.6818448824,-0.004614275387318401,-0.005361943141384273
2024-03-30,11961.6818448824,-0.0012140690653890118,-0.004537727582137663
2024-03-31,11961.6818448824,0.006538531403753822,0.023596600438397175
2024-04-01,11961.6818448824,-0.010060518808939989,-0.01877594740522781
2024-04-02,11961.6818448824,-0.04905840047431376,-0.05914057504394066
2024-04-03,11961.6818448824,-0.005543611493148859,-0.0051151006667709
2024-04-04,12266.41054160936,0.025156315410805874,0.006015055729761798
2024-04-05,12199.237487205126,-0.005491227791505793,-0.011156455230180384
2024-04-06,12353.428915593193,0.012560220787873888,0.01205560110223658
2024-04-07,12429.056148938507,0.006103299803024598,0.016047892690012944
