Date,BTC,ETH,XRP,LTC,BCH,ZEC,BSV,DASH,XMR,CRIX
2017-09-08,-0.022803005136736942,-0.03602086605485244,0.01801850550267825,-0.03683716131018855,-0.020231026954563802,-0.03762446966331279,0.0,-0.006282712792428313,0.014305407058166075,-0.014211335367332545
2017-09-09,-0.04120093819619974,-0.056460831223321684,-0.06931179989022884,-0.07920130004154302,-0.08541149581887453,-0.0734078910356617,0.0,-0.04776104453445473,-0.04712616232304967,-0.026125077161208488
2017-09-10,-0.024091914838786366,-0.028771471570568252,-0.03406655456360608,-0.05721105225843992,-0.05459144298385343,-0.024822618532054364,0.0,-0.03241339823237244,-0.041688180609543934,0.009530191913248665
2017-09-11,0.003544845966539256,0.010539798287078739,0.05770831762064654,0.012929597856835784,0.0036629558034588783,0.00799192025593154,0.0,0.017270031067487146,0.009435038008645869,-0.015231481054503782
2017-09-12,0.00752059948882966,0.018425776175081232,0.018519047767237673,0.012851127614852409,-0.011267378922486415,0.006523928327370143,0.0,0.01063849662038674,0.007645930223479702,-0.0548869305803823
2017-09-13,-0.07661457809886407,-0.09198437875005983,-0.06637506894487277,-0.10836447315122477,-0.09369620683249025,-0.0845697228089266,0.0,-0.07290867819265845,-0.05480069736521198,-0.2439594870869941
2017-09-14,-0.08105434154838065,-0.0823231122501662,-0.02985296314968111,-0.1179800288969366,-0.09790279976286609,-0.06573253395322354,0.0,-0.09231201957586421,-0.03292331090381584,0.1409338894803671
2017-09-15,-0.06161881103423639,-0.06873556985250584,-0.1643030512912762,-0.142801658049446,-0.13073981933504264,-0.09184442403122173,0.0,-0.045083195063335246,-0.12466448711164979,0.0033963126835878654
2017-09-16,0.08465193875459853,0.0797993915249533,0.09639184567506587,0.10012718582998792,0.08619927345174805,0.06491934479990835,0.0,0.11368159136906009,0.0746248359104138,-0.005353344718045605
2017-09-17,-0.017293054559301524,-0.018173010010059443,-0.067064230580546,-0.03534086069107012,-0.008583665536592733,-0.0307180138080847,0.0,0.009364954324672325,-0.04609471763819517,0.12063182596963085
2017-09-18,0.07682980290321417,0.13101151798079247,0.07245507921542238,0.07199034372075896,0.07727595537539411,0.08626451758370823,0.0,0.11141551212931766,0.0573810331325868,-0.017806878990342945
2017-09-19,0.004030232155420421,-0.0035697737313400424,-0.010810916104215584,-0.014133409726500457,0.03883332399625328,-0.009912231780376146,0.0,-0.02198276574431457,-0.024169447334132954,-0.016925058718248565
2017-09-20,-0.005040333251406182,-0.003167998587844778,0.0,-0.022893780999695856,0.0229009731574914,-1.0513533545974951e-05,0.0,0.022449730957904812,-0.013361397896095362,-0.07175898394273084
2017-09-21,-0.03784722528865103,-0.035032607939762705,-0.021978906718775226,-0.05469810134788533,-0.08640209964781231,-0.02646822474945587,0.0,0.03855001555949045,-0.04491383535857363,0.0061472954830303905
2017-09-22,-0.0445352564311019,-0.05246270786512319,-0.03966525639243157,-0.06254674403108629,-0.10158921859243897,0.03283491947216888,0.0,-0.010591973184538972,-0.05739444062594856,0.04464978284951027
2017-09-23,0.024391453124160023,0.04609744299083118,0.011494379425735168,0.031854885863128235,0.018644871949659247,0.08934960944247106,0.0,0.022974570485236434,0.03178627706219217,-0.019081268806662166
2017-09-24,-0.005907643389837958,0.03633471229952345,0.0,-0.009010187015129123,0.00122224500854351,-0.02372944361023599,0.0,-0.018560885565078955,1.1094407863510014e-05,0.04421429983820868
2017-09-25,0.031546684913671186,0.020656293808419157,0.011363758650315026,0.03872397190931176,0.03524226097842309,0.08734558551766636,0.0,-0.007605395601492759,0.022954973867913786,-0.003182142223823625
2017-09-26,0.02474353038360455,0.003341233064455551,0.027856954502966325,0.05054412218775273,0.03320977277444115,0.04063550363266444,0.0,0.007941430737707478,0.02011531233105135,0.06660536953902518
2017-09-27,0.02935116001823701,0.015222109144553464,0.058683501828090234,0.027785806106263244,-7.912557452538493e-05,0.16274142346671727,0.0,0.0005096308761283197,0.03309040910559791,-0.010562084405541405
2017-09-28,0.03760297477886709,0.025056736625743703,0.030614635819606884,0.026926735663944434,0.014298708797522153,0.16912103326131334,0.0,-0.0015992586558430943,0.0213699210768441,-0.008936363810579273
2017-09-29,-0.010531452052342516,-0.03903558279669195,-0.035809452696710986,-0.04605447902709292,-0.03967090515567673,-0.10966624217674248,0.0,-0.04414577763761063,-0.043584856383820814,0.033353752389172264
2017-09-30,0.031733659702945616,0.027781574758713568,0.030771658666753687,0.031405717691975976,-0.002062740519254369,-0.016397712011120724,0.0,0.0030711300320760415,0.004384269826831044,0.008834112936320082
2017-10-01,0.0076628727455680945,-0.0027093936067110747,0.0,-0.007837576057342588,-0.04171023756396508,-0.039311387163249556,0.0,-0.025308125010655935,-0.01740863490150879,0.0018601013428538593
2017-10-02,0.02241630915861137,-0.0026833751940733563,0.02985296314968111,-0.004403467240181591,-0.015265732774993879,-0.048935568067277835,0.0,-0.021846091605170592,-0.01831344371255028,-0.014014782119057934
2017-10-03,-0.021722587313238506,-0.02028493108699969,-0.01481508578514057,-0.03510187139532661,-0.03072098766837783,-0.046029954126922235,0.0,-0.051430150290916465,-0.022718900828250455,-0.015129702723167604
2017-10-04,-0.014670189747793216,-0.00033046195133579204,0.01481508578514057,-0.006831728739530529,-0.06119957164365708,-0.021498365555023824,0.0,0.016096867147957994,0.009079223373920087,0.01612292225009515
2017-10-05,0.0011721956564336722,-0.00046692103918566374,0.08455738802806323,-0.014117516504144056,-0.0743074559371486,-0.009684090475177598,0.0,-0.010358685953722357,-0.007427347454370903,0.02032467431409657
2017-10-06,0.024075236874784522,0.0239487629459445,0.06959329179919505,0.019590458373688335,0.03615914209712745,0.07168288069689499,0.0,0.019389397648393647,0.016599213386162326,0.010721427182954102
2017-10-07,-0.001831502343467406,0.028392924390911567,-0.008438868645864517,-0.006301290709543217,-0.018903842751027966,-0.02741949661206977,0.0,-5.52749359199467e-05,-0.009963840629997556,0.03036654680275319
2017-10-08,0.03246452820670598,0.008741838104941557,0.025105921131076236,0.022580344491447857,-0.011173737241526815,-0.006172810130206763,0.0,0.014275994981633566,0.004183761929441587,0.003585935891973868
2017-10-09,0.03208831455149941,-0.031850085351403656,0.09455858262501282,-0.03004710774918795,-0.09290579468247717,-0.06338463896004587,0.0,-0.06360573795119695,-0.0319208607762711,0.009217606338437712
2017-10-10,0.035868824061919824,-0.008481628931150453,-0.06203539091945265,-0.02014208260960393,-0.002173957472654031,-0.00973081979557211,0.0,-0.02007778795378279,-0.01900511758303125,0.008128090359962314
2017-10-11,-0.006028497625681695,0.005049102822527907,0.05826890812397578,0.0013858369702277606,-0.02856670637494929,0.008033473188852724,0.0,0.02026564905325401,0.0032693310881075632,0.0644420272822801
2017-10-12,0.05674131268687255,0.014338097130855765,-0.015209418663528762,0.04434681606334845,0.000762054790513389,-0.014273521952828716,0.0,0.007010956916871258,0.006403999455117493,0.06128088380610475
2017-10-13,0.10020540691669488,0.058023511025468544,-0.047067510857985884,0.09245347313423569,-0.013060304356597996,0.009714641388408829,0.0,0.014628437520061155,0.02713814197135722,0.00768342866931615
2017-10-14,0.011693967419754259,0.05367858818909799,0.062276929521514646,0.05785601786681305,0.028199460951805477,0.020142122951424923,0.0,0.044882961755795314,0.0558578680762194,0.0024722583616432203
2017-10-15,-0.007958305332849136,-0.027612062575567364,-0.026770241064604905,0.05816935249841748,-0.01824817492752384,-0.0265622510635799,0.0,-0.03020850500341865,0.00454052906938518,-0.0001209072117358545
2017-10-16,0.008486613877320082,0.022288113576207635,0.04915923595808369,-0.01194768422127268,0.0006811230517920208,0.002448790016733149,0.0,0.007886481381364163,-0.004109709717882382,-0.023161622541509885
2017-10-17,-0.008309072820484431,-0.045549544981396295,-0.04915923595808369,-0.04568442335380407,0.09884605922961676,-0.0005141344231978096,0.0,-0.017044799899013974,-0.011453329773989829,-0.01203544199747597
2017-10-18,-0.04261364531676293,-0.06445717052006295,-0.14131353306657757,-0.07148850193917511,-0.02741386605991547,-0.030201842213631203,0.0,-0.03884944287495795,-0.05928723652685086,0.005570203001141749
2017-10-19,0.046688413998458245,0.016361663143420024,-0.05035388614561476,0.04610433666341507,-0.0202289459169549,0.013865443061255256,0.0,0.02155641911710049,0.010342444233762293,0.024364702442452923
2017-10-20,0.023069880174965363,-0.00972802556191077,0.013986241974739855,-0.0018547765800569493,-0.008006428453742664,-0.0037139639130154833,0.0,-0.01131850129635481,0.004387241743003756,0.008033907256434603
2017-10-21,0.04872434438398088,-0.028585155009166918,-0.05226842854575686,-0.024156295487456347,-0.02122199300863592,-0.06149591860413839,0.0,-0.027504724421270055,-0.025408122442485137,-0.008738664917889771
2017-10-22,-0.02634363744462931,-0.006255138908798585,-0.004889985294191712,-0.02457867702894667,0.03887623500463011,-0.010709538208725,0.0,-0.02831161500988255,-0.008963639037053994,-0.012325198210665356
2017-10-23,-0.007121088078074322,-0.03607005386764417,-0.045120435280469495,-0.044692050949975304,-0.05125027776240554,-0.027612704375392205,0.0,-0.012299606674153196,-0.022525910735256893,-0.038495976739880255
2017-10-24,-0.037269240940805304,0.06157792861208211,0.059719234701622215,0.0483729721802888,0.027013755965578312,0.051073687024820735,0.0,0.07425703264143646,0.04437556724382041,0.018764498007151076
2017-10-25,-0.020700239496122208,-0.026011739124278677,-0.004842624475787982,-0.03865120637691977,0.003512068486748454,-0.009664184007577958,0.0,-0.018250184074299902,-0.010256848128446627,0.019065322958002895
2017-10-26,0.0489103637007986,0.0029924063898985054,-0.004866189651173025,0.014533171494311325,0.032149508822384654,0.03910767583141084,0.0,-0.008015364481418707,0.004049713717453329,-0.007650398051252338
2017-10-27,0.0,-0.0024141674326063622,-0.009804000096620635,-0.010449792409583658,0.04815132980114534,0.07341744885743395,0.0,-0.015509857543787753,-0.013689553539976806,0.0003758580835482306
2017-10-28,-0.011918268720538805,-0.005229820132163887,0.0,-0.010139250062874083,0.08295186161550827,-0.01810616958481681,0.0,-0.002978173518863869,-0.009559850244380996,0.052622552382732835
2017-10-29,0.02182779795795753,0.024776488144956588,-0.00493828164058252,0.016638171734510543,0.16436480736902848,-0.021822582826599657,0.0,0.0004407180932792798,0.017333805619947462,-3.988616582706328e-05
2017-10-30,0.03999200039141648,0.016495063444136093,0.00493828164058252,0.02078158749020176,-0.014195333860960169,0.015433487677722013,0.0,0.010790092227994208,0.011391166597733537,0.02563628301845977
2017-10-31,0.019732162129965758,0.0013458316287904282,0.0,-0.011254294795004505,-0.007125574710790339,0.0007807262847876473,0.0,-0.0061848524181220554,-0.006143718644751495,0.037770957330603316
2017-11-01,0.04125751785966081,-0.026527612223793184,-0.009901070982711646,-0.02494038862349779,0.07206756456790764,-0.039273308165759246,0.0,-0.027482295272248436,-0.022720308233222575,0.042270520431080705
2017-11-02,0.06773189544756342,-0.04856881434251559,-0.0668629452291265,-0.04352937544077351,0.1274679949623403,-0.04221712521699317,0.0,-0.04400732377323102,-0.036117445523431435,0.034260504537678926
2017-11-03,0.03901079043721545,0.03560395576602193,0.09627683043541979,0.04581096039738375,0.17239199170730313,0.028724952219586264,0.0,0.02445777654312664,0.028614662228630294,0.008055512399135267
2017-11-04,0.0033094349013662594,0.014294894863994934,-0.009708814126961007,0.00674125148753113,-0.03743387926322761,0.02358706209546213,0.0,0.020803051300990916,0.012923163972039298,0.0016558746757535658
2017-11-05,0.028232059627550044,-0.005626289544561125,-0.004889985294191712,-0.006595407139652565,-0.027247782876334448,-0.004179208533384049,0.0,-0.006140798294596905,0.0025325212108189277,-0.029548482197402137
2017-11-06,-0.02960966006583199,0.001610744008468501,-0.004914014802428923,-1.8229380292389408e-05,0.03275960658953547,-0.0031975992563602063,0.0,0.0008983414155228076,0.04860400662485986,0.006799781636283697
2017-11-07,-0.019628945109332108,-0.007958110653165207,0.019512814223581643,0.047890435243245655,-0.03246176396075917,0.022519878766352974,0.0,0.05031841057650066,0.08187749953545698,0.03851800437646702
2017-11-08,0.03725596432565048,0.016937288691900143,0.01913934021069741,0.07076723603740742,0.033726221356966235,0.04605320791354739,0.0,0.044546683164697676,0.03397621867603018,-0.014142071715578908
2017-11-09,-0.01817859121044485,0.05538769588562342,0.0417694128762951,0.029181334023745897,0.013903905292535157,0.04486620440121403,0.0,0.08243342315832702,0.12787550545369797,-0.033305204640825536
2017-11-10,-0.04211593474823516,-0.023942894485235122,-0.01373019281190202,-0.021359911943698684,0.25767837678985117,-0.007355785909444634,0.0,0.004416930586335965,-0.03347724398765983,0.01704839425333393
2017-11-11,-0.05957316788243183,-0.011494211902124185,-0.028039220064393078,-0.01681474181570941,0.3344286020073888,-0.02342593714113672,0.0,0.03168525543699907,0.003897328180623383,-0.03767182936342017
2017-11-12,-0.06856759709678073,0.006244449256781692,-0.07374347424554917,-0.02583148086976017,0.33622289115177484,-0.0012969434486320708,0.0,0.10058222831307084,0.06178151504823237,0.04104027900102647
2017-11-13,0.03692233202721518,0.018788702606670427,0.02519024882855847,0.01108612599404335,-0.2248594865297262,0.08732428343687282,0.0,0.14922984943502282,0.041311540334220354,0.029508681094699618
2017-11-14,0.03955405154028213,0.039578047443308506,0.02941388520629329,0.02435370068844911,0.007776088949908555,0.0027871660038911727,0.0,-0.03278691343117579,-0.024761393763097495,0.05214574229866553
2017-11-15,0.06920493807665551,0.023377735047731107,0.01913934021069741,0.028943618981211117,-0.029078669653776146,0.036487291286145584,0.0,0.018021980902295454,0.0009069331983155848,0.020537248289540067
2017-11-16,0.053397384015678284,-0.020219205466150747,0.0,0.004391475062490713,-0.16995810877462159,0.06808722112046617,0.0,-0.02350063813009662,-0.002248413772159452,0.021059082347539615
2017-11-17,0.049415359563349526,0.007720055807793891,0.07748749547837441,0.06073140061321336,0.012212458029503992,-0.029557633900937574,0.0,0.0021431534001390418,0.003986444849601867,0.019139050378435662
2017-11-18,-0.017369365590237607,0.00885320800099798,-0.00439561147303813,-0.007316727269040868,0.17278352810965814,0.009587886455430628,0.0,0.06479299848934428,0.04355137198024117,0.012145784584222774
2017-11-19,0.0163484364561306,0.05957989871353497,0.0,0.0387607076547809,-0.06574375093211149,0.014402991588712055,0.0,-0.005802074753961328,0.0230542641718241,0.02983635796392914
2017-11-20,0.03512654162061857,0.01728488844331011,0.03888178754420735,0.025252870810982486,0.0008385744726204791,0.007124443123377233,0.0,0.0004645990223748342,0.025884931876024808,-0.016807398423946296
2017-11-21,0.00810317509362335,0.011516621951743744,0.0,-0.013956843335659386,-0.001677852742616004,-0.013745690252600973,0.0,0.08669755315967098,0.02572446652648619,0.03254513865840547
2017-11-22,0.003417972077542686,0.004244514083330486,0.0,-0.00028226261901309613,0.03465693380904433,0.02698929439440967,0.0,0.11684205458337704,0.09797953911585111,0.032634722059604826
2017-11-23,-0.0026845653706679684,0.08326599879053465,0.01263174690590052,0.03523830097896408,0.19468066091282044,0.029430711773412277,0.0,0.037418552271843986,0.06657569283160925,0.04149632975832063
2017-11-24,-0.001956947786961649,0.07713456656794371,0.0,0.015428085484214371,0.10208412611327944,0.0028128696084284144,0.0,-0.01404699551085109,-0.02484147708409168,0.02918154449789867
2017-11-25,0.03559779425357945,0.08314716577837711,0.02886798400085211,0.09111994614443919,-0.044369569664034714,0.10175146308463212,0.0,0.08354619826491394,0.03636359469437078,0.0499410737903947
2017-11-26,0.06594791263928634,-0.019446734246838737,0.02012140319942124,0.047869300593487374,0.003145645877919101,-0.021120001763971885,0.0,0.028346469844985123,-0.013576529473418475,0.03655349881450398
2017-11-27,0.06072221167237046,0.036076571710164096,0.007936549595736198,0.04326969180815521,0.032749296795143934,-0.0025652278791143956,0.0,0.00025102187619641114,0.01216023209388517,0.027606666851358597
2017-11-28,0.026703856447429786,-0.009631517438814186,0.05759749178333662,0.0297016633857492,-0.06013082278260384,0.03874534678219366,0.0,-0.013419304523575093,0.10952708212434459,-0.06941772768735088
2017-11-29,0.06027282301786485,0.001746725334941246,0.04736768882288911,0.04185832070680995,-0.028152432057029664,-0.013462002344091673,0.0,0.08040159369518918,0.03330567527531425,0.05321674479459482
2017-11-30,-0.04728366592018851,-0.0811797842048092,-0.11689375147149939,-0.11444442066435823,-0.11977705426324814,-0.13038043158047774,0.0,0.10627733304339326,-0.07873229639284496,0.04932399507583263
2017-12-01,0.023725905324836205,0.020480675805666593,-0.02429269256904454,0.04804842955519195,0.014859114403749984,0.01593770447433851,0.0,0.0338753365455835,0.024275074887611048,0.010006446152604376
2017-12-02,0.06980015268598727,0.04046087066211701,0.055791359628415416,0.10806125180810522,0.0489306234715805,0.05900637455399682,0.0,0.0011416705085691703,0.05454158922197738,0.008830595113078488
2017-12-03,0.030860001791506164,0.013329045447948218,-0.0038835000263974795,0.01069656381238282,0.07571182173569646,0.001731896282564982,0.0,0.006865330790635227,0.05642054115953776,0.028095884309184527
2017-12-04,0.008269599339479683,-0.009825363217178307,-0.007812539736793633,-0.011485699749528955,-0.011787955752042834,-0.01831311041598216,0.0,-0.019047798291888185,-0.007362757469154602,0.02712210836869744
2017-12-05,0.026114756850970977,-0.0039430481224842495,-0.015810606026642304,0.016973154962899528,-0.007272759329079115,-0.012163405254121074,0.0,-0.006877410326601385,0.12707199935599878,0.07628245292535052
2017-12-06,0.07717598205981169,-0.04854113039159902,-0.03239149579123546,-0.016413703211009434,-0.06228492437283073,0.02113860642115739,0.0,-0.05025766099269546,0.17501830000531893,0.2235630363782759
2017-12-07,0.18854425420007637,-0.030500839898452092,-0.06371581438610763,-0.03541596351765719,-0.06793411013870898,-0.049605080954857605,0.0,-0.054028807778401244,-0.030821879641955263,-0.0556691632834152
2017-12-08,0.06608326380378848,0.05631018578998859,0.09610731017734309,0.12235076738741046,0.08751515533781529,0.03581265100102815,0.0,0.05606354069213637,0.01990671652062659,-0.07168959096946725
2017-12-09,-0.06262113146294901,0.05728906751820162,0.0,0.30407102515830164,-0.001386001607876608,0.03483494176423374,0.0,0.03735730456145436,0.007878352966870672,0.010285686367203617
2017-12-10,-0.051997126870148236,-0.06541195319644455,-0.07441448556608332,-0.03585712760633175,-0.09371644354209874,-0.08956573409482704,0.0,-0.08284215211345725,-0.10101691414497882,0.09162173341882074
2017-12-11,0.12890986291128748,0.04036061721822026,0.04612977172750132,0.19253974838013654,0.05626946845154812,0.022601552196124253,0.0,0.05555151123091839,0.07579684548083776,0.07758416157225057
2017-12-12,0.021091147752676065,0.18457060189819874,0.09381875521765481,0.459827447994102,0.08153685587215165,0.10749248342883,0.0,0.11925239203204985,0.11025927616447717,-0.01059548922238207
2017-12-13,-0.009982257577789255,0.16873632297897334,0.5765295103774845,0.10943717639401296,0.049200861254516504,0.12462294050711531,0.0,0.07795977245923069,0.05474021511163496,0.058559028950824654
2017-12-14,-0.01352712483378582,0.06322451434456333,0.15145162285809344,-0.05321882541170453,0.14171011075326412,0.17873906349259272,0.0,0.03542755856651869,0.029223443935841864,0.028963669071831788
2017-12-15,0.060022710998593354,-0.0550795711280605,0.34798867868277195,-0.023096149734603166,-0.04427733599774886,-0.03056031443069962,0.0,-0.0358395487274743,-0.03482626324102167,0.06270671995359045
2017-12-16,0.044102249592535614,0.035348340163906755,-0.0257746226886153,0.05337273700556722,0.03047639931400603,0.03597572140381544,0.0,0.02999294596814739,0.04451559154656337,-0.0011282345870160526
2017-12-17,0.05656735159298165,0.03313886860722537,-0.015789801732635222,0.06356207977126704,0.02199099065378718,0.05860348859647946,0.0,0.171973073508898,0.06958696010496901,0.02572052953206594
2017-12-18,-0.028599518158607395,0.024541497827779146,-0.003986716243821353,0.008709035420309874,0.06982631055825994,0.07498730651037189,0.0,0.007352974305258719,0.016635609651832084,-0.00532074476826061
2017-12-19,-0.02878632037063511,0.11356307429434143,0.10722296132056686,0.09318714556643304,0.17579251337748847,0.07033326736845336,0.0,0.07665574423252064,0.05504044595033708,-0.016146933546609787
2017-12-20,-0.08068432402263603,-0.03190196489010155,-0.08483887993702938,-0.09331471742301023,0.40532331441774705,0.0638904319279936,0.0,0.1406097592974982,0.10487028026877798,-0.01398463311972975
2017-12-21,-0.035414721748793454,0.014726181790446269,0.2649650461675483,-0.037803401882798404,-0.05150229016361152,0.09213946248651173,0.0,0.05658508977330001,0.06725155414132455,-0.15572676032468635
2017-12-22,-0.15064183271752363,-0.17129439200659569,0.08701137698962995,-0.17017184431020116,-0.267093254753644,-0.2540644873289093,0.0,-0.213441465507759,-0.2440767336263816,0.08886511353162518
2017-12-23,0.07256926731706947,0.06747878604100954,0.04038233744568562,0.10343277483294333,0.15970686702916925,0.08779020352058797,0.0,0.07472354619593613,0.08824162468584262,-0.049600508048563086
2017-12-24,-0.09651732465572671,-0.09651741275463532,-0.03855251076860945,-0.0886020831524359,-0.07451722118746673,-0.11634923021435739,0.0,-0.10803074421370518,-0.12566736549584512,-0.00046393887864226713
2017-12-25,0.009228710632685377,0.07931215483245513,-0.04009861210497553,0.017514997997343684,-0.0010750762547742099,0.039405591399003015,0.0,0.012400513198455698,0.021245271630419005,0.11427461407319583
2017-12-26,0.0963945825854502,0.03859673087828597,0.06892943782268454,0.021266739482559416,0.01282525595305195,0.006263293395825542,0.0,0.018317127912579778,0.03730765121188906,-0.0027806919166923905
2017-12-27,0.031551621618261194,0.007395593162869751,0.11164622534471148,-0.0071350787358852585,-0.008888947417245774,0.003920078761363577,0.0,0.01117330059812538,0.0630902601804273,-0.06335517482231268
2017-12-28,-0.09123245615172593,-0.05864784177904614,0.07052730391585177,-0.10187569336225444,-0.11653381625595127,-0.10437478694924618,0.0,-0.10062341537355746,-0.07135858210070367,0.07506448743838945
2017-12-29,0.017692237569056246,0.041971495862657804,0.1722786976039174,0.001953903877118357,0.024575156685140875,0.029882784689028163,0.0,0.03983852430443502,0.022313897284012896,-0.07786999495398739
2017-12-30,-0.09485131811567449,-0.0465825333994907,0.4423666551214069,-0.11295161295014111,-0.0845228407414611,-0.06417848561106787,0.0,-0.1014776610397341,-0.0955755324626475,0.07064407973831344
2017-12-31,0.009370734637213829,0.023728835716084973,-0.12295048726540592,-0.0005974337682514985,0.00212811316749395,0.0069067651993171,0.0,0.005167799158440012,0.0076545336991644675,-0.02907448382387301
2018-01-01,0.008987989940242969,0.040144103185530966,0.025476238167834397,0.019822245688271956,0.0012746974320005933,0.06563652941440434,0.0,0.01497961663450198,0.023495030212114187,0.08587091986372108
2018-01-02,0.029222030457971115,0.12426672605756384,0.03213476676379545,0.08567227101460162,0.04767742317150425,0.0845729661869905,0.0,0.08042156731057393,0.06652442881681164,0.07473897004999053
2018-01-03,0.07623461309439605,0.04260439947576433,0.16072244499049304,0.011665057302246318,0.053981984311479714,0.010654816258918842,0.0,0.028675799976666916,0.05224888896817337,0.01618855817994813
2018-01-04,-0.009628961056566965,0.06942072081900719,0.2835797830942075,-0.057506677252853855,-0.0752593827587642,-0.023929070865065682,0.0,-0.01333945969392758,-0.005329368683200997,0.059285017151131214
2018-01-05,0.06490380414148689,0.030174970987410177,-0.09358516808185335,0.0391869191330807,-0.013322428516876705,-0.0014075953191605706,0.0,0.008912714970575664,-0.028006466305114053,0.025701420125029628
2018-01-06,0.05530262552543164,0.01653336569897146,-0.07691289303255244,0.14178236856314452,0.036622072344929535,0.09678709345178405,0.0,0.014097149755033733,0.024617253693589802,-0.004981544948437389
2018-01-07,-0.003043234141504314,0.08127326715324568,0.0494554024033913,0.0017637755048065529,0.05960211468274945,0.2030005854808854,0.0,0.05530971469995016,0.10098197275308696,-0.09617085760095279
2018-01-08,-0.07809238067416935,0.0653476294288371,-0.22911557045954356,-0.07762465220252679,-0.06893849262943785,-0.033640227597323324,0.0,-0.07118306385623985,-0.05048347430365574,0.0004331723571642243
2018-01-09,-0.028510631165190148,0.05397600120179735,-0.05270680904996927,-0.02797156459918604,-0.01107249368451857,-0.0150327986885328,0.0,-0.015226447331291304,0.08531091113509603,-0.005533846860808822
2018-01-10,-0.04856414091466554,0.0819355721417887,-0.24658131400177286,-0.038429892816387756,0.05104584109309673,-0.02519485384798692,0.0,-0.025595547188963508,-0.07055771837589742,-0.09793397091907252
2018-01-11,-0.032992244202171506,-0.07620489743280423,-0.045621004486539496,-0.033639968057728176,0.010524361416663908,-0.011479037876809706,0.0,-0.03966525639243201,-0.052588373453884785,0.0652958567680848
2018-01-12,-0.000938187922892908,0.008939515038808743,0.10519575744013765,0.0010561073884831629,-0.00349582799207937,0.023313043242429998,0.0,0.004805391274938842,-0.006335577411283211,0.042486583484762974
2018-01-13,0.03637022281633939,0.09265883048270496,0.025861407118033752,0.04515079465914962,0.04191089561563732,0.03671884864642205,0.0,0.05502553471208671,0.10760126618929178,-0.048694797078931984
2018-01-14,-0.03846628082779624,-0.004434597067865198,-0.09016927435076516,-0.0005674425920636494,-0.031074876274357344,-0.035730093644914085,0.0,-0.05310982531394792,-0.022829667611011573,-0.038288919551741074
2018-01-15,0.007999177881863773,-0.013423020332140823,-0.031051745330693103,-0.028277568970787925,-0.041656317323201186,-0.03252437400177488,0.0,-0.04002486414723716,0.015187596351482924,-0.2370068672625827
2018-01-16,-0.12825433552367826,-0.16004892118483127,-0.3098583683965652,-0.14594473735842506,-0.19135096351334901,-0.15881002569350677,0.0,-0.17947104170182548,-0.14290867071187385,-0.016222509111133654
2018-01-17,-0.13130737112105884,-0.1722243356959714,-0.1753775974446277,-0.1663181820111861,-0.2029408439966902,-0.18604571844789852,0.0,-0.12461982203458088,-0.1782462654371768,0.04203267335038863
2018-01-18,0.07301071883416732,0.09056505040533658,0.22737486933397252,0.10230908595158805,0.08388148398070161,0.10289356209254841,0.0,0.12698754075735863,0.10055962897299331,0.005476825915645023
2018-01-19,-8.6501448953058e-05,0.00381679852670036,0.1602644548215913,0.0023279427756941473,-0.013778118209723189,-0.007287299003444936,0.0,0.005426108848544331,0.0009608225379471591,0.10688852217360356
2018-01-20,0.08169160036382017,0.06810358730206723,-0.05230352303767982,0.05412422262360028,0.06446915136195486,0.05810209136504341,0.0,0.07819365189666883,0.1488098688323216,-0.12346184132637283
2018-01-21,-0.04567003683318838,-0.03439252995975561,-0.12571077655869445,-0.04630145694522714,-0.04360073892720706,-0.07255328031437092,0.0,-0.06828570691865998,-0.07251496656891288,-0.061603734835266266
2018-01-22,-0.06614194211177704,-0.05391376465983111,0.004288784272217627,-0.05762078284051597,-0.08208283078848044,-0.07972539616944463,0.0,-0.07106752455100995,-0.08287698344656924,-0.0033234223477114355
2018-01-23,-0.03788435053291117,-0.04338946809565947,-0.07630505092393586,-0.0443225348850822,-0.04772878073351006,-0.06292238457492338,0.0,-0.04754529535418328,-0.06784729421248237,0.03400833418439042
2018-01-24,0.02685828750286845,0.030675360400037377,0.0510238200533501,0.01472310707122304,0.009852296443011888,0.012511764178532836,0.0,0.007880358698479029,0.01661473491992993,-0.00370251984761083
2018-01-25,0.025804439154507364,0.05271944230932135,-0.02069549103277707,0.010833084624708,0.020619287202735315,0.0388101699897998,0.0,0.048774094157997716,0.015435599393406108,-0.02366307029378767
2018-01-26,-0.026616017719275575,-0.019802627296179764,-0.12640862823146212,-0.029630598957694154,-0.037925034300327454,-0.010970881678057154,0.0,-0.025130931405058732,-0.01765115886875357,0.035287274854263195
2018-01-27,0.018678768182370575,0.02909637448763913,0.028406254159733163,0.016666865292523703,0.01115944624889842,-0.00848604553998733,0.0,-0.011868690873415133,0.031429469020026524,0.06758415919659555
2018-01-28,0.036171566358980556,0.09438468228338248,0.06227071272310364,0.044413989624975336,0.04931847271390222,0.020718640413416978,0.0,0.023422656129906017,0.01781372570546136,-0.05276841591473591
2018-01-29,-0.02928898382087297,0.0016820861829840439,0.025221054077775362,-0.02047768636283731,-0.010619568827459958,-0.025581449579117788,0.0,-0.02156160419558084,-0.030221576851435117,-0.02928898382087297
2018-01-30,-0.05336886823177167,-0.04292504471703307,-0.049507402455403055,-0.05101402967598201,-0.05611227921164019,-0.07038281685010883,0.0,-0.04427741141925701,-0.07112804553222762,-0.1126288287966215
2018-01-31,-0.05991760903177834,-0.03571808260207998,-0.12036368224987493,-0.06524637230469743,-0.06948591289000561,-0.08445162042164789,0.0,-0.07555930744411832,-0.07563177882178884,0.02074320727974399
2018-02-01,-0.040087742450127806,0.009950330853168765,-0.0253636784918551,-0.0530596330732136,-0.06243358720319314,0.022911103910614017,0.0,-0.0374480579034131,-0.049487273097428286,-0.11071669505641957
2018-02-02,-0.10895487126055414,-0.1772399804496576,-0.4132938379382404,-0.17732469111360682,-0.17135825199668542,-0.07380840439738812,0.0,-0.15581389915519672,-0.1313861990073475,-0.06010290675406793
2018-02-03,0.038459810325200294,0.028267887765566435,0.1843998394955928,0.08992739902460745,0.037520032471264564,0.04203869760020584,0.0,0.08030859695156067,0.06580387736700288,0.02840072946840344
2018-02-04,-0.02958300229236599,-0.052331366186932904,0.05606849547592303,0.10678701485618891,-0.008216973102281422,-0.027795613518790674,0.0,-0.0199349034648435,-0.025990240211908322,-0.09055622896446369
2018-02-05,-0.13596223635153137,-0.15635306476928879,-0.1352465251881056,-0.12906101186981456,-0.16757927505675063,-0.15116294410062192,0.0,-0.17441817986209873,-0.183062349475966,-0.1979048128833636
2018-02-06,-0.11719909403394979,-0.13386664790119784,-0.19665601574304203,-0.11395702247009343,-0.16428691901722114,-0.012888125117788363,0.0,-0.12144259077865183,-0.1242355702915976,0.12051502895220967
2018-02-07,0.14649069385799152,0.16194967604889765,0.15848344223801225,0.16349948037539264,0.11721985482384323,0.14010478330497467,0.0,0.1917987311485856,0.19961920942586708,0.14649069385799152
2018-02-08,0.039908934419340625,0.019650108992307125,-0.009120584396808962,0.0025001550002974327,0.1647416928899279,0.09399972169007142,0.0,0.05620077381131061,0.08879680385335753,0.06108825609429669
2018-02-09,0.005315306063346625,0.021417692637275998,0.04854081869999402,0.020294260974268674,0.10214633576348042,0.0756079830021843,0.0,0.05596537563500448,0.04267999729313221,0.07083926197323631
2018-02-10,0.04603249265277043,0.04540509288907657,0.3213965742157656,0.07132247967474648,0.0007827789049406064,0.1076354666555206,0.0,0.05598846093697318,0.041753126629216375,0.006653102050667492
2018-02-11,-0.054016084107610496,-0.054031321531801346,-0.10878207479740741,-0.06678668924241116,-0.033415996919844204,-0.08262835406551083,0.0,-0.0768846318157248,-0.09472186492295886,-0.047430310996384506
2018-02-12,0.05067371944472221,0.038104658311872264,0.1033423515015892,0.05125935241700308,0.02398196468648539,0.03722383986376254,0.0,0.033952479670126934,0.048030013219252154,0.07337509385383623
2018-02-13,-0.0005774005587984021,-0.012359852277379346,-0.07061756721395351,0.0019707178019992,-0.024791353642043212,-0.03054764732584392,0.0,-0.02021226727912584,-0.03257925952721408,-0.04404362706190401
2018-02-14,0.044948849101739796,0.04349106577842221,0.020280753052359782,0.19964045775346495,0.05052376760852173,0.045448615568430384,0.0,0.06713313813137844,0.07524081993824883,0.10741396676891846
2018-02-15,0.08293534703777183,0.05268506733753053,0.08429897006140791,0.147936215966749,0.04441829144804199,0.020200144339817427,0.0,0.06444472022813752,0.08717897713723577,0.0407979510146399
2018-02-16,0.02211589937662417,0.0024090473531011014,-0.01148930004775564,-0.010886308836915326,0.08670450614915737,-0.005185474276601099,0.0,0.013998549601755172,0.03609463196468621,0.01081253751502409
2018-02-17,0.06308961953064873,0.032720140499292505,0.01148930004775564,0.03172926474675197,0.03516116765940236,0.027881011294520697,0.0,0.04372202068377362,0.09529095867292714,0.05787157391423303
2018-02-18,0.005492217668932042,-0.022143853555780524,-0.04034612650973761,-0.023892072221080696,-0.0085106896679088,-0.04441753694696171,0.0,-0.026256656981338722,-0.03316990991982749,-0.05012364505265321
2018-02-19,0.011996083692736192,-0.003441132255582069,0.0586313551632132,-0.007409186509032217,-0.0052735784709367906,0.008254712356554172,0.0,0.005988748962667323,0.007098478177307577,0.0362628093820625
2018-02-20,0.057825754664452944,-0.0019330704508462304,-0.011279946065066937,0.07508847710063193,0.0006607202090380682,-0.012322921463304937,0.0,0.01857158741703646,0.018429404090998247,0.006242411933912173
2018-02-21,-0.06251477166847152,-0.07755395989469438,-0.06581915464398638,-0.09317389509903062,-0.11465056256491835,-0.07790419145594463,0.0,-0.06042686744563319,-0.042935740211623497,-0.1386602431534234
2018-02-22,-0.049689102790974715,-0.04468479987325491,-0.09885793817025937,-0.05951328377753917,-0.07217252440433164,-0.03866688594017553,0.0,-0.06733333820565957,-0.0321208476867989,0.005336688950968949
2018-02-23,-0.027393593519242643,0.017736902641399155,0.01935872986954893,-0.019608712369320713,-0.012820688429060922,-0.028418791289603895,0.0,-0.021584611983358037,-0.0513100477438293,0.04091108213745631
2018-02-24,-0.007092582551926796,-0.0021492144481234376,-0.04541544114390979,0.02284543298827213,-0.01708052911781177,-0.010748926513885593,0.0,-0.03133865609210584,-0.012442246084293451,-0.0531434695660602
2018-02-25,-0.033227679737679594,-0.004845251361351721,0.003162891408508277,0.022002955890472187,-0.03336422894390001,-0.019544810721081163,0.0,-0.026362560124291612,-0.010307498401217252,0.00611365216142179
2018-02-26,0.029612128947620775,0.024804192017591653,-0.020202707317519344,0.05697433856582812,0.019320214557781767,0.02413459931787898,0.0,0.025816830527174872,0.040618074883348676,0.04513686672946626
2018-02-27,0.06202631294647354,0.02063316824471695,0.029631797606371052,-0.02313655010491633,0.04235160609771338,0.024404847206024982,0.0,0.024161435625023486,0.0516244989561061,0.01768530048823802
2018-02-28,0.003021435590991217,-0.010169751560640705,-0.042604952527751094,-0.032651869448259596,-0.02176627648195506,-0.03392332584234836,0.0,-0.03363119551629001,-0.0151548581730232,-0.0346301289020321
2018-03-01,0.005546951655077237,-0.004690493041116461,-0.0032697576815567814,-0.012282852036539893,0.024950992549474194,-0.009503004753812938,0.0,-8.324391549408006e-06,0.013994630638300087,0.036591296811925744
2018-03-02,0.031015962274857145,-0.0032862959485866483,-0.009873914558993668,-0.0022053798082257714,0.014207026644349696,-0.012712225604333938,0.0,0.015440201668543985,0.0843284556392021,0.008491550408054493
2018-03-03,0.03246138285124012,-0.0022974499380961078,0.004400447144821712,0.026715713564978927,0.001566171032744812,0.005621401789000835,0.0,-0.001964261584532778,0.0928044007202935,0.00921844100570457
2018-03-04,-0.008305402044566534,-0.008373076930316081,-0.011037639651620412,-0.020004214628484895,-0.01895791374461364,0.009699832728150781,0.0,-0.0021985710749996557,-0.012414169646978834,0.009327191619954434
2018-03-05,0.023326206685212014,0.00894503488089704,0.15684247149296976,0.013044158522517613,0.019740080385976633,0.020374317363745398,0.0,0.016477107471544628,0.04977943635950499,0.004653930969456432
2018-03-06,-0.04303834033850684,-0.03390763078424097,-0.10916280160756497,-0.04204673176727791,-0.04232168508268597,-0.04355296354316529,0.0,-0.05083095970166607,-0.03869375450516799,-0.0590591699690437
2018-03-07,-0.05802642553538995,-0.06334284804097479,-0.024639703937148823,-0.06377186069927454,-0.0605226694281118,-0.05029463259874323,0.0,-0.06387768389407977,-0.028505513401128724,-0.0696512734055057
2018-03-08,-0.06989743961737815,-0.05670111728900373,-0.056903246704091096,-0.04753305181768219,-0.07744642754790476,-0.08695373305619025,0.0,-0.08057134252724296,-0.11514781320187684,-0.06307390620695763
2018-03-09,-0.08551666425665339,-0.0743117546616654,-0.08878729806228769,-0.04544281319552734,-0.07652518108074435,-0.11911590724429999,0.0,-0.08607122469299355,-0.15568822734288812,0.00021627790265998925
2018-03-10,0.03575935217196857,0.05381010311539658,0.04777393429448648,0.06954808750247743,0.05857476995690103,0.03193592594824679,0.0,0.08740695690322653,0.06280656264887963,-0.04228401172749141
2018-03-11,-0.020418900162377795,-0.030914547174796247,-0.022989518224698746,-0.01615996777246753,0.0057034375138700355,-0.038621803400858745,0.0,-0.01184159573191046,-0.05403106846148731,0.059492925821336584
2018-03-12,0.042334363826560306,0.01818077936340412,0.024184975629472444,0.00850477339318001,0.034470110394683395,0.008997319106394563,0.0,0.0391547577187783,0.025200425773523882,-0.030406525702982634
2018-03-13,-0.03081792176500109,-0.028270980336996487,-0.06286727806026868,-0.04676211109070749,-0.034470110394683395,-0.03146218309048621,0.0,-0.05719644798764101,-0.06721244958544847,-0.007156552470421573
2018-03-14,-0.042436346685866155,-0.05056059158987747,-0.0402390431801819,-0.041260555438187296,-0.042600826889695576,-0.05355191905948509,0.0,-0.05567599433314463,-0.08072026793792642,-0.10803090730058074
2018-03-15,-0.07867829586436947,-0.09287175749530796,-0.046078611964075644,-0.050940583442939946,-0.09316678119581034,-0.11404238915867992,0.0,-0.11872359515504538,-0.09761100823720348,0.004879732379891699
2018-03-16,0.024680603535543355,0.012221529877037618,-0.039609138095045904,0.02497069166436372,0.041967188493396534,-0.016536730224670393,0.0,0.010268114437584686,-0.0034448910944924194,0.011040467194013637
2018-03-17,-0.027762649986829757,-0.03956971960084221,-0.013072081567352622,-0.03621905272547288,0.014523295561865268,-0.047190328817031,0.0,-0.02247920263593617,-0.024824918954270636,-0.06320461679379452
2018-03-18,-0.0510398839034476,-0.14151574106614984,-0.11613964991265352,-0.08200273148161052,-0.07916870673398524,-0.0655038483533561,0.0,-0.10651798523046896,-0.09307496084808875,0.0008029176945827388
2018-03-19,0.08275771373320495,0.05887875293654243,0.08495672247596553,0.06302728750520181,0.056034096402271416,0.11384503763822362,0.0,0.052313647319491174,0.1160334627094537,0.05602860684528643
2018-03-20,0.03305988976265262,0.008911354763811552,0.04713685537892953,0.04147609031251864,0.059810907472262365,0.03709789291038135,0.0,0.07105633037967785,0.027273442323373587,0.019787725397064193
2018-03-21,0.0409284580114786,0.04515372019578212,0.02276058423844879,0.05228760161579782,0.03689738937582554,0.07185251398824821,0.0,0.048221134493707574,0.04442294793299517,0.0036401094510090104
2018-03-22,-0.02167284874308173,-0.03725023321485654,-0.07140687386623257,-0.029296826553290245,-0.02314471682378816,-0.057279113305544804,0.0,-0.037081278441368326,-0.0579340372336441,-0.032395839708103225
2018-03-23,-0.0299596090835621,-0.04647470899879114,-0.038495900364844904,-0.03289551443658034,-0.031574236743955986,-0.04764334115693902,0.0,-0.03397816768414241,-0.036832166302093405,0.0028129125872613514
2018-03-24,0.038099846232270806,0.02603501973636302,0.010929070532190277,0.02524007848616261,0.020784529322575906,0.04015080157872397,0.0,0.08499892467564418,0.03707004664940072,-0.024732645095970618
2018-03-25,-0.0369308023768955,-0.028087855146738505,-0.018809331957496234,-0.030946964935480104,-0.032887986746763076,-0.043066545336213125,0.0,-0.059085778113323606,-0.030581482552168637,-0.010471860390552479
2018-03-26,-0.03846857173392948,-0.044328619628855925,-0.05362779603140816,-0.044241001650800804,-0.04567398015785962,-0.04851251250353705,0.0,-0.05498013685388159,-0.03891320277238286,-0.04773778446961341
2018-03-27,-0.03120050850188072,-0.07530011474608234,-0.03051084126353809,-0.0789082554140128,-0.03810371984582961,-0.052449121209173555,0.0,-0.06355874791643235,-0.049935432385266765,-0.05237633705500855
2018-03-28,-0.0054010054046180755,-0.026247526359224338,0.015371780047853889,-0.05088468991470485,-0.02868392836190381,-0.014982540545436684,0.0,-0.03797919592198262,0.016744577273802186,0.0023530473470740887
2018-03-29,-0.05063064775274029,-0.0852697864179115,-0.0904069659907678,-0.09699247231107044,-0.11621625021185267,-0.07581555070862578,0.0,-0.06912320329753285,-0.03141432691552115,-0.1200880316823465
2018-03-30,-0.0886024672218717,-0.07435929482172465,-0.051390945869489446,-0.04415680370578645,-0.09646107696516992,-0.05269954738965854,0.0,-0.04481425318109533,-0.08796693396526756,-0.014791987937581297
2018-03-31,0.01679505493537725,0.04234901736020813,0.013579258126380833,0.026937201052029458,-0.005724261476068193,0.015075741652691654,0.0,0.0037593382021237076,0.03570480099888762,0.00675333343437412
2018-04-01,-0.028736364735294728,-0.04895945315609396,-0.06363976008329886,-0.0458212449948574,-0.061177240092358254,-0.03977868219390057,0.0,-0.06461683991670508,-0.012757900627449636,-0.030075646521716237
2018-04-02,0.025742563939090246,0.008320407890333392,0.036294306192770076,0.03482016288039258,0.0057754074714608805,0.05190764836375816,0.0,0.005149295747020055,0.013824974755557662,0.03024410569075897
2018-04-03,0.04753839520223657,0.040527018996727726,0.06330013088642461,0.060226895734501795,0.04281721334643951,0.04239423637602613,0.0,0.0966587708638107,0.041349943504633835,0.0681417229585719
2018-04-04,-0.03293959578108385,-0.025658176725482207,-0.04758271499101496,-0.01797916260968968,-0.03491075852378067,-0.04987514227355039,0.0,-0.0368319970660016,-0.0372103801730983,-0.09105873140837151
2018-04-05,-0.04710311189245253,-0.033344689363722146,-0.03369991844584208,-0.044202718537350805,-0.04929661359704074,-0.05004504061967108,0.0,-0.06600644915911502,-0.04402015556986427,0.0013881060473144302
2018-04-06,-0.01590756803083515,-0.016289138533308822,-0.049596941139372075,-0.0287506433768554,-0.031063308072236673,-0.027390330160761422,0.0,-0.028308245830767298,-0.019328404673649047,-0.03833085257277169
2018-04-07,0.03576803389957384,0.03215344195577252,0.02922963831493841,0.020790233808908987,0.027736294295063857,0.0182092616831957,0.0,0.04093277573590992,0.009802315104258774,0.036196804704574426
2018-04-08,0.0149256502166768,0.027959295517339555,0.01227009259181433,-0.002852340212653459,0.024551497402598876,0.00894082561271592,0.0,0.007450523177544355,0.013065647934032754,0.02018811368373008
2018-04-09,-0.014636507522743258,0.02210127243896487,-0.010214593409718309,0.0009374867520897112,-0.000662807711303337,-0.00510238706887467,0.0,0.009447956384119216,-0.0013979987597885213,-0.020022627727874998
2018-04-10,-0.01646907441154788,-0.0033359326899251585,-0.0061792163659580845,-0.027620482661719237,-0.014307185542516088,-0.018731486406885267,0.0,-0.029619766278644377,-0.03075599316813804,0.012663268698251073
2018-04-11,0.015601395398325835,0.041187880462372206,0.016393809775676393,0.005014030543187609,0.018619038646733088,0.022079443912059737,0.0,0.011814908886564446,0.0030490024340874555,0.028456580551247335
2018-04-12,0.062121322551645264,0.07011334786369083,0.10047053036363462,0.04376278926156907,0.05781828606816308,0.07808283823484086,0.0,0.07886306000973597,0.06611937872257467,0.12812980870588397
2018-04-13,0.08506068795951904,0.11370805250694183,0.15938903648884717,0.07289849564874462,0.08191442231804658,0.128485824173314,0.0,0.11103411431583776,0.08443943194306769,0.0007502315541207949
2018-04-14,0.0021206270031601804,-0.005852710018326768,-0.0015686277726265074,-0.015337975656620095,-0.014936356550928842,0.01469461788663029,0.0,-0.011878644243598302,-0.007144790687354963,0.00547514471326771
2018-04-15,0.026560026765166,0.035821197295070384,0.057943035300366486,0.024476732827646508,0.033312107765901544,0.008439495000552633,0.0,0.034538562112715,0.029528858645900158,0.05325120386436755
2018-04-16,-0.016763928834864217,-0.015762118849719897,-0.02702867238791934,-0.014838594920361992,-0.0026289479478842637,-0.02495111302190267,0.0,-0.025532957263134648,-0.01874596944282203,-0.02345322316906362
2018-04-17,-0.0035848978376620266,1.5623230181560643e-05,0.019593693900401277,0.05029149824884627,0.00925852550641082,0.00549432392123439,0.0,0.014016401973536041,0.01765650186272616,-0.01670381720077696
2018-04-18,0.0012376239203515382,0.005618271288257759,0.01775194545845038,0.017553853362203498,0.07271157715414756,0.04713420829857373,0.0,0.05121211481870436,0.10767371368229206,0.04423898151655603
2018-04-19,0.019232539887553912,0.054188330130886087,0.054221554166638763,0.03737322593623382,0.10487992231063892,0.0633391575688309,0.0,0.07836559069005578,0.05569268204322331,0.052873091999288135
2018-04-20,0.02657884219931894,0.07291841143302413,0.19497267434751347,0.04838161758325388,0.12632081024774955,0.06396105426537879,0.0,0.0459683961394628,0.07046900873022377,0.056716443397339056
2018-04-21,0.04119999490275639,0.03357166519503085,-0.060053356448142775,0.00047472745852594755,0.06376293418821355,0.003000331283109503,0.0,0.008534524267447274,0.02572913916559738,0.019432080598128287
2018-04-22,0.01048901512987932,0.02916989930822922,0.0948687761335077,-0.003488815568139181,0.06330678703637371,0.019130983078083474,0.0,0.03437772384368021,0.038212551150795804,0.0007278012239853027
2018-04-23,0.0013454425171239848,0.0267383659603162,-0.033673215106587925,0.011717177785154576,0.13939651207692094,0.030356498779253727,0.0,0.054214039649530754,0.04903172200096062,0.029978713971467563
2018-04-24,0.043842637864175416,0.07534069770291563,0.046831299684099076,0.07078797220646305,0.09211528890780585,0.10027944058950666,0.0,0.09067553024026509,0.042026557400075326,0.08300590883425851
2018-04-25,-0.010131580521864691,-0.06815754232911697,-0.11533505401774352,-0.06721419986390398,-0.1255632229753454,-0.07919533832116255,0.0,-0.09528748935669284,-0.08701230993641129,-0.11743445534103714
2018-04-26,-0.037190492919510376,-0.02016192902111058,-0.014778594096118647,-0.03148043387838939,0.00977818998163471,-0.0098277387297383,0.0,-0.01980114212119677,-0.022286453409325446,0.058309326076241064
2018-04-27,0.036865448223004194,0.05289981401332344,0.05901772643013187,0.026606348879566255,0.04106148679777455,0.03214906323268085,0.0,0.03066619825961059,-0.004888638510076149,-0.03324917358363155
2018-04-28,0.0022730972606144206,0.016413966132568625,-0.017699577099400954,-0.0027321785665002096,-0.0021574981400211968,-0.014684621744964765,0.0,0.001272433435207887,-0.01771067008512084,0.044538074662576754
2018-04-29,0.012463898323929357,0.011463363807138194,0.008298802814695111,0.013993915671052015,0.02909038049960877,0.0074220854309592355,0.0,0.0050026377780536535,-0.012303823734181485,0.011993622761508504
2018-04-30,-0.0065349206796891934,-0.0023817825463137154,0.005885832177261352,-0.008795235830906911,-0.022631800460197304,-0.017289099867777047,0.0,-0.017819000695653564,-0.026989646021599256,-0.025453736280969252
2018-05-01,-0.032775492171877474,-0.0368440742923104,-0.02255288466247307,-0.03681339367954628,-0.07421802552972068,-0.02716622525705148,0.0,-0.03513923862000912,-0.04760082081222805,-0.007165514932649053
2018-05-02,0.013677689515288805,0.03119764470516362,0.029570457321119625,0.02200295331420765,0.08134563945395268,0.031770296103412754,0.0,0.016382998207764565,0.04276235438898368,0.01936523034137938
2018-05-03,0.02797914079508068,0.078255776561031,-0.004672905699392438,0.047590223013745714,0.05995594910679891,0.041162358597160775,0.0,0.037294812153004564,0.009936396792173063,0.06724375358424428
2018-05-04,0.029702556110347444,0.06456210341992286,0.05800374991135632,0.03818147837446606,0.0013368985948423173,-0.005499738212126459,0.0,-0.006739618024583116,-0.020879408486696782,0.0044947113333133615
2018-05-05,0.017833823063607923,0.033213904131873306,-0.0033204236373024637,0.07438199557254332,0.09184270667046235,0.01377188058420753,0.0,0.01369976024636177,0.0036390771226573193,0.031909681013163826
2018-05-06,-0.019075545077459566,-0.020901795881667518,-0.03267896422302148,-0.011484118311830827,0.05627780413020478,-0.02618719894890198,0.0,-0.005427460062559675,-0.027689051773059248,-0.021172739907957094
2018-05-07,-0.030593713224357444,-0.06443896135318372,-0.056552169504921285,-0.05066667753714338,-0.05810763080728076,-0.06239430120284428,0.0,-0.06755834679792994,-0.037910459391489404,-0.03992399321681539
2018-05-08,-0.009115833408008811,0.007811372382724002,-0.012195273093818265,-0.01186115371029306,-0.013522025331974774,0.006599763185132446,0.0,-0.020817180925072343,-0.003833426682938068,-0.017230076557965823
2018-05-09,-0.007787190551768575,-0.012297350628903914,-0.014833399294100935,-0.03548009203056157,-0.026333810103691846,-0.029186900598450194,0.0,-0.03661094429095879,-0.013319637360902803,0.004572763218341436
2018-05-10,0.008433394128374516,0.018989293282159814,-0.003742986278834376,0.0007025432353033878,0.03127209174427481,0.01319760021086136,0.0,0.02488437920595743,0.01465333182568962,-0.039913554010691854
2018-05-11,-0.06253077630709925,-0.07599445599615162,-0.153734099942042,-0.09765860554069405,-0.12582017320103223,-0.10741957634989507,0.0,-0.10124680538899611,-0.09778442675856258,-0.07184870740994675
2018-05-12,-0.03344715438634438,-0.040413505841017106,0.014472032608534247,-0.024398405718589977,-0.024029424726835558,-0.02999158275533631,0.0,-0.023017369886749073,-0.03817548006715388,0.01780000609291843
2018-05-13,0.015055565491032041,0.0472699814207056,0.0057306747089850285,0.02330669101957117,0.038587740776526935,0.03889837790840822,0.0,0.030059374685870388,0.04383940891988747,0.03677946423117362
2018-05-14,0.0033797596416338394,0.020875013338487847,0.05014978368547163,0.004787641446379887,-0.025088423879601862,0.11251421866689437,0.0,0.01846501426367997,-0.004607066665167636,-0.003107641311062004
2018-05-15,0.006609869255999712,0.0070316630061491026,0.016172859245601023,0.010506951230861539,-0.014930956368362835,0.2183292144849993,0.0,0.04609408425998929,0.022115306825263303,-0.036646973134527805
2018-05-16,-0.04261991895673134,-0.04033244661702273,-0.05778774048123525,-0.04561555447910148,-0.09380701213286358,0.014607539434594585,0.0,-0.062080575729757115,-0.06755514426872189,-0.00981583570419442
2018-05-17,0.0007234145480676801,0.006933212005424849,-0.014265577158822429,0.0013792304629811625,0.000786472710613495,-0.02393231574801913,0.0,-0.0021935483168524783,0.01453295183184089,-0.04585653751846763
2018-05-18,-0.022179802715594832,-0.030574114627350824,-0.03509131981126995,-0.03598163914479269,-0.06579717454476786,-0.0056508821429615,0.0,-0.052559491673133785,-0.03862258822606446,0.019322485439378312
2018-05-19,0.018436515122987274,0.0263949950925797,0.0014869891215782416,0.01858086057833397,-0.00673970537691293,0.044161735322972184,0.0,0.018224346730112195,0.03680183210947874,-0.004603754436470098
2018-05-20,0.013458506435302553,0.02028034980249327,0.017673508617497502,0.013111672120516005,0.052687081701649596,-0.027183614719017868,0.0,0.0014911177125771502,0.0037030508744235746,0.03579173050366791
2018-05-21,0.011629417881209747,-0.005811928665068855,0.0058224327514331264,-0.0028964485884364066,0.007191401348107362,-0.02753073863567046,0.0,0.0030717474300709924,-0.004554541033559012,-0.01836484713540454
2018-05-22,-0.025692994825684323,-0.03704369963736198,-0.026472134041976625,-0.029962343972409933,-0.05987848304975696,-0.036135374746463,0.0,-0.054063425442775426,-0.058719790203499045,-0.05427988845304732
2018-05-23,-0.055372730839886586,-0.10263559299403635,-0.0822806795139911,-0.06803289222531905,-0.10789966217650271,-0.06160288560814475,0.0,-0.07473547425665128,-0.07513449959182061,-0.07551994998348999
2018-05-24,-0.0344929099191944,-0.04628875452880976,-0.0032414939241710017,-0.027003282389259198,-0.03643739620243114,-0.06698826076887698,0.0,-0.01875784981933659,-0.026393157736376516,0.018356015863444597
2018-05-25,-0.005844086230423429,0.012924387666221726,0.004858309151076323,-0.0019889948876379293,0.008750663520185498,-0.00711821209588237,0.0,-0.004420858096306546,-0.01305420415278391,-0.021249898064568562
2018-05-26,0.001331203604467035,0.002567300666687089,0.0032258092488826606,0.0005473680855203611,-0.005825259191080789,-0.026113772388288936,0.0,-0.013184032309143667,-0.00956824774011178,-0.012343702019692593
2018-05-27,-0.023011174797856526,-0.03517612755767008,-0.017872124766121822,-0.02186910058912428,-0.03023236886134839,-0.052821158914794886,0.0,-0.05060415323303147,-0.012008303066200376,-0.008615196912661993
2018-05-28,-0.009849600832676941,-0.06699179312514847,-0.05735129647146575,-0.027789112890077128,-0.05692631471959686,-0.07026214669188668,0.0,-0.04326799092859801,-0.030930938289317922,-0.061085430029466536
2018-05-29,0.005073716746380796,0.008391279967243648,0.040821994520255145,0.01641116539735865,0.0013568076550898311,-0.02454012514110282,0.0,-0.010912100260089375,-0.02303581856126069,0.06874315952816623
2018-05-30,0.019370737745887823,0.034959464828695275,0.031175617468449768,0.023356660710198263,0.05313382433174585,0.0268199340080848,0.0,0.02763751883935317,0.010312896094945678,-0.006832632863920551
2018-05-31,0.008416321138264848,0.01803235236313494,-0.006483004878078236,-0.0031534391041576626,0.007025620980772196,-0.018055563377099126,0.0,-0.0053604002834219955,-0.00210125579545295,0.016310123368983298
2018-06-01,-0.0021307772078316134,0.006891482931187021,0.009708814126960896,-0.0010085136205715273,-0.007518704240322194,-0.014612572420583447,0.0,-0.0036210802444909262,-0.006105903316219852,0.005423330281758787
2018-06-02,0.015083641359625588,0.021090632892764027,0.034813642304140635,0.027198285869693528,0.048620379925874424,0.03884449830182124,0.0,0.042186748883209724,0.04092023953853552,0.01911831480239634
2018-06-03,0.011879259856840463,0.03734757697092572,0.027609115614066926,0.02489097844750887,0.08453147491473079,0.024397711981625214,0.0,0.030762773937514254,0.04769261377857603,0.027971017863010594
2018-06-04,-0.014640784394355677,-0.014907257844699373,-0.012176710575255212,-0.027808343744764485,0.0,-0.05107096565343827,0.0,-0.028423074164806827,-0.040986594052777825,-0.030409087271123347
2018-06-05,-0.01072360842258746,-0.01142344607358936,0.01820991137942307,-0.021602193842282347,-0.030413793192823668,-0.03098131850542174,0.0,-0.02089154228207324,-0.0019831924870841178,0.01934970336954489
2018-06-06,0.014010274103849696,0.01632251325497336,0.010471299867295447,0.015750060378123543,0.029532347565017325,0.0028499089554836488,0.0,0.00039393217886907195,0.013014549412691423,-0.0014729721428139442
2018-06-07,0.01161362306124758,0.005495035508798374,0.01477131732031256,0.005408867406975659,0.010526412986988198,0.00870375433579973,0.0,0.0021004678247580344,0.010510105920944035,0.0015439762159701331
2018-06-08,-0.007553102713675486,-0.010691436241646812,-0.025242617187608007,-0.014255951160018654,-0.022056474202525322,-0.0018698892168149683,0.0,-0.013427346392815842,-0.037083390486667867,-0.009661208807036914
2018-06-09,0.0003920799893393223,0.003543971211572128,0.010471299867295447,-0.0008415159447290321,-0.0008924587830199116,-0.00425932528702333,0.0,-0.01932845682706219,-0.014929572758247467,-0.01941431176268349
2018-06-10,-0.06798537112186764,-0.0775842145835135,-0.07250669078674815,-0.071746729236847,-0.10337835445383536,-0.08166376757725136,0.0,-0.06887193316920559,-0.09584680241796839,-0.10557949627175134
2018-06-11,-0.055054499455827965,-0.06111582336880872,-0.06785066690817443,-0.04918158989109944,-0.07691632926443148,-0.08982669876644511,0.0,-0.05623771753215756,-0.05439144329927981,0.01766928985607752
2018-06-12,0.0011815095156766375,-0.009114652653026134,0.015293416169498308,-0.011913858727716331,-0.012932552986621104,0.026128512652596747,0.0,0.003719528455912169,-0.030837137480602905,-0.06015725825917961
2018-06-13,-0.04776485971542854,-0.07995411032778499,-0.0954788280887281,-0.09011176227550255,-0.08044744650898572,-0.06953662212810663,0.0,-0.06622096838802793,-0.08826087456969312,-0.03959131561254736
2018-06-14,0.008632703526471275,0.023790568696329117,0.031052723341585153,0.013954989858707911,0.021791726004080303,0.017359455812655966,0.0,0.028710590437924566,0.06319759625604604,0.060457201991364506
2018-06-15,0.007949896632027276,0.018482115396745158,-0.014493007302566752,0.0089587639742712,-0.0008687279198857922,0.012310313909938309,0.0,0.008258411397424226,-0.008847652641330583,-0.04718363051077823
2018-06-16,-0.013028002489479107,-0.010527688838433136,-0.027753862782171068,-0.021206789212716792,-0.0203115742986002,-0.02141396187095257,0.0,-0.005731593783973032,-0.01571597649534784,0.009847575699025946
2018-06-17,0.007990208459522918,0.010342335904991451,0.0037453227301620373,0.006023895996455586,0.003353241570418497,-0.0075879930796851625,0.0,0.02349897048927385,-0.005844942941554798,-0.009479837305635286
2018-06-18,0.0013764627087233805,0.0014520078198891895,-0.040043481440841466,-0.009033860305931896,-0.0008703169836525859,-0.008997652895630814,0.0,-0.03046217678463492,-0.011082492446793601,0.04181762899070929
2018-06-19,0.02921894609092135,0.04926128866284163,0.0640520214928505,0.027692684698211956,0.044599055626202144,0.045488069355039684,0.0,0.021617947872339727,0.02662255595227947,0.015550476552156134
2018-06-20,-0.005805747606510536,0.0033196197131442062,-0.03339828040184811,-0.013431658093430165,-0.011690285553798141,-0.017268866953066286,0.0,-0.02208851978016657,-0.03622990021570249,-0.005525323933291304
2018-06-21,0.008473997040148618,0.007639476677737456,0.014981553615616927,0.0015823438425490721,0.0016451615153867394,-0.001573986716421949,0.0,0.02392089219649307,0.0027520637479359067,-0.00862437222312451
2018-06-22,-0.05680144355610928,-0.08473686851412054,-0.053447834443413056,-0.08749590229735116,-0.09591610808109419,-0.08531551553965766,0.0,-0.07195882583978097,-0.05763586572947599,-0.10561812867406761
2018-06-23,-0.03768006414775904,-0.03929039289493641,-0.03796659792385082,-0.061333628046436495,-0.058615071720931056,-0.050083543632363,0.0,-0.009137274221800773,-0.012917052154517883,0.010675114556266685
2018-06-24,-0.016735419297800647,-0.04350873126467558,-0.04797583187687382,-0.05568491690412003,-0.048589888928838754,-0.0376720973797573,0.0,-0.031631424222887894,0.006618077264954891,-0.016665324688474925
2018-06-25,0.02950739794027868,0.01417333741217508,0.04797583187687382,0.02612146803308857,0.04413071426163029,0.04278013800202629,0.0,0.019015100058620504,0.09417562540910307,0.01150079156848971
2018-06-26,0.0012843154759423214,-0.015184258101096582,-0.028927636906179388,-0.010547905268840196,-0.020885665867573344,0.011320047754835194,0.0,-0.01729209840856516,-0.0013340966238342133,-0.04640452276577545
2018-06-27,-0.016989325388424348,-0.03655019832082829,-0.029789436802107105,-0.026236615736880076,-0.04468991680589518,-0.05477587390949967,0.0,-0.03445309464159685,0.003422446365626719,0.01615247764290384
2018-06-28,-0.0013063359140552677,0.0027569429199987283,-0.0065005646030933395,0.008834864323968183,-0.009577016867154065,-0.001660445503786967,0.0,-0.021102445706913997,0.027594061581821983,-0.044292071731943494
2018-06-29,-0.030695068462602393,-0.043884295810872054,-0.06744128079553269,-0.06007187270353587,-0.04777679550045111,-0.04191970890607877,0.0,-0.0054656038117073535,-0.08384386436071622,0.04243688365501441
2018-06-30,0.0726144997944207,0.0757170905972746,0.08681755975867123,0.08810742896872803,0.11061949161209128,0.0896741402019785,0.0,0.0754256355137688,0.08421903998942071,0.03411374265382605
2018-07-01,0.0009397024967139345,0.006742220740565408,-0.019376278963138538,-0.016829164478966874,-0.009588571580871452,0.00822804616296402,0.0,-0.02022573818667528,-0.0016395581463699571,-0.007732917124091188
2018-07-02,0.014144947115054762,0.01877163970118989,-0.004357305368955733,0.02725393632117168,0.024737350022786764,0.0276312676149173,0.0,0.038365147050969384,0.03337438129770742,0.05167989103330761
2018-07-03,0.020622437091779133,0.02406938772173728,0.07768857845450527,0.054356069063556944,0.03756840626476432,0.051519716745461075,0.0,0.032902845833807426,0.043882819126009665,-0.017341781372061327
2018-07-04,-0.0033318219524289816,-0.011116128692669314,-0.01834913866819654,-0.01387415276456938,-0.023442854481249498,-0.026175726054705528,0.0,-0.03766481793747278,0.001411442849247102,0.009033653191455215
2018-07-05,0.0015158408238296062,0.005810603985609397,0.006153865574378248,-0.014128493294295552,-0.01962665003658426,-0.00344459006931519,0.0,0.01055513321943291,-0.01716396830800271,-0.0056481697429546784
2018-07-06,-0.005011019520665627,-0.006627859678077108,-0.024845998586530804,-0.017359165079315453,-0.03270978204866282,-0.04798379656247587,0.0,-0.0281859228363448,-0.02573776196195343,0.0043949348760561335
2018-07-07,0.006373314441106004,0.005238519922778018,-0.010537505302785855,-0.011998231020268868,0.002679415368129767,0.004701498818063143,0.0,0.00931875021243389,-0.014134116004468567,0.025371007974708704
2018-07-08,0.02214002176677532,0.03760571219538278,0.04555653160236717,0.026941621344283462,0.04977298329541924,0.013431348618378358,0.0,0.014568168493437561,0.025229073069284347,-0.00815933783279199
2018-07-09,-0.002963404154137095,-0.012317179828523983,-0.030834919777007364,-0.026004191658945963,-0.02361720737409101,-0.014438194094802626,0.0,-0.0274347978761309,0.014577909396896516,-0.01869401606411536
2018-07-10,-0.03365085522428046,-0.06869487053737,-0.06467770966866082,-0.05844196210982755,-0.05223087391155978,-0.05741522294398216,0.0,-0.05937281841512565,-0.08056082091149896,-0.06237404802658908
2018-07-11,-0.01796270037417358,-0.022909576812507382,0.004444451760424073,0.004376768955320465,-0.01676933491735877,-0.015279357895011003,0.0,-0.02352986352932529,-0.023054591398414814,0.015138312604870308
2018-07-12,-0.023396577806394703,-0.012557356318603219,-0.04072961150018861,-0.018682681281594782,-0.01871567723579126,-0.041387934523146264,0.0,-0.036076946494408624,-0.01978983044932292,-0.02706540602320473
2018-07-13,0.0006395906837788345,0.004670467606072037,0.020572154075208293,0.010920108776482529,0.018727112031015736,0.040796297758395994,0.0,0.054736269774485535,0.0030138906046159875,0.00657347102092487
2018-07-14,-0.0004796546578482719,-0.0046589485010608556,-0.01137668698210792,-0.010815418659134046,-0.003033370087045739,0.07555308417015727,0.0,-0.01621374078190474,-0.00641336434552553,0.000690329198311801
2018-07-15,0.014132827530994874,0.021629818923107003,0.020385756924473863,0.014227023999572097,0.028192222693720126,0.011577686321389002,0.0,0.030227292727321498,0.012955561188912945,0.023555592031004657
2018-07-16,0.03028416851443616,0.04624738749798052,0.04386668210558187,0.04457010573305009,0.059676368483668085,0.025486375123332294,0.0,0.04568267750532051,0.03597336075565938,0.06933190908889397
2018-07-17,0.05244759198046722,0.03513897324699222,0.010672459890771813,0.04440455378999175,0.0630897151346188,0.05436745265573162,0.0,0.05579630897800847,0.08397913869967599,0.06560289393349983
2018-07-18,0.07330927906352258,0.02837585651578234,0.0795526317019537,0.06251678046772735,0.0580006100102457,0.1210384865239833,0.0,0.0491058330662133,0.036023826529591574,-0.01277545268231517
2018-07-19,-0.0018903597311688003,-0.04355815421542353,-0.04614660263578163,-0.040028188107756435,-0.04717258065520813,-0.04206729134950571,0.0,-0.0027382283777548366,-0.025380384914713616,0.0010605154096277047
2018-07-20,0.0041810027862538846,-0.03269923383697382,-0.05486608008594118,-0.03091555858190631,-0.03308682103922056,-0.0673883778662212,0.0,0.006652630013430638,-0.03949418305684205,-0.031803936765387064
2018-07-21,-0.01041746551558198,0.002162624477756836,-0.026375155254394267,-0.01549730551175621,-0.019278174681563343,-0.03868955522800466,0.0,-0.07505837748119415,-0.04209498694210456,0.0131340123691297
2018-07-22,0.01377655500261632,0.00789632323223266,0.01107431029909367,0.004017305125977089,0.023886193781915033,0.026030760073911807,0.0,0.0329975678898915,0.008320866912298719,-0.0007847763374098093
2018-07-23,0.02986479879984394,-0.007478711313783748,-0.004415018209116828,0.008189543310427538,0.011323790039351245,0.026655748278227698,0.0,-0.034062119639465926,0.027031215768453798,0.018946031613921832
2018-07-24,0.049155873075420686,0.01715535738438767,0.013187004281953851,0.02898787806124492,0.03689565675622042,0.06550568374971366,0.0,0.005582360176523693,0.03658935849023148,0.07940025744027146
2018-07-25,0.02279231123842429,0.014650286855023786,-0.004376374599798893,0.009766085908871958,0.011331636740266937,0.03839445215558435,0.0,0.001551195822269591,0.019631618940361584,-0.027215146138560797
2018-07-26,-0.006685735716349228,0.0027662593120378887,0.017391742711869163,-0.005829711085126199,-0.012913584205380246,0.03214720402475102,0.0,-0.0068449586409107255,-0.00205916841623921,-0.025075366469774707
2018-07-27,-0.02194909322925298,-0.023598372729410677,-0.035091319811270116,-0.036009936814463295,-0.03451878436716793,-0.027231554631325317,0.0,-0.01216458039207513,-0.025768157012391768,0.021307768091593182
2018-07-28,0.019629048229868218,0.005510388526461796,0.011098893068048898,0.0035871046319382316,0.013167159023112163,0.011086603299895081,0.0,-0.005312798656834872,0.01100557073954267,0.002686279242000822
2018-07-29,0.0031734434053376503,-0.0034111882231329105,-0.004424785980355672,0.0015265903951062754,0.009628336765661771,-0.006144553029140631,0.0,-0.007072388343250857,-0.01435345324166093,0.001261142149961536
2018-07-30,-0.007829743939206324,-0.013612179378608147,-0.004444451760424073,-0.01250773295801011,-0.012249897776468899,-0.017538100422685332,0.0,-0.013962893806323429,-0.03878246493992066,-0.009988974359019132
2018-07-31,-0.02650892579052666,-0.04124092017252057,-0.027089692646664165,-0.04179389109279974,-0.034339937362340756,-0.04432491164489605,0.0,-0.05344816571718969,-0.04641783636611674,-0.05361710693447286
2018-08-01,-0.04501372463598052,-0.04667658567584798,0.027089692646664165,-0.025306193514984088,-0.03872989651146597,-0.02347590535281352,0.0,-0.024523535611046476,-0.029039964395114914,-0.01606656753815372
2018-08-02,0.0023718551111535646,-0.01209403999412828,-0.03167685665357023,-0.006629229031991812,-0.010537074748377506,-0.04281197486991051,0.0,-0.027695317095560057,0.02107387694332985,-0.01683419742211978
2018-08-03,-0.025999731304473528,-0.01410360197239946,0.004587164006906064,-0.011813115970000787,-0.04554239328140941,-0.056555429955865044,0.0,-0.02563852871296568,-0.056149247825969084,-0.0054038531028135495
2018-08-04,-0.019505494624254993,0.005016187811546224,-0.0068886609951853695,-0.0044397382740140046,-0.004526844204773006,-0.0020596760945892356,0.0,0.0011985647540582178,-0.013554851547462832,-0.04496405521061764
2018-08-05,-0.03518479131851748,-0.012779656423551167,-0.006936443996657049,-0.026016487853258496,-0.01981706874476341,-0.023280338526416422,0.0,-0.011836576617032968,-0.019626363785525847,0.007123428119156117
2018-08-06,-0.0004281127428935605,0.002113929515156876,-0.011668743834377326,0.008447523414654157,-0.00016304860887039752,0.02554409456589557,0.0,0.0017120376938963844,0.010024864798723776,-0.017078921238843137
2018-08-07,-0.0008567757199813286,-0.011187382533577761,-0.0309917533083377,-0.014196344977089659,-0.003931215332478644,0.013916611269086943,0.0,-0.023298884141768283,-0.017818075398720268,-0.04655447844345684
2018-08-08,-0.08121005542554371,-0.09567607650026666,-0.15697953602773596,-0.12527673052673904,-0.12945612922019478,-0.09264161627576684,0.0,-0.10238047967873243,-0.12871066205328674,-0.08043672102044397
2018-08-09,-0.0087146521024426,-0.013989124958189159,-0.046385126580934966,-0.026772636228290736,-0.020420582595410686,-0.013250238905093248,0.0,-0.01625473951614609,-0.011626173290183672,0.03985061476498686
2018-08-10,0.002497659743635694,-0.013862016476418049,0.008862687257845447,-0.020682099923323705,-0.00789829493600358,0.009508005939061093,0.0,0.020516183801706056,-0.016640367704519043,-0.0666989732690002
2018-08-11,-0.03474058618985687,-0.11179167756564112,-0.13858616328614692,-0.07857906740024134,-0.0628450861518699,-0.062397875530165514,0.0,-0.09068388602902377,-0.06000659718913681,-0.01362328709581373
2018-08-12,0.01934358131228997,0.009031712786575774,0.020067563050809367,0.04488976354143848,0.025384545833544436,0.008335312521499993,0.0,0.002130488687578591,0.02652874880310563,0.013452385477848772
2018-08-13,0.006313152281073542,-0.04162029073571549,0.016420730212327372,-0.019865961797369103,-0.015553173629621497,-0.019631318162107725,0.0,-0.03737931040732878,-0.009371041986879547,-0.035332133913882124
2018-08-14,-0.04702960033439929,-0.15668820433902209,-0.14335143880549794,-0.11647217604446958,-0.136363018408713,-0.17490001732162597,0.0,-0.1514668485747439,-0.12534361508528313,-0.018168463062467666
2018-08-15,0.05032811899306466,0.08549842553545162,0.082930379330733,0.0748922020445546,0.054170205651870695,0.06058441662539771,0.0,0.10240686719316461,0.08843334665688829,0.009189983766789034
2018-08-16,-0.00408548651229701,0.002697930906232493,-0.003466207976486224,-0.006434568565619969,0.002604766366272493,0.0021372157913450707,0.0,0.005026790739957043,0.006671744070797736,0.011125394674187383
2018-08-17,0.019181874683214417,0.04059975995075327,0.09594129374133464,0.03699888740164958,0.0472056853228624,0.04346408771791577,0.0,0.030745644436968256,0.05284475172405134,0.07570978438366804
2018-08-18,-0.0023196484537155726,0.009720893361910399,0.08173988349611783,0.007523039173675805,0.048230497554219376,0.0023245638116691225,0.0,0.003104311689706485,0.03644945150791745,-0.04762397564736531
2018-08-19,-0.007303272303030184,-0.01957424608713776,0.01156082240107592,-0.01604377203321583,-0.020404373999650893,-0.026841438245226,0.0,-0.03153739582048587,-0.021726354783219826,0.020245028315480695
2018-08-20,0.007767632654999801,-0.019401911657938697,-0.0262023723940239,-0.013669397517070081,-0.0152927360739179,-0.02735631506195002,0.0,-0.021538365884356203,0.015057875706217416,-0.05774911105751013
2018-08-21,-0.007923602397186258,-0.04672143057552702,-0.017857617400006465,-0.02513661573882242,-0.04566444231568756,-0.044698100771281446,0.0,-0.05560981967628997,-0.044777169892508795,0.03695001533765119
2018-08-22,0.027841527602051386,0.011729291080097681,0.02373998730307303,0.028892803308742998,0.02365503168616989,0.025220256164086408,0.0,0.012786134706456842,-0.0008179090664954813,-0.027257661249207032
2018-08-23,-0.02255215621602069,-0.02805214323689942,-0.05423015406086029,-0.01813468284576203,-0.03452675209305234,-0.03653329488806367,0.0,-0.04048672910755435,-0.04647042634050269,0.0279232176122175
2018-08-24,0.01860018268824959,0.010438773915182331,0.006172859107080875,0.022315114704952954,0.015118163691158593,0.02473088695679504,0.0,0.01331358376270142,0.007021854193542509,0.021333374770246216
2018-08-25,0.024818901949176464,0.011798103860289899,0.0030721990369702024,0.014374464406483156,0.008756873175915558,0.0399201313143811,0.0,0.02167759663603519,0.0360742721456031,0.00353314070279076
2018-08-26,-0.005960381227897216,-0.021250176238390317,-0.009245058144051077,-0.017288383053052137,-0.021737810088739096,-0.020787406585020207,0.0,-0.012765430560978785,-0.012618328562921555,-0.010033465446544376
2018-08-27,0.0062574697624651066,0.01116928267746875,0.015361285161487048,0.013514663022744955,0.011230141721757292,0.013644751683874468,0.0,0.05935280929581399,0.04795117904011015,0.03549192355035746
2018-08-28,0.038460676200616106,0.04052937344619867,0.062058313818283306,0.06022156284855473,0.043637087266758634,0.09526330167326158,0.0,0.202895438783961,0.07654354399678276,0.03369676257321608
2018-08-29,0.00995457594495619,0.013607995707821452,0.002861232281032189,0.013672072129669921,0.011018211604381989,0.010711444549430738,0.0,0.04460779936849235,-0.00024791182094308084,-0.009397926816402169
2018-08-30,-0.017126149997972462,-0.03577345391496323,-0.07103577311675147,-0.03292943513057889,-0.03497415863972808,-0.030193099678772484,0.0,-0.059915809513809926,-0.04541668981972169,-0.008599154391125019
2018-08-31,0.006742726930440313,-0.0034530077578347473,0.006116227017435971,0.013246321962899543,0.0004164973742204481,-0.006253903734011246,0.0,0.0391161074752997,0.08890565683265095,0.0016479169806578042
2018-09-01,0.017012034885079075,0.033051748686613536,0.030032287098875177,0.0631349804094734,0.07333089920386282,0.048704668508284144,0.0,0.10877677112344486,0.09705671392628634,0.03710184979240605
2018-09-02,0.018798854792477115,0.01390523440115743,0.008836581800498067,0.012643749713008745,0.09161442395777986,-0.0016597406994627306,0.0,0.01776188786587163,0.0035235768465966544,0.008828798344517885
2018-09-03,0.002755202183758243,-0.015593690588868725,-0.005882369903066564,-0.007935396782621673,-0.008765148949448687,-0.01034319475098755,0.0,-0.01163150252534706,0.03976424077513396,-0.011675538425562237
2018-09-04,0.008629599474959448,-0.008328807299850638,0.0,0.036904223226527755,0.0009763022027060586,0.023053338914110988,0.0,0.02658192787529501,0.08565822770087017,0.007172449835301187
2018-09-05,-0.025835518595627605,-0.08204635273135175,-0.1024150054280697,-0.05387162514114063,-0.07999249423676513,-0.06254341430885013,0.0,-0.06920659015815911,-0.06155916471903122,-0.1173088148236685
2018-09-06,-0.1035737604728233,-0.15818604084294297,-0.0675932911325281,-0.13832499127209097,-0.1415628458513183,-0.14066694026448978,0.0,-0.16607495288859564,-0.1331021387452429,-0.02695190954379889
2018-09-07,0.003254555371750456,-0.014713255213897547,0.024180798197214637,0.01736546637350944,0.004682760944204389,0.004751010430621427,0.0,0.054103638762243556,0.014023725332287462,-0.025873637311769393
2018-09-08,-0.012925508924059415,-0.049602721592587606,0.003407158321614423,-0.021947972842673913,-0.03035531198040431,-0.00732707017277523,0.0,0.052492310875364545,-0.03693690074397171,-0.04535831546698166
2018-09-09,-0.011349428255906346,-0.07207795313133758,-0.02758795651882906,-0.01911193124663324,-0.02981902714959883,-0.04699874737091747,0.0,-0.006402295436177319,-0.04686627520495801,0.012320962884728281
2018-09-10,-0.00015854141927817977,-0.0054274217353649234,-0.03922071315328113,0.0013393391538762955,-0.007516431036108884,-0.015427280401661747,0.0,0.06197313543240668,0.009358881034970068,-0.0003448784276365302
2018-09-11,0.0007924558620597821,-0.03231349102724401,-0.04461706548880695,-0.02670045743858651,-0.0365897999730862,-0.039247751597443425,0.0,-0.037961130111660246,-0.004021800347135951,-0.015982673216155874
2018-09-12,-0.003968574142650283,-0.0761573853113342,-0.01147240116223669,-0.06004926574752867,-0.07567918781202465,-0.07510924302969002,0.0,-0.08325970406132122,-0.04753620825575311,0.004300151001070951
2018-09-13,0.025596121406756822,0.11356881796522433,0.05608946665104364,0.0699802061036805,0.05136973004023382,0.07810772004054467,0.0,0.05994181820957234,0.08446456432975857,0.047090658057045154
2018-09-14,0.008798389705166443,0.07723401983290668,0.0,0.02763780181767661,0.021374522094111725,0.027540922365107967,0.0,0.007791471982075748,0.032580310062632734,-0.0026163579827986894
2018-09-15,0.0024558723011125494,0.025460815131547854,0.028675799976666028,0.04083287644592026,-0.009781753889551048,0.019572836959040885,0.0,-0.005444502930115114,0.051626469498799565,0.01235412806852576
2018-09-16,-0.004917790762627661,-0.0024185027156056194,-0.01782578395260037,-0.02019027097604198,-0.024864388504999724,-0.028714433709566833,0.0,-0.013255995172781532,-0.02526571391525234,-0.004484592919890673
2018-09-17,-0.012869392285272951,-0.024404192208102415,0.0,-0.021150560417940945,-0.00614532655974287,-0.032042791417037364,0.0,0.02136745804890161,-0.010681182069987472,-0.054066847676061514
2018-09-18,-0.0158870820845447,-0.04566599629038137,0.14382000943937867,-0.04102313132193558,-0.026076082817784396,-0.033656872871342,0.0,-0.037649497772656026,-0.05072781763911394,0.03780353947816195
2018-09-19,0.007109596263321194,0.029755014139658087,-0.00938974034983886,0.017466710923752515,0.008120158024723878,0.021184570495232258,0.0,0.031151986492973016,0.003104419231572564,0.004418046703544398
2018-09-20,0.011115574330819555,0.00556136296083487,0.14874526126035026,0.00943036888368054,0.0014878609995889747,0.02304785576430568,0.0,0.003971369592301599,0.019229630545015475,0.05986229875049709
2018-09-21,0.037284685360267744,0.08794278232207375,0.46422817578756914,0.07031218141938256,0.10315040656769447,0.06376735563280533,0.0,0.07062005624724321,0.06634529186719895,0.07355711684728661
2018-09-22,0.007024914921920811,0.0456408394173442,-0.027635610172086156,0.027294187621099475,0.010447952377542258,0.006315673745824313,0.0,-0.0076978993930199024,0.019009936637989888,-0.005558748222589394
2018-09-23,-0.00029792939293749043,0.006831504361979768,-0.0052677909348589624,0.024486173775232878,0.011301018506759242,0.048722726464985655,0.0,0.008941167210236856,0.013361778762456922,0.004578018892847702
2018-09-24,-0.010032276999696776,-0.02495878762575643,-0.06735939747921238,-0.039894643607530256,-0.03160662388995572,0.021645421163234424,0.0,-0.04188183171048099,-0.03791931291503037,-0.04588397457175919
2018-09-25,-0.033823715520748365,-0.09792379623505365,-0.1478928371277538,-0.04626415784200155,-0.07262606412127148,-0.010798454844795025,0.0,-0.057614015469771296,-0.048832118397375446,-0.016359171679939166
2018-09-26,0.007135131868349021,0.003418774900986854,0.17757961830779623,0.02304399053230277,0.06616268634769096,0.019038412833279672,0.0,0.00884434849393223,0.0108135687462374,0.003542153899854128
2018-09-27,0.008924509148995341,0.01738693258443469,-0.04295711810093905,0.047519504938118295,0.14872511637095176,0.02660997626853856,0.0,0.001168404358296904,0.012489876970196434,0.046923791940813864
2018-09-28,0.023466370867128106,0.0319734418344817,0.009496747537257266,0.033914235931734815,0.005658180525231593,0.008782323664711988,0.0,0.01674324541953176,0.016662499678917975,-0.014364791777562225
2018-09-29,-0.017357616378806284,0.0030668228533166086,0.060513418035391675,-0.024659027663283872,-0.030183060018407204,-0.040522093166600825,0.0,-0.02066811431090354,-0.02588058938983906,0.009181372746960292
2018-09-30,0.0063742817134677665,0.027199089681575472,0.08195710727366579,0.0015560636375671066,0.00559501649362204,-0.009625338742999645,0.0,0.0006711910163232915,0.002940681077683749,0.003902264252613641
2018-10-01,0.0,-0.009751586386011368,-0.1017241480144424,-0.005876576334014949,-0.0045548032592162,-0.0154540114777868,0.0,-0.0041194702952394024,-0.0008578893848918412,-0.0031490147518669076
2018-10-02,-0.004700895759734536,-0.008994100173402408,0.021544818986775738,-0.005778835881826261,0.009805242859605379,-0.02505234514293253,0.0,-0.008209331885468352,-0.0023868949164569386,-0.026621129335542726
2018-10-03,-0.014545154230431123,-0.038293263211863326,-0.06607907959832793,-0.04520170387564093,-0.04057221832831548,-0.03319466704256957,0.0,-0.03886107801089622,-0.009815558271268898,-0.004719626815099076
2018-10-04,0.015152964612310527,0.017019769453749944,0.013195290418832606,0.015693404573005942,0.00868815529987721,0.014731916766658415,0.0,0.014550223172313359,0.00564436822548231,0.00894762230162982
2018-10-05,0.0001518948890293359,-0.003357540601881759,-0.0284919557943063,-0.007807323030814217,-0.013948776779233896,0.023580311328999848,0.0,0.0011924413887216545,-0.002253925666121148,0.00703820908963948
2018-10-06,0.002124109431621335,0.012561854040189502,-0.051394709123198545,-0.0012727462073769402,-0.0011833803500005402,-0.00769015917188387,0.0,0.008433351358824837,0.0005770693780027258,-0.013865917544898743
2018-10-07,-0.0027318274691641165,-0.0074003791231218585,-0.030898441551234113,-0.004934277289812883,-0.0016462350477937093,-0.012232812308808683,0.0,-0.013505531401313497,-0.00754561637244322,0.0006741849059554994
2018-10-08,0.007570058860544293,0.014535371367601968,0.02683339530306461,0.01469630035206304,0.02335235259837365,0.009192584529997383,0.0,0.007045415244115283,0.00512143640865137,0.013915795263732988
2018-10-09,0.0013565455392523518,0.004728535247202181,-0.031026273563100615,0.005099883556651363,-0.006769320056069006,0.010596670296086685,0.0,-0.0006664959361879497,-0.0025442627470777524,-0.007074666136277052
2018-10-10,-0.008774640263041533,-0.012749573216443544,-0.02123222010577408,-0.017757411994115735,-0.015775143609365827,-0.02026274918309312,0.0,-0.014603094041334863,-0.009204454498651593,-0.010965335074921256
2018-10-11,-0.046179989080606276,-0.11145013779274926,-0.12802847442729248,-0.097534029118993,-0.12714580865957537,-0.09155487785371008,0.0,-0.08240121253500465,-0.08271189320409889,-0.09257019664452226
2018-10-12,-0.0009552619736137302,-0.027491742205512537,0.03828218657101701,0.004101712896313892,-0.01820751887593719,-0.03571200479398051,0.0,-0.03905704293819934,-0.0139547747730564,0.02021567867344487
2018-10-13,0.0015915967071435944,0.016185768292515057,-0.016568426347232768,0.018345348556975782,0.008635539370968282,0.014912549117656049,0.0,0.006770003898934007,0.0052109576999654905,0.007129356182671742
2018-10-14,0.007446758646198148,0.0057312474030464244,0.0,-0.004008320289724754,0.003938910860651568,-0.0033468016233184628,0.0,0.01501756798150744,0.003684816922657319,-0.008276610388054273
2018-10-15,0.04309880078649719,0.0428398372288985,0.06468767469143122,0.024268332555542393,0.026047051748205874,0.021115551486609263,0.0,0.0100489151171681,0.026580367699486906,0.06031923321864241
2018-10-16,0.004224508394955251,0.006617987810228598,0.01553860342777913,0.0025311628631605743,0.002750242271470249,0.004015468450536019,0.0,0.011159167250260005,0.020467896140770492,0.003917380358387845
2018-10-17,-0.004980766466239572,-0.0026685675855269153,0.019629856044886096,-0.015062402260134888,-0.013869075870823977,0.026750575210676253,0.0,-0.00966813455629012,-0.003607841246246579,0.0004682695549220739
2018-10-18,-0.0021205703190378955,-0.013537460514635669,0.0,-0.008957525839336178,-0.013342787785516563,0.03586697981734677,0.0,-0.023108383888532202,-0.008515996759390632,-0.021657029876952727
2018-10-19,-0.012358079315236026,-0.016918952985482072,-0.024044874254002924,-0.008192934102045246,-0.019627451607560964,-0.016865603011527064,0.0,-0.031233995102968315,-0.014517705104156953,-0.0038394069568301603
2018-10-20,0.0018404913170861903,0.01010998801280838,0.015368030228314011,0.006906712340432275,0.01360100431706801,0.041924177450535005,0.0,0.00863416318572785,0.0022261491618777995,0.009380077920611463
2018-10-21,0.007328277070898892,0.008701231561982326,0.008676844025688912,0.004355277879030783,0.020146143217801615,0.01754815987913183,0.0,0.006142807275141493,0.010036425971652108,-0.0014314498151657418
2018-10-22,-0.005644130611434761,-0.010537128218374825,-0.02183492860320002,-0.015515793994918425,-0.00990191991168654,-0.017805808833858627,0.0,-0.018096357678991204,-0.004553806065717758,-0.0037543484327740018
2018-10-23,-0.0039852903758674785,-0.009387401410519303,-0.02458224340533599,-0.004859380869279839,-0.012342405093692221,-0.017505615320190238,0.0,-0.0012686660644094516,0.02210430668704788,-0.003528690857032224
2018-10-24,0.0029138890336142254,0.0046607577797344035,0.03991660740544267,0.004010220072125037,0.0034187380406578427,0.014763987657442357,0.0,0.02516089292432433,0.0017657937322468342,0.0013324316886054177
2018-10-25,-0.004297121406624527,-0.009461672089644324,-0.008733679968754626,-0.006876394555056287,-0.007403753579367844,0.022325706511362675,0.0,-0.010310089613375872,-0.018735650384389402,-0.002157090447830079
2018-10-26,-0.0013851483553644073,0.0020687930064804405,0.0021905813798186458,-0.0033129635602526797,-0.007112863965707206,-0.031263824138076046,0.0,-0.004868088513736879,-0.004522941424153437,0.001694076697773994
2018-10-27,-0.0003080714750183233,0.0023738329363611754,-0.0043859719432542965,-0.0033431110578359124,-0.004470233516880029,-0.009594362866978123,0.0,0.00029493418693338214,-0.012492236612307472,-0.003639761703871258
2018-10-28,-0.0012332358584732361,0.0016872508686827103,0.006571765163234544,-0.004276338076313557,-0.0014368896544834087,0.0015780911663565433,0.0,-0.0023426354118054604,-0.014030371461929647,0.005666530907732614
2018-10-29,-0.011948315005891885,-0.016897327819290986,-0.03555930203648694,-0.027786601513326126,-0.024300730376129565,-0.018718476119348182,0.0,-0.01329277808136986,-0.003201829033853798,-0.03658474909649723
2018-10-30,-0.011776849624977714,-0.020570485010988904,0.006764400088542177,-0.02719920929536146,-0.023532717564958894,-0.030208028876076654,0.0,-0.0034767669159840864,-0.008347651213698626,0.008031262413310536
2018-10-31,-0.0001579654059042923,0.001799448451516028,-0.006764400088542177,0.004719617418029287,0.007944605750417999,-0.007184125486253912,0.0,0.008374566205823442,0.01655893159270594,0.007323043395228268
2018-11-01,0.004885361540582167,0.006817604319042658,0.02458224340533599,0.011472785347407921,0.006537343830222753,0.0036591011007391927,0.0,-0.006774926273314108,-0.001298120792117885,0.0038982183746654187
2018-11-02,0.007673673235911949,0.012516485498716534,0.015334364000106682,0.023260995457461853,0.04373147820745249,0.016464032523245464,0.0,0.009576782636329106,0.014822868217205354,0.01326975731168023
2018-11-03,-0.003907781448075909,-0.0023290096780792524,-0.008733679968754626,-0.0008005702049223018,0.05869464359500487,-0.001772415549976536,0.0,0.003560536035302597,0.0027928086808444164,-0.005464013571036652
2018-11-04,0.004531611786459777,0.019020968701507712,-0.0021953905634356508,0.034330554764378185,0.13672853935623852,0.017710050990609183,0.0,0.028794170907506356,0.026679193690081426,0.010956020266080557
2018-11-05,0.005752056279142437,0.024968944677349114,0.02173998663640586,0.012175254281853842,0.031531528618298665,0.007803899803330516,0.0,0.03774079139173381,0.02518731786251749,0.017424843426322667
2018-11-06,0.0004649360796644686,0.019419556042116426,0.12895102627094313,0.01616548047653321,0.047254596533035986,0.0438927653957375,0.0,0.014259808818739117,0.008829290340562679,0.03430520959955796
2018-11-07,0.014306835829184905,0.029027435819135583,0.0,0.008404331998161041,0.06487053213463412,0.030367221427693103,0.0,-0.0066918580160395535,-0.006453449273926992,0.003476255813399831
2018-11-08,-0.006743320571938938,-0.020934382718077238,-0.03266380681879166,-0.02645486235212635,-0.04540596863442303,0.00966354375637657,0.0,0.014200213680227058,-0.010215696670637264,-0.02372840604689319
2018-11-09,-0.011444603727465363,-0.01708401449949637,-0.025718529287989123,-0.02336104421656371,-0.04041611465540118,0.03191400075870998,0.0,-0.03921529014252734,-0.02894842377212825,-0.012241354848087305
2018-11-10,-0.0007780285150893462,0.0049056239358362674,0.013930573535946844,0.001223124853872104,-0.03759297559310504,-0.003129614467701991,0.0,-0.009009153159699856,-0.008895599197228599,0.0025142562181716954
2018-11-11,-0.0020257116393409547,-0.00395091578185891,-0.007936549595736309,-0.015611030870735565,-0.017999498918744194,-0.028088962685065333,0.0,-0.004625303526991864,-0.019554424487094657,0.002945830504656577
2018-11-12,0.002336995688546395,0.001425638119998851,0.0371499220616377,-0.010178502616272844,-0.03208142532789626,-0.019041730916857347,0.0,0.017831054185783124,0.02132863137062113,-0.0022879431857054655
2018-11-13,-0.003273325344968825,-0.010394137867725028,-0.00577479949388382,-0.00723842656910012,-0.006116917675087485,0.02980097731958775,0.0,-0.006283089452892021,-0.010436844920121757,-0.008009066248021668
2018-11-14,-0.039326885846389104,-0.05832887350518767,-0.0413852161628544,-0.05970708646888623,-0.07246907273100955,-0.08424979624260587,0.0,-0.046859701626112304,-0.053763463596019356,-0.10303630583250722
2018-11-15,-0.09409299297818485,-0.10103172162255447,-0.10379679368164352,-0.10101586470117319,-0.13735430054792808,-0.11649815775098382,0.0,-0.1179134109200346,-0.12432874936374905,-0.011409679033880238
2018-11-16,0.001248105716090464,-0.002036854324935611,0.056414089280091284,0.0010426925581192847,-0.11076119896807679,0.01744493822530213,0.0,0.0039976775655201635,9.059509660236387e-05,-0.021741889573445583
2018-11-17,-0.007332591201535621,-0.020171271066661056,0.01049327571583869,-0.026161384083884354,-0.14296370189021612,-0.019358991376758006,0.0,-0.030033782818630783,-0.01478449489160738,0.005603657069928936
2018-11-18,0.011067588873897805,0.012930443617766407,0.08020328575497349,0.014022230602997343,0.04128870526278128,0.042368316026662356,0.0,0.004280596619706145,0.0355394282839967,0.003460056427562641
2018-11-19,-0.06376954059037487,-0.10213277117624919,-0.08858907913124747,-0.09949388826016747,-0.16580281657013618,-0.08899411426781967,0.0,-0.12094256373495771,-0.11529199152964598,-0.13546957812789184
2018-11-20,-0.13188387905150734,-0.13526382869346243,-0.05184746453196276,-0.10879303803875562,-0.15191906654105036,-0.1309718259934991,0.0,-0.11569448758512646,-0.14107218637755636,-0.11206002892524847
2018-11-21,-0.022708399369811616,-0.039181510298964994,-0.03153414440708824,-0.033077602164633735,0.008378342379086412,-0.06537678401412439,0.0,0.027703627606657122,-0.021630530913931523,0.048092013557732294
2018-11-22,0.0028669112149319886,-0.004257181559055745,0.0068415318167166506,0.018009979481260707,-0.042249647451992445,-0.017307689422033867,0.0,0.00946127238575567,0.010156365762822084,-0.0648595703582453
2018-11-23,-0.04873511173197187,-0.08122141678725914,-0.0730595708695051,-0.06383536864170658,-0.11926591821808508,-0.0823025956409742,0.0,-0.10138707681719783,-0.05743476296276384,-0.0040096921303662825
2018-11-24,-0.003474236268186104,-0.004117053396911707,-0.014778594096118702,0.00034358358008512724,0.017474453280350133,-0.009167887771688754,0.0,0.007413493767412405,0.008211745905437162,-0.11050966108413185
2018-11-25,-0.11286475581596278,-0.10517699433516192,-0.13815033848081737,-0.09311403589783529,-0.17017711052974516,-0.1496675594761463,0.0,-0.12488653407124417,-0.14833228833135603,0.030766942365611172
2018-11-26,0.021329345149979417,0.021976155523331542,0.0085106896679088,0.05261209258850519,0.06445247160986867,0.0562292123002992,0.0,0.02254384126458664,0.0030160614786964857,-0.052583968212954524
2018-11-27,-0.040737245166418745,-0.05331436394979061,-0.011363758650315248,-0.02232874206843416,-0.042615737665460784,-0.017634056966253198,-0.19468051569707345,-0.02289259279390965,-0.04131229350969745,6.187017519909688e-05
2018-11-28,0.08670236032234335,0.09275375085613824,0.0979042149813717,0.10646063857705146,0.061139202746897325,0.13390073364900257,0.06321885589609,0.07400991410488622,0.11976330694050175,0.10056534081118773
2018-11-29,0.03648038325373193,0.014876342270691012,-0.01303799433812991,0.024014977547122562,0.008112700238058324,0.0637674128141299,0.0013264631300575758,0.01650874569902605,0.011622955613955988,-0.012293111459602102
2018-11-30,-0.03381274495537667,-0.03133324529328885,-0.056695343676545384,-0.04672295435504603,-0.0013325715858369946,0.0016516475016601362,-0.02886158435718489,-0.0392416809658398,-0.0488110869106011,-0.058025469524068285
2018-12-01,0.0026605409332702834,0.00795369725422379,0.03278982282299092,0.017552553705782792,-0.03290303181523502,-0.01865122334478375,-0.018430772749304047,0.00849411161456004,0.005678913185129808,0.04325266540848638
2018-12-02,0.012482159181518071,0.0095907626961651,-0.008097210232619334,0.025632540432384943,-0.020497681693759873,-0.023418296626774193,0.07047420552796879,-0.0025576682926615746,0.009881949443600213,-0.019562471894610134
2018-12-03,-0.04588408556576695,-0.04965034090913267,-0.021918685707646213,-0.061674131088647055,-0.05552815816975443,-0.055815765963622255,-0.06068689335773758,-0.060707643348614226,-0.05451933281916421,-0.06082255810204007
2018-12-04,-0.005760817434794063,-0.010288793372567717,-0.013947227480850533,-0.014181519634959727,-0.05390944586602053,-0.008016101717859492,-0.046368791475033255,-0.02603521373463913,-0.002973862138731853,0.009046342555120823
2018-12-05,-0.020556490882579936,-0.03105205421512114,-0.02849195579430619,-0.032598143192787976,-0.10498051318519597,-0.03721613502458698,-0.004712795491381705,-0.05050858442320294,-0.036503415824051366,-0.05322097864792852
2018-12-06,-0.037621991789583475,-0.07263880141313717,-0.032308243232657796,-0.05789224885221955,-0.17343864058446545,-0.10451764596095892,0.0674512110500265,-0.08787056024196005,-0.07584450147431854,-0.093987292868845
2018-12-07,-0.09517706832326311,-0.12934521001887234,-0.09710283041884482,-0.1348516749709905,-0.18237124978445785,-0.1722804793853121,0.09768472871812062,-0.1816563181483284,-0.11488370529490188,-0.01343305872975531
2018-12-08,0.009906840931950711,0.04073958073424855,-0.013245226750020711,-0.010305472683006744,-0.013725512519960681,0.06488791013995376,-0.04457885377955595,0.07816621288602832,0.031890388121272206,0.001198967255948702
2018-12-09,0.031957070340936866,0.029440176001174656,0.0456105112520524,0.03385622275435507,0.06343681397092915,0.032054134681650304,-0.037502193814197504,0.060022738764200945,0.007534479577708364,0.03641538461463156
2018-12-10,-0.001967674563180921,-0.015408856031250195,-0.02908120930084168,-0.02831228593049273,0.002390905077745309,-0.0289836220327766,0.005572526089324903,-0.00895013619102425,-0.018542895447335894,-0.03609459937574577
2018-12-11,-0.02709419977742833,-0.030437322490132424,-0.023218290102007266,-0.037361016367692734,-0.02538516548493064,-0.0518649718435924,-0.0705643484882108,-0.06342925661004895,-0.056455286422640416,-0.016867857131549258
2018-12-12,0.0069144614288330075,0.0074485560775823245,0.03624779039234105,0.017679294975050386,-0.024864542201269657,0.008621517255837041,-0.013150693403312097,-0.012435595984043424,0.008353733559351983,0.01816909931288979
2018-12-13,-0.01445947690831062,-0.010363361336442445,-0.01631357549152379,-0.021692290865875208,0.014871844104198395,-0.03627557744163967,-0.04979013180788616,-0.033572900317035526,-0.025553288347831327,-0.04165462527619468
2018-12-14,-0.03890616897761845,-0.04213197143459535,-0.033447934067539986,-0.028721777525309466,-0.17457943659558506,-0.05690863348720132,-0.10514431665551349,-0.055661057846226214,-0.029508204258481108,-0.026815951543134986
2018-12-15,-0.014028897357642123,-0.017017498076260296,-0.03813286969544416,0.01826225931253811,-0.07951003123459977,-0.018185560894779407,-0.10274337115910637,-0.00650603104839842,-0.06891739564604604,-0.00012662466139801154
2018-12-16,0.012816775997112728,0.03086621684374169,0.027876369528254896,0.08853919721335979,0.03367509281195069,0.04171879750192309,0.10076087606531203,0.06457390415351938,0.033523257520446936,0.0038845791540698116
2018-12-17,0.03544674899574751,0.03559863920815243,0.04040953833787664,0.0722796451935741,0.025142454213320065,0.0444225837828105,0.031458850348956346,0.054037644222063363,0.04285918056840288,0.09945922961738951
2018-12-18,0.045202203012816966,0.05550169387648385,0.09740818746733138,0.038586734338774686,0.09369472132265688,0.029636081677791637,0.017714791672845287,0.0475929681002869,0.05624158061286311,0.05061748519826992
2018-12-19,0.06445110472945537,0.08921926697473825,0.11578503299371046,0.04865942385220068,0.236283073712797,0.05795440446259015,0.09303444405483408,0.08904109085593515,0.08665265145682755,0.008791315384247156
2018-12-20,0.04387005884692563,0.04339225808247971,-0.005347606326595367,0.019518656848992233,0.2730992012339426,0.0264971066251789,0.12304836796371177,0.04650301086153519,0.03852904847970784,0.10078493906440134
2018-12-21,0.01247209980966879,0.04576289614448559,-0.010781775603288302,0.015300984024235298,0.217370074250276,0.03294764056810351,0.14856544654182535,0.11131377286959943,0.059941373082645466,-0.04636941945537121
2018-12-22,-0.02892192031452545,-0.01883930562582492,-0.03867885456511144,-0.023282488805278945,-0.05237194021201663,-0.022772294119627112,-0.0861768387482158,-0.042385756724472756,-0.040683123076759475,0.02550150089976011
2018-12-23,0.030160617363780062,0.1494130385940835,0.03324405857915447,0.06957862898287503,0.026581620081177704,0.059030230074659684,0.006809179076937788,0.031419277020747316,0.048201184026304134,0.020064812280605082
2018-12-24,0.03311722172154319,0.12415174417392816,0.16768268604583458,0.06128749206879469,0.01368833544738468,0.05631654007807185,0.01132615295016759,0.0685777012036155,0.05877093552586388,0.03863117202651356
2018-12-25,-0.08651068580766186,-0.12470501579060755,-0.15415067982725827,-0.1275756893593898,-0.189126811289424,-0.12070644905950534,-0.15482554126525994,-0.14343049744315906,-0.12875861457171878,-0.07924435307685496
2018-12-26,0.0010441139032622004,0.013308536855173969,-0.010810916104215584,-0.004422000976146645,0.05425436996266697,-0.008783536331725905,0.012554671587336586,0.008141449571320791,-0.009271655905032983,0.009711926288584749
2018-12-27,-0.017634356163458875,-0.05322650069462398,-0.010929070532190388,-0.04232194893957253,-0.06785747539563491,-0.030237867629160142,-0.03531470076800858,-0.044556221421313325,-0.05768162637678742,-0.07334982811423885
2018-12-28,-0.005324826213064071,-0.005736053689543219,-0.005509655810969516,0.011642278083993318,-0.04714895849306089,-0.012215322893156966,-0.04479414665885084,-0.016139098358937787,0.008827081589118269,0.0884812928530554
2018-12-29,0.04412672542087037,0.1125586064113202,0.03528181414463982,0.07255568221482145,0.07771059234295219,0.052977711193756605,0.049660549171904655,0.04524080487666904,0.03732085832407339,0.001438271375142186
2018-12-30,-0.020645894623546823,-0.004951093839162368,-0.021564177915840643,-0.018662281925175606,-0.04235737463169631,-0.025754333820979802,-0.03274509622522093,-0.012006640152821824,-0.021413742093887578,-0.008599296355627395
2018-12-31,-0.008116290136076287,-0.009954448942188776,-0.022039459566291386,-0.02224373453131756,-0.03374227056550083,-0.03224117354536116,-0.022283806424292507,-0.009393896695875092,-0.013733546395289675,-0.03675315026573145
2019-01-01,-0.015898586067796927,-0.005120975688261531,-0.01685433155498206,-0.009514139923870069,0.021569148944625915,-0.025544440484757125,0.03973793356829258,-0.025321609102198828,-0.02488603756487917,0.032903475618081046
2019-01-02,0.031807123424039574,0.09220957606542779,0.04161488123563417,0.057406706376952776,0.026858300972841143,0.056433551929757186,0.02247605594540314,0.04398560294074194,0.08024051073048799,0.03720782124604405
2019-01-03,0.002325882945418911,0.018022327427725138,-0.010929070532190388,-0.004322194990869388,0.00831803908661044,-0.01059579200809857,-0.016611260389663762,0.0020833593213600565,0.011974528999155964,-0.03421854533029034
2019-01-04,-0.013775396520042449,0.004692321343029882,-0.030685810703443783,-0.009606341263503904,-0.03576803209790391,-0.024453770139590603,-0.033686641380916704,-0.026284719661706646,-0.01275266928323493,0.01494805826926715
2019-01-05,0.010414048817336763,0.03955435561812504,0.019635974516858834,0.06529576278457228,0.012137198575964625,0.018103144641905544,0.005214291442702468,0.0021591312304156673,0.009634081567034603,-0.0058319532936650376
2019-01-06,0.016440133952272618,-0.02089309777349513,-0.00557104504945527,0.09021063176539634,0.0016666209282520938,0.005708928694280857,0.008989914530879162,0.01795984691390995,0.018994109312053364,0.04910403062847912
2019-01-07,0.03184423515206447,-0.006806185945208654,0.024828861653869883,0.02761142142937567,0.01992431045146592,0.029887243745302605,-0.002845016115947452,0.024735074949945535,0.03486187663139839,-0.010923057942282988
2019-01-08,-0.005196102251407098,-0.023925164926403397,0.01084021455286488,0.019473608190974545,-0.03046883279467849,-0.00899185927391688,-0.017895459585820284,-0.025526749016469452,-0.0013683867358533774,-0.001663414583729761
2019-01-09,0.0012396183563332386,0.0072398148248140615,-0.013568729206068775,0.005190455130494431,-0.003084867328076335,0.0026103636286940457,-0.001261887721796029,0.018123590633153164,0.0008250052030760457,0.0058395476591908135
2019-01-10,-0.053695635212863024,-0.10672578136801114,-0.0649028862354264,-0.10565663021402028,-0.10373051442902526,-0.07201216395236365,-0.08007714510932828,-0.07602337886023847,-0.10383105769288203,-0.11135937420373399
2019-01-11,-0.04354902102618041,-0.07124158930164981,-0.023599915340873467,-0.07376088701459249,-0.09403955792646101,0.005270151025429826,-0.07643140973973139,-0.05495917604853684,-0.050797667220318754,-0.008289243352399112
2019-01-12,-0.003830374040234119,-0.005999309415993359,-0.015037877364540542,-0.026024230893045175,0.02577147413534231,-0.02117726201130754,0.09063145819072105,-0.0036211871957503305,-0.0148101880570497,-0.0016183904178639352
2019-01-13,-0.013245226750020933,-0.035723825726482694,0.003025720916536967,-0.012512903364339412,-0.04178761037735068,-0.014590851186415676,0.0014457066263871,-0.01930964840312832,-0.01688276183673132,-0.041085120188363966
2019-01-14,0.0011104942840276522,-0.0014823978242795022,0.0,-0.01975970976221486,-0.007502793562397692,-0.0060509563578197145,-0.04255535602816973,-0.006412611932919532,-0.0004969056433274943,0.05623941127556531
2019-01-15,0.015691994392007302,0.04273444962340189,-0.003025720916536967,0.02752423645615165,0.022470783332527056,0.0035066818878104478,-0.000830729364212246,-0.001490019955179278,0.029429601418647255,-0.029252341505988433
2019-01-16,-0.009606221805439574,-0.03717656398120095,0.003025720916536967,-0.018073732841477508,-0.024477956926673983,-0.01599886332833922,-0.011910261822023038,-0.005883324320048899,-0.00837101484753644,0.013082786222319065
2019-01-17,-0.0008277004197196902,-0.006263000211533587,-0.009104766992919178,-0.01064214935384511,-0.0021672872965590173,-0.007383280112503332,-0.006034786365598954,0.00039612925649556985,0.003687474507466426,0.0038633827483369743
2019-01-18,0.003856754091913217,-0.001978613563961673,-0.006116227017435971,0.005751851464458113,-0.0014370511688941434,-0.0002439230341106935,-0.01104737737120054,0.00414991067729531,-0.00645648552522049,-0.011508571699891057
2019-01-19,0.014196252609686155,0.01525912943630825,0.015220994010355149,0.02590318612043685,0.0049273473358111275,0.00948777264533307,0.006049291812695756,0.016304822928663754,0.013221876176179315,0.022664530148937878
2019-01-20,-0.01392133851860855,-0.01790063885357185,-0.030677252247047093,-0.005761358579795761,-0.021937428862759845,-0.014190211526641683,-0.010349295800249791,-0.020454733605959063,-0.01744551255391391,-0.03782738391680773
2019-01-21,-0.022235490852287043,-0.033983669707184916,-0.003120127336243561,-0.029380140231127783,-0.03036332325378055,-0.0183617081143872,-0.010604468694881852,-0.025441853567936157,-0.018889700411652388,-0.0035299604219432013
2019-01-22,0.00420698979762868,0.004363643287772945,0.0,0.00959070173163079,0.015046683721556597,0.001803496200738497,0.001174947062280829,0.01768888608573249,0.028687832488513365,0.011696468434978513
2019-01-23,0.005303571398680873,0.005543978684566575,-0.006269613013595299,0.02085654047760066,0.05459391666817481,0.00495244570712039,0.007590446737592238,0.02245384932331529,0.002269548276608191,-0.005154410868390968
2019-01-24,-0.00446429312868446,-0.014418830730254406,-0.0031496089028963947,0.002443763356659634,-0.01571572069029248,0.0053455208849841895,-0.015252395679939745,0.004089473233917396,0.0023302859648053342,0.0022836565965267397
2019-01-25,0.0011179431013399466,-0.002520771970403679,-0.003159560290368457,0.018754715151230172,-0.01344516028909215,-0.0010630221198444367,0.002296705708409341,0.016069745786964518,0.0065222380476916975,-0.0024444712416524794
2019-01-26,0.005848784254130379,0.0024522635695340966,0.003159560290368457,0.021960880743344457,0.00033047446992018337,-0.0043397228259656195,-0.003157649840580312,0.0015560381502526255,0.00322349069227279,-0.0005083719525114105
2019-01-27,-0.006407599580210643,-0.015300147021165778,-0.022329476398088577,-0.016814756539577758,-0.021012065722341156,-0.013616626907428486,-0.024219337885604375,-0.02393389884978614,-0.004052822909164977,-0.009932203007964269
2019-01-28,-0.029497317267614065,-0.07478179528894113,-0.07709008171957099,-0.053208710851797125,-0.09985176234519422,-0.04618214000397369,-0.09597222139920003,-0.06072939639402719,-0.03675829903227745,-0.04356041654892362
2019-01-29,-0.012163486193198736,-0.013624266067983726,0.017271586508660786,-0.0034214551953168915,-0.016316700262778205,-0.019549525532733814,-0.029994623408144072,-0.0001484494458141583,-0.01782578395260037,-0.007772414126144156
2019-01-30,0.009280809074473595,0.01915662852975064,0.07898841131863032,0.016641666623451457,0.029098653412831688,0.01804984950588162,0.02086213984487184,0.007233491840935358,0.009318191863856295,0.031010074103385854
2019-01-31,-0.001444460745156917,0.006817152806085858,-0.015949301407677918,0.006876799770783482,0.015006610371695928,0.0011553547919955776,-0.007471440487117675,0.0024289900724268065,-0.0017376993580602296,-0.014432358885646757
2019-02-01,-0.0011570727353991117,-0.013258925854376713,-0.009693129205659679,0.0199797163123554,-0.0059495890856275935,-0.014405178601007318,-0.012530928003958053,-0.014633395990560238,-0.004173647904996969,0.00813410992972674
2019-02-02,0.0011570727353991117,0.006451092408796377,-0.006514681021193791,0.02171102655787216,0.02564825795289405,-0.0018101786322759494,0.008479835473507613,-0.006451297287369151,-0.008260886445562221,0.008300947183243146
2019-02-03,-0.001446550230545185,0.008287711995675018,-0.0065574005461590534,0.022790534966521392,0.008715864169541732,0.0009466384754004409,-0.007698866094670187,0.00045039635640087283,-0.006135844100504162,-0.010936217679208049
2019-02-04,-0.0034802819351398284,-0.009817249142650475,-0.009917436657346013,-0.00047386347695566045,-0.0038765116257382104,-0.011107203491282469,-0.013550044623702462,-0.002946262935451749,-0.009745661166714825,0.0019217839977612172
2019-02-05,0.0011614403163910936,-0.0027197676458179387,-0.010016778243471247,0.007290361535108758,0.006759420665439997,-0.0004160685741023684,-0.022244120176711846,0.011748202677436481,0.009535819596329542,0.00023392885612771863
2019-02-06,-0.013438706483622553,-0.032453891084155195,-0.01692087748833715,-0.03904192664271777,-0.043739174099290956,-0.04135620295055764,-0.023876549776995937,-0.019167228419234128,-0.00650355541716241,-0.02301092965971563
2019-02-07,-0.00235571369245946,0.011314654164015003,0.003407158321614423,0.011522861332256884,0.010462466124839587,0.013847982070298581,0.04172715005874217,0.005143266110589018,0.013451497250426492,-0.0019243558185015885
2019-02-08,0.025899890899646394,0.052010436380622416,0.023530497410193973,0.12380726120975982,0.041875901049799324,0.024382176320574267,0.01323288637615505,0.04246467861513281,0.047130324828046355,0.08978572128716156
2019-02-09,0.047407558765097946,0.07696171332053225,0.022989518224698857,0.15670762660423732,0.05952297744235935,0.04287961442152666,0.039237606716593376,0.07078155586525448,0.060224310920293345,0.0030106395031976874
2019-02-10,-0.0013708021337794918,-0.0035099125729827207,-0.013072081567352845,0.01675650011783425,-0.025365916131414146,-0.010614445105224135,-0.024800464796751243,-0.011695247239228657,-0.002624181449681018,0.007499246395805237
2019-02-11,-0.0021971994557681285,0.02117425834592268,0.0065574005461590534,-0.01645969307447892,-0.009692738708134918,0.013370202984755775,0.006135083137322361,0.0635582835006403,-0.003195791797825809,-0.01849286445973508
2019-02-12,-0.007174423709532363,-0.003373800044701447,-0.016474837203505066,-0.011202541286699397,-0.019969263316131247,0.040086271463646295,-0.0031861621418931563,0.04370064712914257,0.003195791797825809,0.005910993210532567
2019-02-13,0.0016602106746397283,0.015550061018292816,0.006622540760493401,-0.015072155815395671,0.012215396320046423,0.026785206028696162,-7.708614380419476e-05,-0.00858374369139181,0.027338100652865016,-0.008530661902187653
2019-02-14,-0.0044333683032213855,-0.004045031971594781,0.003294895896852612,-0.02883935171045149,-0.006277875016380108,-0.028798841895928184,-0.021159699413524358,-0.026899930335469335,-0.035567565697971926,-0.006837186889208091
2019-02-15,0.0,-0.0022707440497438114,-0.013245226750020711,0.015129678398284607,-0.001561254908453158,-0.021852642368834996,-0.018163393325109745,-0.0078077136004699454,-0.009273506185869085,0.00442192880123482
2019-02-16,0.0044333683032213855,0.00790479177728809,0.009950330853168099,0.031939496001681444,0.002685491346261948,0.0006472809523301315,-0.0009947375996732788,0.010316648239758308,0.0018234638133560743,0.0064045955268623445
2019-02-17,0.0008290728677202708,0.02737894826224263,-0.009950330853168099,-0.0019579620421485977,-0.0017895260070348584,-0.0038112497511075816,-0.0039888750555681085,-0.006182301803636214,-0.010605546943219135,0.02315703378998979
2019-02-18,0.04747385491000067,0.1134497778790271,0.05195973893071115,0.05490906916388161,0.10203153421772715,0.049422635254964487,0.05737237953373864,0.048323142274599995,0.05817841813679303,0.06668453457083867
2019-02-19,0.03596300112168471,0.04066468449866001,0.0673036818961068,0.043310492827233205,0.08050772775908666,0.03118769308158109,0.03424034148926047,0.05775276749786151,0.04782204001225887,0.00571393665284603
2019-02-20,0.0020309730261249825,-0.012656493693035564,-0.030032287098875177,0.03434872000021283,-0.014722627023087576,-0.019102672575872504,-0.02596581181200719,-0.016803624372260018,-0.015877046376735038,0.025358013421050707
2019-02-21,-0.00025364616496226233,0.0026580142368350934,-0.015361285161487048,-0.0029932875678309045,-0.008280104367305086,-0.010999040770459434,-0.009340335679664413,-0.009842956256287394,-0.015636255593600268,-0.018620683691541018
2019-02-22,0.004050638449845323,0.011532045160606685,-0.006211200092640867,-0.002880384960681326,0.0032727988540823816,0.009146433623079542,-0.003295951713425005,0.00222048695207544,0.010615160411822977,0.011906207002382985
2019-02-23,0.01205439006325193,0.023010629977296304,-0.006250020345171192,0.00660041674654499,0.0062985867684366426,0.0038865186892809156,0.0050615265164486445,0.010053621808835622,0.017870319950217706,0.04110305939752834
2019-02-24,0.0034886653873034135,0.020826572574383917,-0.04816340137862296,-0.007128710978073993,0.010957123354147669,0.021616241037733186,0.0012613887585217753,0.012767850213965204,0.01066261794988188,-0.10598568335595004
2019-02-25,-0.05050805681284842,-0.10523000966572127,0.01631357549152379,-0.08771743637600427,-0.09031321549498905,-0.06292861523484206,-0.014456534898010354,-0.06349140462471414,-0.07722479201921617,0.024245788605571583
2019-02-26,0.000261608896195753,-0.013208697736848407,0.04431104632491123,0.0006210629247629385,0.0005556515156817099,0.0007697192829083654,0.10694331094549359,-0.0047168454018189365,-0.007043741573175666,-0.009663541321346614
2019-02-27,-0.0010468464708974778,-0.0019012802802347295,-0.01246122043781206,-0.004756515824699825,-0.01099754074837378,-0.002272378115398155,-0.03015007113299273,-0.012555465099641339,0.00010394470151231516,0.0001854401422756169
2019-02-28,0.0036591781550399105,0.0016090108057005281,-0.00944888919793252,0.019525622251955088,-0.002028513841037416,-0.009920062750068848,-0.041653568688018616,0.013328836608145878,0.005307581966056407,0.00014701788125659476
2019-03-01,0.0010430248663961805,-0.0025317024944406796,0.018809331957496234,0.028389948377873786,-0.00010647764359905665,0.004216423069618447,-0.0017272190118884367,0.0169369778892845,-0.004123375401789531,0.0023451542041028617
2019-03-02,-0.002870940246753051,-0.0205924243558826,-0.018809331957496234,0.018787302979099696,-0.003947664347694335,-0.006965686302862206,-0.010938568992211017,-0.007581298725151342,4.152565247794726e-05,-0.003330121720759749
2019-03-03,-0.00183126277468304,-0.005316548900740514,-0.00953902304675891,0.005549392274625475,0.0011447499208641077,-0.0071718607329382955,-0.011090014578651441,-0.007590215578007431,0.007961743172885338,-0.004612627289006355
2019-03-04,-0.019300004221483036,-0.04603500279044237,-0.022618088587772478,-0.04132128662427714,-0.04993415048698946,-0.04184677377002899,-0.03837159173577476,-0.039591692206530915,-0.024816721714894463,-0.030469517233607135
2019-03-05,0.010621448765235186,0.03208889465517917,0.025807883955872635,0.05733840656872857,0.024856475820865143,0.010850163549884329,0.039513535447856185,0.022206611398424947,0.011796946215016924,0.05119084792124973
2019-03-06,0.018579626438960162,0.04610683631820667,0.012658396871923605,0.0972256940125864,0.026358240729283722,0.01203728506185131,0.009631622320722677,0.019856392839322723,0.023694028398831612,0.004098966467559251
2019-03-07,0.006975871202987705,0.0038368236351917773,-0.0031496089028963947,0.043601663341401586,0.0016820605778127273,0.005556236063384734,-0.0011159032433418759,0.009364730824234613,0.021551298273085884,0.00041720724654936703
2019-03-08,0.003084835351209847,-0.009151247834848775,-0.012698583337127367,-0.0004962251546194452,-0.01735932304609733,-0.010458502124397473,0.011148153297812158,-0.011517610519631738,-0.011030113433097455,-0.008620584108801843
2019-03-09,0.004864943662477472,0.001550523978064433,0.0031897953681001567,0.02004173570100587,0.022562611484671535,0.009660942614092338,-0.01083135148486658,0.00026936356898144,0.0011689307631153056,0.02268546079323741
2019-03-10,0.0002553952254977787,-0.007452758114280478,0.006349227678658753,-0.01299366858212192,-0.005887949025829009,0.0034051229173859277,-0.0004676951014985775,0.000391672077564742,-0.006912469920623554,-0.0055672141165503675
2019-03-11,-0.006918669494654139,-0.015373275418560262,-0.01916991610772012,-0.024284324333194718,-0.01637292981488425,-0.011777898374704332,-0.011428175462815382,-0.0019598962629192584,-0.0062664240377574565,-0.017665910163271903
2019-03-12,-0.004639183578099448,-0.004173306673273203,0.0,0.0014957787594962468,-0.009935246610574211,0.01104209975145709,-0.009200543326493005,0.04651221291876784,0.00565778129224892,0.005191639041698615
2019-03-13,0.0,-0.006954125706251979,0.022329476398088577,0.00519080473299649,-0.0006799451616572583,0.02735434663328018,-0.0024215140889962683,0.06022798004485619,0.019772782340721218,-0.00398824231809769
2019-03-14,0.0007746933892942565,-0.0013163968945670845,-0.012698583337127367,-0.0010395942934104951,0.026356296619669095,-0.008260734847884699,0.009589893531907201,-0.02277119204759881,0.003753467423199819,0.00234415208891825
2019-03-15,0.007714103566041075,0.02172427572946578,0.006369448285479917,0.029439355450682214,0.04627631380287678,0.030049841170034508,0.01602243382726609,0.013893854933099803,0.018811794363331025,0.01854849995334984
2019-03-16,0.025791568692779876,0.045011055435754344,0.012618463959211512,0.059882753134147926,0.11821593469752045,0.025838042342897882,0.039864840777635635,0.016682029885647154,0.040711495476893234,0.024434017162051624
2019-03-17,-0.0045033851440337,-0.015084017114554982,-0.006289328907564062,-0.005064301000961002,-0.016097451162506715,-0.012106730364420226,-0.023650690401021635,-0.004866669695452686,-0.019653223045350998,-0.009153770652749138
2019-03-18,0.0012529759814920993,-0.004091929922512172,0.0,-0.014512018505821622,0.0511905529808514,0.006888361749747496,-0.010181538066144746,0.012697716800253112,-0.0041801532509633255,0.00030650453168146186
2019-03-19,0.002501251929352577,-0.0019943932384665075,0.006289328907564062,-0.007740197643793856,-0.006871803940201815,0.02611296106996397,-0.013662834645027822,-0.009855948603903819,0.012941658919535914,0.005758261931672948
2019-03-20,0.004486547904701155,0.0002242063286201912,0.0,0.005245031777238118,-0.009952968467723977,0.0520855696999325,0.0031044403250035657,0.006051554837220863,0.02691814678822757,0.007064633818546717
2019-03-21,0.0012426993024625688,-0.004813382351435358,-0.02218791497536232,-0.00342632895371775,-0.010155542890732505,-0.02714831310393695,-0.0023766823936774983,-0.0033926626737095233,-0.017091581296284186,-0.018641816449743054
2019-03-22,-0.006728997352919208,-0.009777547362294747,0.0032000027306708922,-0.008040719683999775,-0.006099363020713788,-0.023474251395146695,-0.0008794408536365594,-0.012258895432708528,-0.01600094447019984,0.00269400423014865
2019-03-23,0.00025003125520939307,0.0049116767300807496,-0.0032000027306708922,0.023003009332035695,0.05597365218568662,0.006584060194812835,0.01159778633683306,0.006461523622554921,-0.00030402067574764047,0.006535156353075777
2019-03-24,-0.0027537881966210875,-0.004977720384960804,-0.0064308903302903175,-0.009475744731736846,-0.0012260173361093862,0.022971587919792924,-0.010976032516143874,0.006070519732377377,-0.0011599274919760205,-0.004833847950907355
2019-03-25,-0.003767428793644001,-0.008771080892922,-0.009724549891994894,-0.006126081778784709,-0.011701137851304111,-0.021180179035431124,-0.02214972413104377,-0.00994683504333338,-0.009501032080763139,-0.015551715179752179
2019-03-26,-0.010370650679952576,-0.009259566443182266,-0.01973748283832144,-0.015284825590855533,-0.029033125157834405,-0.033616457824186874,-0.014362231325701025,-0.022799655166707566,-0.024538961454971364,0.00035430182938522847
2019-03-27,0.020385756924474308,0.029399049499562402,0.029462032730316334,0.03581374781349833,0.05807517842787657,0.03121523814162508,0.01625139090209693,0.0364212611285204,0.037534707544326196,0.03548713736772591
2019-03-28,0.004474280394919816,0.0035850249695750236,0.0,0.0010055802302977312,0.01013970808560849,0.004493102334527599,-0.0036731983365942966,0.023844069503784482,0.0033502771179927393,-0.0062840398814740794
2019-03-29,0.011834457647003305,0.013970577918145821,-0.006472514505617477,0.004471632360608879,0.007347797670092859,0.013341810607267135,-0.000326124939800998,0.03430674667777556,0.005183067721574286,0.01912381631527449
2019-03-30,0.005621425043978334,0.018289251512690896,0.016103407566578687,-0.003368306627650419,-0.010535582125500653,-0.0011638570827772199,0.010245247117077305,0.0031887160919117363,0.00838657829284628,-0.0021967818135406603
2019-03-31,0.0,-0.009834207479618051,-0.00963089306096121,-0.007036001675377435,-0.0035924680434336054,0.02169502070094076,-0.005426334053593607,0.0784011144002239,0.012762386699068706,-0.0004709390825707871
2019-04-01,0.008494165863302428,0.004422585635233567,0.0064308903302903175,0.0030285751620127144,0.00496755420297923,0.06485896600842089,0.008802900840824357,0.0809814719358295,0.06403569835819534,0.008002524076406559
2019-04-02,0.11579405502486573,0.07445629204155946,0.07410797215372211,0.11905278389575269,0.1449792524232798,0.06631286476266851,0.08360406178594015,0.049294632715879416,0.10611983024035965,0.168059297065974
2019-04-03,0.07901565637978436,0.10314337211668168,0.06621122852507444,0.23053617105686186,0.3848245941194115,0.0993548747401416,0.21306986880934264,0.0901416421613952,0.0794191031476057,0.018439445250762354
2019-04-04,-0.010797945346787685,-0.056860354343680974,-0.060276493005259946,-0.0009090697812599302,0.03962902846240102,-0.06462079068006155,-0.020398891854343404,-0.045862210756573596,-0.07050075381343479,-0.019303101173158588
2019-04-05,0.0022090580325873077,0.017253001929439016,0.0713569387818318,0.019708199377820534,-0.024247638462241206,0.028434928039770213,-0.024235624979042747,0.03140832927672754,0.026617223430257297,0.03331739152126545
2019-04-06,0.012558721825111974,0.012853099308420823,-0.01666705248521172,0.0266008532845321,0.02592587774789301,0.012362493997803092,0.00546300184119719,0.01664572551542154,0.027721270364892803,0.005637688845976818
2019-04-07,0.017477126246218333,0.020684010187149937,0.0,0.032582236139541365,0.05727583371292155,0.022368942678443027,0.010345082363277136,0.011105030722989184,0.005145883755079517,0.025509143888560182
2019-04-08,0.016794140488999076,0.0647226622872834,0.0027972046210613666,-0.039104775346673115,-0.01912325910021284,-0.002364522286123716,-0.02005655410683449,0.011753449767906154,0.02108965618480596,0.014940037324786104
2019-04-09,-0.004604766386748338,-0.01765978531264878,-0.02259983191724113,-0.0254890616245671,-0.03647714709599459,-0.02961275657086926,-0.057761484593075174,-0.022313162261482056,-0.024793767621190455,-0.019896223973965732
2019-04-10,0.011852557030719524,0.013773409445207108,0.016997576368571243,0.013245529237267739,0.011560513917436843,0.020195618713513497,0.01004767506236881,-0.00456103728801871,0.014706147389695445,0.024590634841306525
2019-04-11,-0.026380657593628953,-0.06709273721319331,-0.07281235547496756,-0.0826218984995819,-0.08276541823916794,-0.046962727620261546,-0.07027404995173914,-0.06417550755302326,-0.049413449303818524,-0.060897386467573256
2019-04-12,-0.016129381929884445,-0.02163175511800386,-0.01215820447980942,-0.033104450076494985,-0.009253880023289085,0.023230751074634348,-0.04254147694434529,-0.02696290121646605,0.005499307665838948,0.004032409170884321
2019-04-13,0.008490523905340552,-5.486817921251941e-05,-0.0030627895305457287,0.0013617131689578343,0.013481288946689318,-0.006122249669678226,-0.010033882984305187,-0.0053971541203337026,-0.021767485476146042,-0.0036324510430372214
2019-04-14,-0.0011804054095385652,-0.001397104134566618,-0.0030721990369702024,-0.004243963828373332,0.00026541372416488684,-0.015769715716262844,-0.009004320763813745,0.010259663025723675,-0.0027142468531655695,0.019430461390860465
2019-04-15,0.008819263434082458,0.006923642782865613,0.006134988567515931,0.03497592728496546,0.08862833995157793,-0.0012805403301037188,-0.0358414308674746,0.005663816833191504,0.012740386395561742,-0.020416704166253297
2019-04-16,-0.0039100734078427735,-0.01013399693601258,-0.015408625352845151,-0.02324394914628325,0.03415686141404972,-0.009083458562984426,-0.1868442515323272,-0.020667899380885757,-0.0037670549150048416,0.0287408150580033
2019-04-17,0.022276950277918317,0.01759394581834517,0.03058342337208031,0.005814774794483668,-0.01503912687176534,0.011831691754878193,-0.0031700288924421116,0.007947794584313606,0.033285524705275016,0.002427343843066865
2019-04-18,0.008583743691390922,0.03699181368850191,0.01494796143587318,0.01889569421855075,-0.008127734170785494,0.029544986093032577,0.04130764262431352,0.024970992445858542,0.0066168567184625715,0.01422742505384722
2019-04-19,-0.000950118836319902,0.0002899290274047672,-0.01494796143587318,0.005109822939570741,-0.02557953291288495,-0.01641746242108333,0.01830031714465452,-0.001997416252895512,0.001840813984050449,-0.0011663182279786355
2019-04-20,0.009460808504227813,0.006961985787878433,-0.006042314455962705,-0.00033085600100779544,0.010369790876741725,-0.0064123981460113555,-0.005371756191870247,0.0030881952097043808,0.009905385120075216,0.0020714042299045943
2019-04-21,-0.005476361529050067,-0.02146239899018365,-0.030771658666753687,-0.04806487481825794,-0.04393309032119408,-0.019737722435865024,-0.031850650702903494,-0.01504157541844009,-0.010693890505243608,-0.009439934436561437
2019-04-22,0.005476361529050067,0.003681493664049462,0.012422519998557258,-0.01532959495475339,0.0015520125073891222,0.0010880433938185163,0.000613749767190086,0.003454548140540581,-0.0012716790066935602,0.01004184872120284
2019-04-23,0.040595980280397015,0.016115597219489963,0.0030816665374080454,0.013347280662407535,0.024916012789275577,0.017235149570176134,0.005611461376585858,0.009485809753710939,0.017140542320733587,0.018568554491983136
2019-04-24,-0.00780615745740576,-0.04442161675552203,-0.07339816495486784,-0.06576764023750314,-0.06929884942849718,-0.06598784144430425,-0.07194201802965638,-0.054268344298453286,-0.032855003997923404,-0.0272245085673406
2019-04-25,-0.010258379024129738,-0.015701752369157163,0.006600684031351944,0.00932749313268122,0.0026672665577542887,-0.0013432665006627431,-0.006691125424491684,0.003394188460775105,-0.010770380540591873,-0.04816655443790463
2019-04-26,-0.033895202449176765,-0.04952230823539239,-0.033447934067539986,-0.011228293969447023,-0.04611515456566373,-0.061539500050259655,0.006147733710023751,-0.06443958945667827,-0.060422826399697094,0.016193253357165815
2019-04-27,0.0003808798370190658,0.011797055797515554,0.0067796869853786745,-0.0018353566501927432,-0.00570018787009019,0.00575067324148737,0.011905457025016553,0.0005213740611029749,-0.0037723226908914498,-0.0003253392921660492
2019-04-28,0.0015220703090683685,0.0040177647897854385,0.006734032181344052,-0.025431500675193952,-0.010174332620742632,-0.0006863754743156036,0.012899605665741554,0.0037331356477121602,-0.003513363203940578,-0.006393729606335441
2019-04-29,-0.003809528416669039,-0.013783292642997935,-0.01692087748833715,-0.03364216217745053,-0.062483936772839144,-0.03530620078672264,-0.024580175133588344,-0.0061043779066949355,-0.015891220233950953,-0.01530156516338188
2019-04-30,0.004759647252988941,0.01775974266288216,0.04341249293531346,0.04077158736524211,0.00857499841930398,-0.005348923018785534,-0.007372611916651284,0.0032030483772995666,0.007693659401338593,0.031598011149874594
2019-05-01,0.016762799512221704,0.01645731119578464,-0.003273325344969047,0.02972841693118422,0.08222623318415057,0.03195299188515044,0.014840069982636983,0.041661508265361746,0.029755738901877216,0.004866215277381514
2019-05-02,0.014463445158234833,-0.003923878164770578,-0.0032840752011900065,0.0005187713426924034,0.007745291197340798,-0.006402377671838266,-0.012125443273170333,0.023053454188371347,0.022011388377325858,0.01414955437356813
2019-05-03,0.048860292855598786,0.035169737914075405,0.01631357549152379,0.05473289483691879,0.04803037461298132,0.024719733633003393,0.0182443921085631,0.02165433940018957,0.022545679315195244,0.04617099188431073
2019-05-04,0.008032171697264445,-0.012761545218571868,-0.022914259522875735,0.000736248652791538,0.01044087143440997,-0.01038386987195139,-0.010163123382457506,0.007722432904370358,0.007970915552751201,0.005276276014993364
2019-05-05,0.004857747234785492,-0.007221440015809932,0.0033057881344993323,-0.012250645243994107,0.017686852650239615,-0.018727015342172137,0.00797943356084918,-0.00652468252141869,0.00728584422599976,-0.00801348770745669
2019-05-06,-0.011488377006761752,0.024879543431219453,-0.0033057881344993323,-0.02986444988814263,-0.01819017021779601,-0.00035012546520096777,-0.024283733282094655,-0.0019187672155558388,-0.012192728183189061,0.0024182527610365767
2019-05-07,0.035936128512355836,0.05571674045069486,0.0,0.026906022764428883,0.016152658143630205,0.002165476501268415,0.010216599577759222,0.018036028062788034,0.026461033319110427,0.01731285201009669
2019-05-08,-0.0033835254746072962,-0.03878282638687924,-0.006644542718668767,-0.02961661799011228,-0.02700588106538504,-0.03983589784792674,0.012880762008444346,-0.03557506805740651,-0.022375271658231277,0.00755462191728018
2019-05-09,0.03070489836446022,0.0006295506569626852,-0.006688988150796549,0.0004185315006051127,0.0030524743993707304,-0.012107423588568977,0.06108494411561516,-0.0240579983638467,-0.0016741909498119156,0.02612096365741401
2019-05-10,0.03757597594040263,0.017589777483588698,0.006688988150796549,0.02521791638009585,0.0037790062401024116,0.005714850531224336,0.0030489156420578922,-0.008561132302033592,0.0030324102497987226,0.02467820829627243
2019-05-11,0.07454879208592047,0.07635810561847212,0.07386984856645573,0.11215139921729911,0.0974249077039877,0.05368834668836531,0.025725222587759333,0.04215021257708962,0.09546610090856156,0.14173854639020433
2019-05-12,0.050279117878019974,0.02541806371680355,-0.047552540249082176,0.033676409754912484,0.11917423299499497,0.021615133434216283,0.020506138550719477,0.03840518416176497,0.043572509437025175,-0.05565770520569924
2019-05-13,0.03324938786628984,0.01343951538586996,0.05986038792367898,-0.002232194626608397,0.039821258151868655,0.014584979079272031,-0.020692650356608944,0.06474291312550662,0.017089593623839328,0.09862733804373214
2019-05-14,0.07646041534344405,0.06480791053771373,0.22130700350690813,0.02761711903345887,0.04682184943072709,0.05477956453250865,0.02104139777567582,0.051975569553855294,0.05126968934206744,0.051181450104404114
2019-05-15,0.007358935610428219,0.11620117258787488,0.04551683882446289,0.06051762151751561,0.0014404850751184028,0.08730664114325215,0.07778967401313874,0.06838842716142857,0.07526751497385042,0.048394500747499514
2019-05-16,-0.006858309817744157,0.11547592739461976,0.004672905699392493,0.025743914350589314,0.052543547099112686,0.05701791248019372,0.0449805910811385,0.03886127513153337,0.011680221312982297,-0.027219503992150784
2019-05-17,-0.09234910265810647,-0.08991265123764425,-0.13987849928420149,-0.1078540609572789,-0.12057608498491934,-0.07542719047972302,-0.14438837393673865,-0.12443850398491652,-0.10965285896078569,-0.07140825808624296
2019-05-18,0.005610688683683307,-0.0012281589431530904,0.015957785438610816,-0.005215417151997137,-0.0027938212494476033,0.022216021628064908,0.020837410326832284,0.023150867236686246,0.004244189180123925,-0.01468576525506382
2019-05-19,0.07667796694858175,0.060307289262830466,0.06635086202411289,0.05786321888045265,0.10867559180927877,0.04186933892672151,0.05756729534246574,0.09775661944403691,0.06240398429899763,0.11061098395886848
2019-05-20,-0.0015178348474353953,-0.015684489115280087,-0.030077455237277895,-0.021716120369730696,0.003934878354623805,0.0004223697646041913,-0.02087685690977903,0.0864510453021401,0.011292907740360292,-0.028583841961223655
2019-05-21,0.004798594887898133,0.015032728647747184,0.005076153031860597,0.0015261395481838136,0.021240237322611932,-0.00749712105391076,0.25761647813626976,-0.014597655077368543,0.02459692927855972,0.0027895330307758925
2019-05-22,-0.0068259650703996755,0.0014767143820293427,-0.005076153031860597,-0.0075435486262680485,-0.01468692942585026,-0.025204290681216435,0.25938278347976507,-0.01329244170160404,-0.008869362368471911,-0.041317375498701736
2019-05-23,-0.0234851987333613,-0.05082575572093617,-0.03891541624967365,-0.03343891033602908,-0.046526896602491874,-0.042888685542928684,-0.040855426797211436,-0.06593670495855797,-0.05715575707416232,0.020971521249902203
2019-05-24,0.03496145811379492,0.03453289399622683,0.0338133643657782,0.09624596341476721,0.05033053028066625,0.039268883342949756,-0.014482476072839923,0.03509676086291691,0.02287022852272269,0.017279230255257794
2019-05-25,0.006000768100610898,0.008585251848774789,-0.010282866955584002,0.05842872662064291,-0.006840286767381798,-0.00789964060536974,-0.04295692544062302,-0.0047212518183661345,0.007543427735648756,0.006727191106161712
2019-05-26,0.009921946707070362,0.0015851861939886192,-0.007782140442054941,0.007317177204798853,-0.0050783783496219925,-0.0034541871417452796,0.024782571504910145,-0.00953566089163882,0.010819520512253433,0.06841795096044034
2019-05-27,0.07876030912786014,0.06405583186654695,0.09672962645855099,0.10689519683283599,0.07050134416220022,0.0486906384325545,0.15417858380526628,0.06119753095519975,0.0879039210573227,0.034042046052084274
2019-05-28,-0.005375434685561231,0.007360148376038822,0.032561016049312275,0.0013443091490863424,-0.00047412345589670224,0.09567444012027426,0.05644539434861873,0.00817345447730844,0.017714692421010092,-0.008388114632449373
2019-05-29,-0.008291157583981246,-0.005113716986991257,0.024860037319395012,-0.0003926307619916969,0.020586258341780628,0.006365074601328402,0.217457674815142,-0.00015620681814443316,-0.03030757282286256,-0.007748663025884284
2019-05-30,-0.0013885676843461425,0.0227214052834519,0.04367506350266159,0.003823763352807319,0.03410585268619304,0.04415101061102611,0.339136415621506,-0.00213526851671908,0.0067126800981673895,-0.0428810165597433
2019-05-31,-0.03295966895824165,-0.06697443067055442,-0.09637912699322992,-0.05204030227136247,-0.06630205536376899,-0.01761496991262046,-0.11632526121370468,-0.03268184726229073,-0.03025787125645074,0.03925543680858645
2019-06-01,0.021898253269691637,0.03977003200203377,0.009367750003600128,0.03942498453909238,0.026208777120945825,0.02517202391863549,0.019498411486315703,0.02179049164806912,0.007402054700272664,-0.010288850769455848
2019-06-02,0.014067545828424954,0.001670439214199071,0.023042494147154424,0.005863780846536493,0.004520464632928878,-0.009723482072789835,-0.00748992050212216,0.0006267856750392653,0.019648259645564714,0.021590035684138975
2019-06-03,-0.014535984764265208,-0.02141485251571762,0.009070356969964277,-0.015106440407191002,-0.01888681074185694,-0.011607278300433066,0.14808945707703103,-0.026269453452248293,-0.007011897833871572,-0.0684952774901273
2019-06-04,-0.08160575750135735,-0.06958708533030933,-0.0628845097838725,-0.08347549217580408,-0.09893066792447591,-0.06702671736998411,0.014167710763304697,-0.07616046235934704,-0.08911610699406491,-0.062005224004518134
2019-06-05,-0.011504664793257291,-0.004638007185214121,-0.05433435096332928,-0.006794143069307701,0.0022284442859792364,-0.030415161502222787,-0.003370599588121692,-0.01798689141607568,-0.008581227997613183,0.020360791215408902
2019-06-06,-0.00283249835315047,0.0010448144356356437,0.010101095986503883,0.015430722138223274,-0.012320924392901667,0.013541485063308656,-0.11364638692204299,-0.0052079688692447945,0.0023989004789601864,0.009251586631702224
2019-06-07,0.02269058471173402,0.0190162057586285,0.06563716363997907,0.09084644757315274,0.020501631336997228,0.029841512637593937,0.0073005730288109305,0.012863874965447941,0.02528227805465111,0.023848048586017967
2019-06-08,0.0005040322687346332,-0.008708726180842952,-0.026223195099102536,0.018875103985209307,-0.006577170207437533,0.004160083849037655,-0.01968701425791597,4.7665578311040235e-05,-0.001914314956286134,-0.0164044120483382
2019-06-09,-0.0180505727155591,-0.035038485140712616,-0.036904556935450805,-0.003998165312576241,-0.02258855004568261,-0.04413730878274347,-0.0252744275437351,-0.026586171912668988,-0.022041632905985153,-0.03999362837819831
2019-06-10,0.0017941822062805812,0.004259986713213593,0.0025031302181185433,0.042117258550654846,-0.0013679431949649157,0.003179250171538861,-0.022864064877588852,0.016154723025648465,-0.0031837993963437228,0.0468420116053716
2019-06-11,0.009430425438878842,0.01762903017074091,-0.027885203489535715,0.07095354640217089,0.004823499360391281,-0.0021901931186940615,0.003029572859455598,0.011683558582970655,0.017878131443405998,-0.009645859423689451
2019-06-12,0.01685362492984055,0.02949137623951259,0.0328727450005748,0.05908185270697697,0.007672090156644273,0.06966858713774116,0.010080585279327536,0.018141881757180123,0.01767767643836482,0.03141091855396905
2019-06-13,0.01669694346045958,0.032637386592655915,-0.002490661312451903,-0.028738836204978746,0.039312587190200254,0.05043531072648477,0.08457259936883599,0.03992401171401028,0.028358864560068753,0.0048142581470767
2019-06-14,0.022317481747702317,-0.010447859126958114,-0.007509422022131451,-0.03178289047306926,0.007990598017891593,0.004720718779548605,0.01620795142185827,-0.020040984702878184,-0.01723527934140634,0.04323420822129442
2019-06-15,0.04411272382067288,0.0360639572702901,0.029705154413915635,0.04661597837060416,0.02258388319534177,0.030777082498528507,0.01381160381585822,0.00866974558510858,0.043501121109409624,0.014805047338034782
2019-06-16,0.04136815545854233,0.01875629107088095,0.04062685353027107,-0.0009050074011582865,0.023093479868806277,0.01041355714770642,0.002907659115231276,0.02119862202208367,0.028879085950183736,0.019591751806760094
2019-06-17,0.015732871218899547,0.0016968475912992886,0.004672905699392493,-0.006802671952985229,0.005142787363398682,0.04612273218940732,0.0333717113095684,0.007312403785991961,0.019725199044784425,0.02804123218098642
2019-06-18,-0.006961846893519308,-0.01400363226478607,0.011587615172387822,-0.015490521934081514,-0.03281891411021398,0.08867327898192467,0.012758099114932975,0.004481236060676075,-0.005247523067948734,-0.024745947295005344
2019-06-19,-0.001201463745641007,-0.0006842234424642157,-0.006936443996657049,0.030080298789151527,-0.0087447468793167,0.04473765286717235,0.0068649127100872676,0.0020513857179258466,0.018626159424063538,0.01755191232117692
2019-06-20,0.020445300840149727,0.006520315600372584,-0.014018921179330901,-0.011984375097030764,-0.0045640586267987615,-0.0273279561065074,-0.01968693905758645,0.005886082265613268,0.035355437844993176,0.022048457974588764
2019-06-21,0.047774958962341074,0.06573989199591512,0.03468555798788997,0.0162772125163011,0.042898531859798084,0.022426756969948336,0.01019480558090713,0.019685347168796774,0.0486085179196607,0.05395733788557955
2019-06-22,0.09134896840946638,0.06525264500481942,0.08492587049860834,0.027261372583855525,0.06474225173657455,0.01876358347664464,0.054714094280272185,0.06812628270607313,0.05646125496639254,0.05584454107002035
2019-06-23,0.004369457981463043,0.01682428579348727,-0.016842503394497443,-0.0054002593637276775,0.05665107189509655,-0.0011774132796702474,0.029254046406824052,0.002245795778579307,0.019136343471150674,0.005552668526526361
2019-06-24,0.007854048227542876,-0.013829872039267777,-0.019293202934678844,-0.039810331866998006,-0.027552290689017767,-0.04099067878523677,-0.022268854015334405,-0.0038220022452613023,-0.0031583061158420023,0.012882826015076176
2019-06-25,0.04102445906664265,0.013063513535183091,0.006472514505617477,-0.004177416154877989,0.00855149003530098,-0.01692928718785769,0.007337579098350311,0.009686256004695082,-0.009884301331033463,0.048801623138246875
2019-06-26,0.11250805590135649,0.07391617614159696,0.05440672220716425,0.0014711348221254639,0.035188802401373565,0.033131904468802986,0.0046128610354276844,0.012895567463134583,-0.06355905381034788,0.0733781937818625
2019-06-27,-0.06877863127775541,-0.07625736427952035,-0.14435495887010374,-0.11644380853516356,-0.1187354743252147,-0.04827317699930678,-0.15404430771792565,-0.09690172738031855,-0.116722059656583,-0.14437525031245624
2019-06-28,-0.01054073003259326,-0.024838435656125313,-0.019002947125615455,-0.02023947823200256,-0.03568276783323121,0.06259861006078449,0.03202220900505104,0.001642395066778768,0.01866135383733969,0.08321976154845245
2019-06-29,0.014001671316957953,0.006256222391748167,0.0023952107259548328,0.06336371528854201,0.013457089177323134,-0.004791352447162112,-0.0035548833862524276,0.026612444101927757,-0.0012833084421659535,-0.012475871832752006
2019-06-30,-0.02543233163625125,0.004855695038487262,-0.03159436541821703,0.0405666230484627,-0.006770595454677064,-0.01808784424010046,-0.01947998045062871,-0.013751512288073364,-0.01849715775265448,-0.0944783474444888
2019-07-01,-0.07724459762801317,-0.0508857424584912,-0.025001302205417297,-0.0724764094632464,-0.04520961116650035,-0.058554137137601714,-0.052093606170989126,-0.062311728040651104,-0.06785509297549996,-0.011161119512807183
2019-07-02,-0.03671009393528557,-0.023739904903728792,0.010075651988741607,-0.03280824436365659,-0.01321461072959984,-0.027406257111479704,-0.0172290876570802,-0.024289887126262677,-0.044087333305777854,0.003061804102948429
2019-07-03,0.09369729755200851,0.03381737068321922,0.005000010416705725,0.02305247375032149,0.025321174704892258,0.03658896933211864,0.042618364399166,0.0297576017054082,0.036701999520164286,0.08642420138423024
2019-07-04,0.0359517258361155,0.0007738703746102971,-0.01002514661937881,0.020601098701012788,0.008447777355133468,-0.00316093047982946,0.0020073476636426335,0.022280444564059643,0.013715422744919437,-0.05969476103893001
2019-07-05,-0.053391441794396144,-0.023706456673412646,-0.03851567208061524,-0.029057614193524373,-0.033903630179524136,-0.029036366994406038,-0.01077116285667401,-0.03339529392511231,-0.015273635857870893,-0.01770251298648251
2019-07-06,0.02148901726589969,0.009199060588904295,0.04854081869999405,0.0006633777927751439,0.012603287492380488,0.017708293381119233,0.0028880197472931357,0.012719213574912125,0.06579205745945949,0.023888482302495184
2019-07-07,-0.007583810598287499,0.010567324866283201,-0.025253867321203383,-0.004399938112818802,-0.0028216138411831793,0.01320848940163355,-0.007147345653223169,-0.00022445609572674385,0.0527967345030147,0.016536967970560035
2019-07-08,0.04042180823351238,0.04498447659847482,0.0227569871226162,0.01165986243959427,0.015550164150194945,0.013967776451677238,0.005244701207495872,0.012612934848165835,0.03533908765268734,0.05495771990039344
2019-07-09,0.060529603525342424,0.014082075537196204,-0.010050335853501458,0.005940899465736393,0.016666630434081675,-0.02303591692342266,0.0318870318696618,-0.0012674754856014658,-0.018036120285004564,0.012836341504144144
2019-07-10,0.011773264618280876,-0.03349186075855215,-0.10088122485378026,-0.052824885381334674,-0.03059043486454005,-0.03028052167476769,-0.03824365297176158,-0.02795964022187647,-0.032431481773819826,-0.03860926203333648
2019-07-11,-0.08720550776967428,-0.09585351873497316,-0.07841461102363745,-0.1072750276269554,-0.15235505196231625,-0.0956509431174366,-0.16205557839039475,-0.07312325425296518,-0.07563443013484417,-0.0745695569542768
2019-07-12,-0.0005178664020455415,-0.00013521637381241902,0.0500841043974114,0.01626914581780614,0.004710030108782348,-0.008671294719508893,-0.029332676836355098,0.012757409092733596,0.00748911343047709,0.03739644665369557
2019-07-13,-0.013822100352980371,-0.014652708343412257,-0.038071947949407825,-0.024420741458960116,-0.015221081686596527,-0.003956340590963059,-0.029279173733570474,-0.02644754407198313,0.018074018395561886,-0.03231438937907338
2019-07-14,-0.04989371403312681,-0.07466414497999718,-0.06155789299943337,-0.06912801215774245,-0.05962789020839221,-0.04313850812638087,-0.10833628127458006,-0.05689611776893244,-0.03588092916027019,-0.11243420024999828
2019-07-15,-0.04084883207826806,-0.10050230549706107,0.012618463959211512,-0.0617616555031022,-0.08474621576897778,-0.08701667652745737,-0.14499888254350424,-0.09442891726164149,-0.08137330593062586,0.05529209023347459
2019-07-16,-0.0066355967859692555,-0.034387574194536974,-0.058080838035968974,-0.037057715186155527,0.0010421851307649277,-0.044526344500130044,0.006090369830640263,-0.06130285608467467,-0.01174067972595605,-0.13251577704237416
2019-07-17,-0.0786606707170936,-0.05972408943583751,0.061210731044896605,-0.019647963623851794,-0.02580512568628457,-0.05241445827438618,-0.052173353455071236,-0.11393591665879921,-0.07501777510815089,0.022606769826960083
2019-07-18,0.04819350544051382,0.0579709838623268,0.012422519998557258,0.11441514506228145,0.03880939185617116,0.07424909966266036,0.10343273527728591,0.041048737360342535,0.0494155472369302,0.09329416007008184
2019-07-19,0.040547411913934184,0.008853026028970312,-0.018692133012152556,0.03139466805217328,0.01029151678439888,-0.017614777911378,0.06003424494206033,0.041438412019012105,0.03217412608783565,-0.013979461998123277
2019-07-20,0.019204979836048963,0.03421860998263604,0.05505977718302746,0.02549946193248598,0.04897027523425379,0.024951929387334815,0.17885411557541175,0.061597188781091106,0.02575783175388313,0.021926658519501707
2019-07-21,-0.008752585168629423,-0.014359801333032607,-0.0363676441708749,-0.01569506298483514,0.0037941031730905905,-0.022425890682594485,0.05652090632160167,0.0008276980654713384,0.004708882573857487,-0.007662624574375165
2019-07-22,-0.011503668238699305,-0.017065498077506902,-0.015552413007484889,-0.022962686582658876,-0.022297775758817195,-0.02364340623895078,-0.0350307671859742,-0.008849956454615615,-0.015528776954107926,-0.02905119029539005
2019-07-23,-0.036615580105499035,-0.03240755915797511,-0.02861880530565264,-0.04878757518942578,-0.03543632714312217,-0.03411657028308124,0.01446880458691524,-0.04284699654919777,-0.018163824863919764,-0.036638307419815774
2019-07-24,-0.03718351173688639,-0.021473768844938235,0.0032206147000422014,-0.009186853551052643,-0.0367383402315804,-0.02674729761345862,-0.04035420924676725,-0.025701573465448213,-0.021622928651792606,-0.002014165549880431
2019-07-25,0.031813036372494,0.056346193626791496,0.019108861698046375,0.03540459899173953,0.03953951310376702,0.0222591485909005,0.009210253689710513,0.04646639484945325,0.016581392363899994,0.0060069216939329095
2019-07-26,-0.02483721817888096,-0.021122225562160146,0.009419221916491693,-0.01610216950365473,0.01707631360607298,0.0009694620245479513,-0.036132544292417634,-0.0014085749313714757,-0.026122318925610344,1.6266582023583e-05
2019-07-27,-0.0049190507059027055,-0.01536521311109329,-0.03174869831458027,-0.020554255230528895,0.00013538997167827915,-0.009581198900873389,-0.031506445843903386,-0.006824396203761296,0.005311748926958515,-0.045309542564162086
2019-07-28,-0.02443838150321831,-0.023454202045368078,-0.003231020581446531,-0.022175729857216275,-0.018882268068830754,-0.0223958434312701,-0.04839914575442883,-0.022288817722387222,0.0033350786282388967,0.012127375428574005
2019-07-29,0.005982699555518778,0.011691578206197484,0.006451635281488732,0.012947476447964235,0.012346561298234526,-0.01253344876608864,-0.004445579511349607,-0.03297214740751642,-0.011432694229972284,-0.006903258440671856
2019-07-30,-0.0009422604476672092,-0.00696893451416436,0.02852808361453807,0.00019959415920656198,0.015380039711395455,-0.02216490314622277,-0.005719606039897407,-0.010355561199158814,-0.00919047535370332,0.00877036054931235
2019-07-31,0.031244486168100494,0.022785210432727077,0.003120127336243561,0.046489776656242654,0.049484904792066686,0.010111581444738782,0.007576025446184964,0.0052147415393069,0.017288090955436708,0.04725133341887755
2019-08-01,0.02337938222708047,0.0007695985640872038,-0.022048137221762465,0.03399292099671403,-0.013494109848871005,-0.0041099620054056984,-0.023990409503035437,-0.00041467184972354687,0.011341011348853236,0.020581553490294446
2019-08-02,0.03880866296889707,0.018038487186136543,-0.006389798098771049,-0.015069343088333298,0.009108919803498594,0.0007010792432087243,0.034963403789040726,0.0032843842606338214,0.03107524417069296,0.009981433855815958
2019-08-03,0.028960278890068025,0.017790833396630568,0.01589858606779826,-0.012666996286581522,0.0328419378379845,-0.019635932275069656,0.01394197895494198,0.006900550305108055,0.03469574040590917,0.021266909913691734
2019-08-04,0.0022218116897700924,-0.008016608997094998,0.012539349252735255,-0.024962693338792974,-0.00947246725508677,-0.017936943775265668,-0.013654131150806492,-0.014947118292069739,0.008812249332071254,0.011524856130940009
2019-08-05,0.07703638644026789,0.04635820151896919,0.018519047767237673,0.05177790190942133,0.04281479831697066,0.03518420913370868,0.03005137631740773,0.040128454082357656,0.054892879797873384,0.06537159721675057
2019-08-06,0.007845852971145817,-0.0062708926959818,-0.034217957310341385,-0.022292284576176158,-0.011372611842725533,-0.03170675112608379,-0.002562319714676242,-0.02487346693998571,0.005851505479141927,-0.03058326441252568
2019-08-07,-0.00391523182920217,-0.014444993008416063,-0.02240093668916665,-0.03435007108166488,-0.018953846727812973,-0.040282141809808714,-0.04240504454313765,0.0033896127884567306,0.003599657890292818,0.03392446145862049
2019-08-08,0.007222702087686272,-0.014710534413167942,-0.006493529310548363,-0.021523166423626172,-0.010774277611607097,-0.00014457482977370262,-0.020030243997434027,-0.01845519164175613,0.01222758037625038,0.0005205532594203532
2019-08-09,0.0021989183420458858,-0.04361927975856261,-0.03987239124737729,-0.03648657261750987,-0.03025215167026829,-0.03856740113695167,-0.010864559063921142,-0.017799181093281824,-0.010748496281133946,-0.02039510415762269
2019-08-10,-0.02005272192788432,-0.021955272649545776,0.0,-0.02189571911255772,-0.030863472221981603,-0.038291471619816164,-0.0010866632448642832,-0.02820420291415804,-0.008983143166123142,-0.0342499615620957
2019-08-11,-0.01730101836865039,0.01389710518203291,0.02345166103504992,0.027986318148156997,0.026004305889326673,0.0196862837887819,0.01132721896051958,0.028724604598897585,-0.010384963575098993,0.022781373862170717
2019-08-12,8.76923752031189e-05,0.0040160317941273505,-0.006644542718668767,-0.005941325595085978,0.02619298480708654,-0.015306727380202112,-0.001964684911373027,0.007448609514390192,-0.00446512369760832,-0.01566167547690167
2019-08-13,-0.02153861237684751,-0.01702273743433924,-0.016807118316381153,-0.025066125129849404,0.0064610950388521715,-0.029999006207516388,-0.011848769738200815,-0.012258168349007725,-0.028638867064380236,-0.03481458625624434
2019-08-14,-0.06162189340905755,-0.031443124742896345,-0.020548668227387656,-0.035909468195823635,-0.0037991125269423165,-0.033849998260809144,0.022995431482166317,-0.03517257445212252,-0.06396906281845283,-0.09330526148276075
2019-08-15,-0.044724683016218236,-0.09196006319310701,-0.08669686212620986,-0.07680484719174263,-0.07419373948085006,-0.08518194810051805,-0.09021580096942028,-0.05350973206241072,-0.049833339875995364,0.025123738479382318
2019-08-16,0.020710799442561267,0.0018442755631120633,-0.0075757938084577425,-0.011544273629087165,0.00428397228003341,-0.0029112686579484404,0.01714287217624033,-0.010827589295466566,0.027530567909609616,0.00016348533276033805
2019-08-17,0.006227518423385092,-0.0017739035386696855,0.0075757938084577425,-0.016763285651413717,-0.007277521901529305,-0.018241534938003845,-0.004750250705609638,-0.012720791423618927,0.016340890923323137,-0.006923013994403426
2019-08-18,-0.0013589596344942834,0.028863957217461156,0.07975238977339871,0.014654790842103083,0.014227999899980581,0.06302719228963305,0.0039736722709928785,0.017031832855409768,0.012450464870648048,0.016116337638864664
2019-08-19,0.030515543925949018,0.044913764836485015,-0.024692612590371255,0.02834304458714154,0.024744381984589836,0.02429300019031544,0.04625160287096097,0.020258713841548648,0.038382142152322274,0.048739326501572755
2019-08-20,0.013475779445348834,-0.0036520014496357334,-0.01801850550267825,-0.016220074540118645,-0.005996569951692621,-0.012766211186613141,0.0020818418051025134,-0.009298394448636671,0.0025852128813879105,-0.017433888940990627
2019-08-21,-0.05140093122097866,-0.05424610597787627,-0.03327478888487234,-0.03890242781650155,-0.053963850927135404,-0.053300940134275,-0.0554616936955723,-0.05177565898136294,-0.06442071811785244,-0.055319821890211784
2019-08-22,-0.01588039488030013,0.0050115029090154195,0.01862251209800192,0.003807337138196587,-0.0006250837369217166,0.0022026881690693223,-0.005057628023197758,-0.000998735018765906,-0.0070127461983364725,0.005830143886317529
2019-08-23,0.02046912638833831,0.021615943884593314,0.0218986853076375,0.01571866825852819,0.029282693123201753,0.018470600413169613,0.01230425175800498,0.034986796777916496,0.014000963013621082,0.030944986932137653
2019-08-24,-0.01077280029567973,-0.013380187083058992,-0.0218986853076375,-0.011585388152522746,-0.0099514553626312,-0.016432434056689704,-0.013833292582978274,-0.01664795330007962,-0.024669217710780345,-0.030638341686685777
2019-08-25,-0.005133278794241747,-0.007626312516348932,0.0,-0.007487908184346637,-0.006632038672971241,0.0024323635813545685,-0.004179294551748924,0.0025692961637515666,0.002190008963396828,-0.008405881711194496
2019-08-26,0.023958511637847124,0.004762052185200538,0.0,0.014987722955480898,0.016381061958102627,0.029006880916738087,0.006359715839622915,-0.00011960877072780818,0.011358070504190465,0.021124417116441307
2019-08-27,-0.015384918839480122,-0.014130101364429493,-0.00369686188132623,-0.015358106031837515,-0.009882077745166917,-0.021962572040123085,-0.017166701979729027,-0.01154956895779069,-0.034087178797100215,-0.014819300625299014
2019-08-28,-0.010455806440381465,-0.017685443819901003,-0.01492565021667569,-0.02480992916929381,-0.009826654530011858,-0.02458139341804877,-0.002195323624619938,-0.021987951611142975,-0.018402120765557584,-0.04901975282626658
2019-08-29,-0.05628970789473442,-0.08067976308350833,-0.05010682005417899,-0.08941043285638361,-0.07673872054078767,-0.08336839241046023,-0.03806146958233825,-0.09651862828797153,-0.09960504834177364,-0.025448919734751385
2019-08-30,0.0024097659521231662,-0.004038211767253941,0.007874056430906107,-0.01700082827061511,-0.009165178417831044,-0.018519253630829624,0.022015094866127072,-0.001971079090802519,-0.03574305686688106,0.008969009517397097
2019-08-31,0.005426855314118129,0.0016870348008231062,0.011696039763191113,-0.0002503403076614674,-0.007719139069480185,0.0004935391342102413,0.0012709239156460939,-0.01303959024102408,0.0005633301856748929,0.003540531322103746
2019-09-01,0.0029099999749426786,0.012051667591007842,-0.011696039763191113,0.01843477348469058,0.006285944104463148,0.010885432372489845,-0.0027142951358491985,0.00027654172185176407,0.011039250199256223,0.009186676974753283
2019-09-02,0.03045713193253441,0.013540975758059126,0.007812539736793633,0.015336367789272387,0.02363529504605566,0.013923689947533013,0.028705270646395498,0.021018060115824966,0.0460055348559294,0.051343906629748304
2019-09-03,0.05702977885273164,0.03179049357975927,0.023077947282544642,0.03184750205662734,0.04345300489484849,0.01129095131758362,0.018955646424288375,0.007479191313483291,0.04022379783013719,0.027919845541893196
2019-09-04,0.004648303204232818,-0.009697045682866445,-0.01147240116223669,-0.007162269294970436,-0.006469148255973778,-0.02209140385238051,-0.011999920535539665,-0.0030829860849879154,-0.012883846272679023,-0.008873391567004063
2019-09-05,0.000851426190218163,-0.022283710488670394,-0.015504186535965303,-0.02211667351916269,-0.017097741570061054,-0.004321958920154856,-0.016973896835973612,-0.0028835967978348975,0.027513825830840055,-0.0007040370068898127
2019-09-06,0.007536540618238163,0.0036777549044044733,0.00778214044205483,0.002426508903424107,0.007437235982493462,0.007104707684675748,0.009686095472475564,-0.0022882460621156397,0.025059704605331135,-0.02038075336633227
2019-09-07,-0.021726579204665697,-0.005085669461922571,0.007722046093910473,0.007050099702016865,-0.006119751058491829,0.01738147585925809,0.001583913804211079,0.010122015223581471,-0.014619325036551167,0.017493546406297078
2019-09-08,0.003924764526832547,0.04383297802070363,0.01147240116223669,0.0464663392254927,0.04049692527600257,0.04027304356213124,0.020343629498941418,0.05393373716816274,0.01908085502848511,-0.0002246739833804412
2019-09-09,-0.014240594739169055,-0.0028834971704130297,-0.01147240116223669,-0.004777170249931295,0.0010011374413050333,-0.020464891388810802,-0.02080346027424529,0.009760100469645039,-0.02107613004066078,-0.006285334858177727
2019-09-10,-0.007392310679179559,0.003596170914795138,0.0,0.02196519285480658,0.001973078937227868,-0.022238656180074923,-0.04030312975454464,-0.02599505514728051,-0.03110801489704329,-0.017801934409375164
2019-09-11,-0.015842889793958648,-0.014518968052897208,-0.02334736399699122,-0.015776408639318618,-0.018489640625464432,-0.027155175072549387,-0.04199593616451214,-0.013047208729734194,-0.016606568975919167,-0.0005626577111659259
2019-09-12,0.015256952277194813,0.003697006618646803,0.0,-0.009808281725160128,-0.002036674181854714,-0.011022301886845387,-0.03272815141315455,-0.0009997263486924979,0.010747190488318736,0.019892400577012914
2019-09-13,0.008850045606706658,0.003488693162053025,0.007843177461025919,-0.007524968166686463,-0.0025902241939759207,0.0009250590102714007,-0.007454800734986833,0.054658032512624466,0.0073763978360847915,-0.002687264120123878
2019-09-14,0.0022244798572721436,0.019398935144145923,0.026976587698201993,0.008776037850504181,0.01010197159315851,0.02335950729835634,0.008815787956514498,0.03650735252688975,0.019010144294083986,0.006605917580920995
2019-09-15,-0.0016437035366205777,0.02866774066693356,-0.01147240116223669,0.012269216303637087,0.010257075599794163,0.030014296894149695,0.023386092184124685,-0.01806495078347581,-0.0019540213184052746,-0.0037398981366791872
2019-09-16,-0.004558467716099912,0.026351599872440623,0.0,0.010688946259009846,0.004082708249765865,0.03144198397448328,0.00906931378637399,-0.0012514745219567303,-0.006045701356351074,0.0019074792269133667
2019-09-17,-0.004872354211258312,0.04617582608401083,0.11264163615596456,0.03444213587079137,0.02743140825097168,0.021966746027399342,0.005390980535165291,0.03319834080373152,-0.0025198045741685604,0.008404528912522302
2019-09-18,-0.002543037364233669,0.04859101543566968,0.0792493716541407,0.041139469053731226,0.03447787180501383,0.052047990379669784,0.025465426477373043,0.031601956632945516,0.03728841528826621,0.005525949289300058
2019-09-19,-0.020180722465081402,-0.0054118981604114325,-0.03883983331626406,-0.019381827708270905,-0.03268194283522341,-0.042165689884121615,-0.03809538118049982,0.00452866940110308,-0.02795147884798599,0.008186556775707565
2019-09-20,0.018318250721488738,0.026817254718300987,-0.04040953833787664,0.0009157205967005311,0.008210533155475375,-0.013842379998328713,0.018962399738991387,0.01833879895698498,0.002151538116648588,-0.009490297308945905
2019-09-21,-0.013234761080035184,-0.00226472512733622,-0.003442344190972779,-0.01418785655505328,-0.01018145946098059,-0.01738531693335954,-0.00802571874940572,-0.026728336384761242,-0.03060583713676923,-0.01612066277084967
2019-09-22,-0.005283369714076613,-0.02954285759472164,-0.053109825313948145,-0.022037810513198863,-0.02261403304442311,-0.036713557848536915,-0.021911012064095736,-0.018362268758036926,-0.0045105951892292495,-0.0029329626738432424
2019-09-23,-0.009641532958934107,-0.011476161849823363,0.032203140494634575,-0.007150381080852419,-0.00885971252432416,-0.02391106396789766,-0.01397181447634921,-0.04177957993772452,-0.02529842986342068,-0.0390357325108619
2019-09-24,-0.045420130075399356,-0.08492630697826886,-0.08445383083851254,-0.10945561074382404,-0.0977470931940072,-0.06437427321669809,-0.12190013970051883,-0.07276562209083881,-0.0670398735382376,-0.11180798727530217
2019-09-25,-0.11208328941626355,-0.1247886225317334,-0.05513207069471626,-0.1416253178506519,-0.205233471072777,-0.14937583693836753,-0.204769695253618,-0.15094835620064995,-0.11227312108467657,-0.030459971623028714
2019-09-26,-0.02451542805221152,-0.011650131468798008,-0.04555653160236717,-0.009932167654691959,-0.019565334010390956,-0.004778753240176847,-0.015242435135926158,-0.014325313845811927,-0.02476933238904966,-0.03897335250981815
2019-09-27,-0.025255725103624727,0.0012034524367452448,0.020965128465044947,-0.010395197965676672,-0.022734712964590287,-0.01628161139071782,-0.015188649178710989,-0.031613201779618016,-0.015326504337660474,0.01328267191450827
2019-09-28,0.014422437973307112,0.038945654154844966,0.00414079266603129,0.007441305327920311,0.03224643283587536,0.08224249114769266,0.012307626209245193,0.03199245521675831,0.007501018690946104,0.0031727056044408286
2019-09-29,-0.009715381097070264,-0.02157702126580663,-0.008298802814695083,-0.019783867776625108,-0.009049386439063056,-0.02967437882595947,-0.010956714741781504,-0.02478284782174267,-0.020537999607178392,-0.019163183600173106
2019-09-30,-0.0013602920541888608,0.016649993471350655,0.0645385211375713,0.007168095223099691,0.00924247260773381,-0.0003960343809601419,0.019858639357931196,-0.0015848320514040282,-0.007191515419894934,0.03248337362985776
2019-10-01,0.03454070718747637,0.03693179810982539,-0.003913899321136283,0.029340813833797164,0.02004734323765156,0.019327178912992515,0.017604418169923086,0.025665245205807707,0.022857632164294373,0.008623121557341129
2019-10-02,-0.012026603165798733,-0.014931894666474932,-0.01183445764700286,-0.006620772756555482,-0.018019945774486956,-0.018007673799790958,-0.028869732842681906,-0.01812378549901439,-0.02658971623345341,-0.0012874414491816921
2019-10-03,-0.0012106539008964745,-0.002305355731274439,-0.020040750883446146,0.002710560355648539,-0.0004974979541598756,-0.00945965532604065,-0.006606461408055431,0.0001717131250282833,0.003051300066370999,-0.018458437318402687
2019-10-04,-0.009983038838099034,-0.006645525657608786,0.03578910785158529,0.015216743637230579,0.008161670487100814,-0.011945077484295297,-7.218045115919836e-05,0.005095025186614421,0.013970311653962675,-0.0028636384491322886
2019-10-05,-0.005398123769557728,0.0004965257567732806,-0.003913899321136283,-0.009162413888374132,-0.013326040252096938,-0.0036169333320184016,-0.004751290216511883,-0.006340613888243141,-0.004925158330372881,-0.001076358296735691
2019-10-06,-0.013998370421926865,-0.007870628460712403,0.003913899321136283,-0.00915781741800803,0.00870421231138696,-0.012653746534657895,-0.0003264240277065511,0.04539870079706887,-0.008865954699356138,-0.028481313393739605
2019-10-07,0.0064660757494579,0.012101059093390987,0.0824436692110746,0.006800809548204612,0.0312680756238759,0.014679761247695655,0.010799864441658258,-0.022231750874562195,0.002273033329109886,0.04294579306934754
2019-10-08,0.01793439544240094,0.026785163427154757,-0.014493007302566863,0.01866748997881107,0.006267069301871153,0.002802631995107774,0.009204034708398368,0.005026609670672144,0.00048257804848983454,0.00016607911614130444
2019-10-09,0.015103289570481238,0.027857835899284034,0.0252265629456756,0.01232297218848899,0.007313540295822207,0.0007263238916697112,0.02871659106752933,0.00440538529936596,0.002997486498633961,0.0471337370217757
2019-10-10,0.02568948611531141,0.030896684737786728,-0.028882874148786097,0.0031771955798314266,-0.003062946756834606,0.01322328901850156,0.029940012493673507,0.004606932368982797,0.0025266018209428864,-0.006755899173120028
2019-10-11,-0.017925008237405393,-0.03155320584538046,-0.0036697288889624424,-0.03145669263166795,-0.037030520277321344,-0.02311419226704592,-0.04390322121991819,-0.016014589512992394,-0.020538952908371044,-0.03638878948966617
2019-10-12,-0.007644566612098558,-0.015991138045790443,0.0073260400920729385,-0.0071030593063943215,-0.0030992450365738833,-0.010154311352687628,-0.00413110084932633,-0.0032170404307185763,-0.015778013680181946,0.005992109753136354
2019-10-13,0.0028735651957312314,-0.0011712358970825676,0.021661496781179457,0.010177212360775734,0.008380514171197895,0.012812300441289004,0.029397229269675584,0.011374649574412032,-0.01298334136538859,0.0025733872597974994
2019-10-14,-0.005394726264636773,0.007507100408155054,0.038533664002242674,0.0014278539669065893,0.0016482803951811675,0.004890645936025173,-0.011729130513639774,-0.0072463579328099215,-0.007006529347041379,0.01269682666319838
2019-10-15,-0.005423987262529906,-0.004865553321893756,-0.017331456351639796,-0.021832906545898645,-0.009030287785845914,-0.0034561002108581818,0.011592473374800072,0.003594836823459069,-0.006412454548183177,-0.022627803368734156
2019-10-16,-0.02360244078790963,-0.03390739019485878,-0.0105449131766151,-0.03402386265802537,-0.018204596305399612,-0.018095224977955127,0.016502229673361235,-0.02925655805875227,0.01407217006716932,-0.021866380798168272
2019-10-17,-0.0029743484562523292,-0.004944826938956481,0.05164658886216689,-0.0030408485565645016,-0.011384993188237935,-0.0003305511971256614,-0.014261134808506881,-0.013242351331827606,0.07766766048939289,0.013722557483779596
2019-10-18,-0.00960286733334037,-0.012323511204259674,-0.02721256352488477,-0.0019824577739666616,-0.014836251116069121,-0.002537862386666312,0.020147479774916377,-0.006416227681189213,-0.017992769443539558,-0.016893824253962464
2019-10-19,-0.0001253211355738415,-0.0023078549216490885,0.003442344190972779,0.00041177682278403793,-0.00442068589245892,-0.0031537040634490587,0.008914078650329671,-0.005587345996724835,-0.043023565540275754,-0.0025041529646658844
2019-10-20,0.006371437632525456,-0.004770687281514974,0.006849341845574841,0.007438859751878635,0.015638700294302588,0.002131223214968614,0.010780887836693509,0.0055140306011916,0.016974073791945266,0.029777325691918044
2019-10-21,0.02520883567093435,0.010321245381796018,-0.0034188067487854745,0.014860155456714708,0.05284471655545886,0.011299555253933669,0.11289492975733761,0.01400782984398763,0.03799952825792818,0.0023997576635981233
2019-10-22,-0.0031622502634753857,-0.0050954719284863614,0.016978336534417826,-0.0003843865878110364,0.007542541236118083,0.00016401508975594226,0.06519729613855052,-0.0013311727859921518,-0.0025561897151291646,-0.020222687348094404
2019-10-23,-0.057796367821378425,-0.05531680422493679,-0.09531017980432477,-0.06839543625723854,-0.06970204753871645,-0.07539768816370396,-0.0860921665490384,-0.05986024689540059,-0.04303058713758556,-0.07158425977943228
2019-10-24,-0.038415668161460914,-0.016626696050423106,0.03278982282299081,-0.03047274821760837,-0.01391768889356193,-0.02758156703155512,0.01759263498329222,-0.036139366355214086,-0.03456303206778477,-0.0014257778512618557
2019-10-25,0.05442010681904108,0.046967203212218145,0.06252035698133396,0.06188874235184416,0.07647904019423013,0.05459491272810002,0.15891213533203885,0.044314549669556946,0.04034470455453443,0.14123084328403035
2019-10-26,0.1688307348766891,0.07533586533335157,-0.027305450690267463,0.0837432525371522,0.1184902400024237,0.05282982454038576,0.14293720512113683,0.0717953912226772,0.057261820901939764,0.04829820927339146
2019-10-27,0.009184173910794513,-0.0009972057152047853,0.013745920904635112,0.02221929694960778,-0.0030029994266325133,0.007131363348217068,0.015652018965504055,0.013489051916264039,-0.006626566374853482,0.02914756818036146
2019-10-28,0.006252338494242338,0.008210952879725397,0.006802747322752545,0.012362818147054533,0.036973854146451934,0.064275051237483,-0.00533578411406932,0.03378020661217551,0.03424737788886123,-0.024687456745995817
2019-10-29,-0.008274153495278824,0.01619562484921655,0.02013490840905585,0.007096999281087868,0.06664795221557185,-0.017353515715515133,0.0023892651860553116,0.005951394412331723,0.012734822890634767,0.02546719752445359
2019-10-30,-0.018274183690460077,-0.007242926351579193,-0.02013490840905585,-0.01232574724415958,0.02234524444164787,-0.004444107254851559,-0.01846769893386835,-0.01440609279265459,-0.03739049811950501,-0.02624573965216559
2019-10-31,-0.002389487397381984,-0.012940565863567066,0.0,-0.001069418966129554,-0.022966304720245745,-0.015501354238140141,-0.04728000210821026,-0.022822553020049874,0.0005443565669853712,-0.001897686815614641
2019-11-01,-0.00217722707386514,-0.0035819105524534933,-0.017094433359300165,-0.00512529110915505,-0.023031964487736367,-0.014223709849620292,-0.022337943828192763,-0.002502955211802771,0.0161107426173821,0.005703312161849716
2019-11-02,0.012562435081092005,0.010777927517320762,0.023851215822179972,0.007093495080293444,0.026399307278579975,0.0069914553411476454,0.019319344686890005,0.00914241114411496,0.03460416307685321,0.008043177804786694
2019-11-03,-0.005070950069073987,-0.005886766378253583,-0.020408871631207193,-0.008665285194089378,0.019190683127638053,-0.011912040762685372,-0.0029740026825662014,-0.004978940232860829,0.01603626411249781,-0.009202075896630468
2019-11-04,0.004317329965580541,0.012040764949996507,0.013652089168327386,0.04328246062682428,-0.0050951799014375965,0.006573169959489977,-0.015004148453102495,0.006642326716026936,0.004016739145094483,0.01963282017367085
2019-11-05,0.0077245314891065675,0.012110392997512598,0.02013490840905585,0.03274598220528535,0.009583937316421931,0.01729393208556207,0.05401964542370319,0.018864730550386177,-0.0014428987321233322,-0.001878907255881579
2019-11-06,0.0005342165841035751,0.017131503165221496,-0.0033277900926746984,0.011752053212329194,0.031412568667023244,0.018748361260076063,0.02809848351296118,0.016017384139276558,0.011987147100285256,0.007530398242490577
2019-11-07,-0.009444156908609003,-0.010633754507701099,-0.03045920748470854,-0.012941236542176604,-0.02210236295498369,-0.0027010704937318053,-0.03130028457931022,-0.006400429758241621,0.00248976428890213,-0.01862111688768664
2019-11-08,-0.02832492931398889,-0.01760139312521236,-0.05292240145434235,-0.02841795145864534,-0.033917074213619,-0.036969828754346956,-0.05224487314399262,-0.027623351430023035,-0.0303748871696774,-0.0439602135926318
2019-11-09,-0.020395148892285775,-0.006153201256959839,0.010810916104215584,0.002738432655562839,-0.007542271924954491,-0.013075598598753402,0.0014815741703593233,-0.01682963488012934,-0.005366797013822477,0.005616192314032098
2019-11-10,0.01002542894307723,0.019436306506564804,0.014235115821871869,0.03156402887870424,0.01922776686459482,0.003892107189089611,0.04306823674653071,0.0016170880477552885,0.026771464347345564,0.023748469390207916
2019-11-11,-0.010365122090203016,-0.0028928035147721687,-0.028675799976666028,-0.011452807522792874,0.0018324775376710178,0.0018326870157627795,-0.00862762501647829,0.003618415773723349,-0.014448201362098345,-0.029954688327250345
2019-11-12,-0.006134291642940326,-0.005955466570850554,-0.010969031370574145,-0.010730456708769154,-0.0035677802915401458,-0.005616475313932057,-0.0003915426831540003,-0.004503974893465212,0.0045365315889442925,0.0055726745806836675
2019-11-13,0.002390031297608175,0.006312201544511176,0.010969031370574145,-0.0038939160387947425,-0.004760672704275493,-0.0008397784562119703,-0.017473399472083706,-0.005047169220390835,0.018037004244408017,-0.0010994820510790149
2019-11-14,-0.007874505739767557,-0.005942625668788004,-0.018349138668196652,-0.023869749409059615,-0.0208825232814025,-0.00589827887941885,-0.024256823683448836,-0.021688733234450197,0.021248069918994972,-0.014866120713547204
2019-11-15,-0.014657772961427895,-0.0202863172330483,-0.030077455237278006,-0.01864270736630047,-0.03146179154555284,-0.016658347225379178,-0.016722612351840027,-0.010249650567570434,-0.01731136447712256,-0.023054973595771244
2019-11-16,-0.008992761332971,-0.004787790989513319,0.007604599385219402,-0.015645402165207045,-0.02190835573801575,0.0,-0.012889820945821029,-0.009176931661155407,-0.03150178529183201,0.004210127664395991
2019-11-17,0.007014291092026781,0.012474650730377235,0.011299555253933447,0.01795691774262842,0.006786277808569885,0.002629868499821608,0.007806780515938527,0.004173775972647675,0.004158677787635234,0.0018226075382985485
2019-11-18,-0.014550831710264944,-0.006589011903715303,-0.042071213920687134,-0.013505694012679648,-0.027291847715896544,-0.01782399389582867,-0.02889477968707066,-0.016189358369773643,-0.022606149707299572,-0.03773079896838283
2019-11-19,-0.030727333407998714,-0.03193713728495151,-0.01178795575204239,-0.0435010553088917,-0.07064773615958408,-0.04025693598883873,-0.07969170079639198,-0.034806033756842325,-0.030806999541014513,-0.011841867515169469
2019-11-20,-0.0034188067487850304,-0.0035174624743650185,0.0,-0.006030744560032275,-0.001340681233878982,0.004764488793135069,-0.028150941114135186,0.0024970341442251964,-0.009749380844002786,-0.005510719556269805
2019-11-21,-0.03130690462504404,-0.03951961814727678,-0.04859255523686512,-0.04570492983915697,-0.027083976477129568,-0.04872892905719928,-0.04800424157017247,-0.03908648157651751,-0.03664266724135423,-0.06109967341409117
2019-11-22,-0.07288556113562805,-0.09661609115145442,-0.04237922296886132,-0.08590003530159729,-0.09997976033562583,-0.07992790194383925,-0.06650398033380434,-0.07837524421029052,-0.08143056737405718,-0.04849349767160138
2019-11-23,-0.01531968136452555,-0.019699976734155022,0.004319661144516207,-0.024015658204188828,-0.02562434622685572,-0.02522172146893764,0.03358028620341802,-0.03944581163481775,-0.020883420115952234,0.007260074309311193
2019-11-24,-0.006360640913710469,-0.010404787274197247,-0.01739174271186905,-0.007937802893423829,0.007860181530504384,-0.014318745648998377,0.043925898006151876,-0.030426715915107483,-0.012591691756103529,-0.05150003978787776
2019-11-25,-0.03256790265785803,-0.04720785737569866,-0.035718082602079315,-0.03512982367204165,-0.023330060593153235,-0.06935274065621,-0.026254676011379985,-0.061566144726622696,-0.02789286199181351,0.017899946469958294
2019-11-26,0.026445718515551775,0.028466072687685084,0.0,0.029363430759270504,0.027928620793609582,0.026132873997081862,0.04583543027700099,-0.001541319516299211,0.046331551583852715,0.009937282820545512
2019-11-27,0.014410669222364447,0.01690340755708597,0.02690745291992447,0.004349078169195497,0.012679509604342165,0.019054992240095547,-0.005285181442102882,0.0056005983621232325,0.03315644602931522,0.0393850814627541
2019-11-28,0.03859086522220423,0.02407699995924517,0.017544309650909362,0.01616867072812722,0.03580329748737476,0.020050709339153094,0.013964148771882456,0.02003357146365836,0.043317745806667585,-0.006719696651703799
2019-11-29,0.005280540323033378,0.005452373754105899,0.0,0.006891568531225634,0.009088236701948027,0.007214515491236195,0.0029565392053330086,0.05999854714792541,-0.004126777381951996,0.03467419132887528
2019-11-30,0.010217537147791944,-0.0028755655463914565,-0.017544309650909362,0.008835307858772623,0.03661808645660969,0.0009969576431232419,5.552522234619772e-05,0.022348602481526036,-0.0010162049253112926,-0.02059454715657605
2019-12-01,-0.04164774045474395,-0.026172160924110344,-0.017857617400006465,-0.032573183041817444,-0.07223523584079938,-0.04063875414272555,-0.039006784787377846,-0.05305786293534487,-0.03356416225905923,-0.017667285524684218
2019-12-02,-0.006132898268697673,0.0010360928864940888,-0.013605652055778794,-0.014681355391421569,0.004824118812982725,-0.008084408869622806,-0.02723220596348863,-0.01742852434522746,0.006792373029385956,-0.014132556023095155
2019-12-03,0.0005466721470028801,-0.0014374494771400848,0.018100041643618114,-0.009264824556304951,-0.006423425657486881,-0.008150299585679477,-0.028635423118553938,-0.01091672081800743,0.015616644206672081,-0.0035614488205766293
2019-12-04,-0.0006833868919002839,-0.01077622730041572,-0.013544225107757324,-0.007732137624089308,-0.021292513963879323,-0.013032839325467283,-0.015400694012969396,-0.01080359007465459,-0.01528102993618674,-0.010079324513220023
2019-12-05,0.005046038664760388,0.0009801702224905284,-0.01373019281190202,-0.017936216631724733,0.0024188158654414593,0.047810561935969886,-0.013136255877854275,-0.01666492592389668,-0.010098919499013093,0.02063010689164546
2019-12-06,0.011496711467247067,0.01340248041334835,0.03174869831458027,0.006656041612784769,0.06463129941262924,0.03323506107529184,0.00461682301622357,0.017287651536096238,0.02153545345129748,0.014193945046100609
2019-12-07,0.01600887978006682,-0.0010471938498870514,0.017699577099401065,0.011564380829582444,-0.055749548280159544,0.010512358296986157,0.009108230234217807,0.019667965220536043,5.528883811933838e-05,-0.001054573404573489
2019-12-08,-0.0009268454817767946,0.0055768287484561085,0.013072081567352845,0.0025106168561772613,-0.003572396386880783,-0.0037393295941954285,-0.0015605544684511585,-0.004262849943974523,0.003862642064119459,0.004563609658044143
2019-12-09,-0.0075793195756457266,-0.0023054880137935996,-0.02188271124950769,-0.01277117331843236,-0.0043642465548705545,0.03074199850571757,-0.006068955526308706,-0.008464681849027489,-0.012524871395777293,-0.020988976959293915
2019-12-10,-0.020496941955416403,-0.01630926500961216,-0.017857617400006465,-0.018927587892271447,-0.01878036474403011,-0.01188550050918602,-0.0017184371661844722,-0.01978446707004977,-0.0034636261140184033,-0.014964149472420196
2019-12-11,-0.010132908827415577,-0.014464680189352208,-0.004514680354526623,-0.005733002949809052,-0.0018594887429790319,0.031300439347976994,-0.0037805254209031247,-0.011196106213577028,-0.005724456750900497,-0.006958985439384335
2019-12-12,-0.006766579708873621,-0.013549931067759147,-0.00453515516539138,-0.01007823074281644,-0.0034051670641730425,-0.0013812378727764418,-0.02075313800550571,-0.008605732858978588,-0.004682440034764035,0.0019745368652834827
2019-12-13,0.005664954700742797,0.0089296196411226,0.00453515516539138,0.00719935672829175,0.014124257172623444,0.025108046352298352,-0.005065687925142726,0.012364948846056212,-3.7698861498736136e-05,0.0052841273765986685
2019-12-14,-0.007467881477168703,-0.007359433397387427,-0.0182653479772934,-0.0006812608129780351,0.0007248381353290867,0.021184013084267317,0.004648978958266881,0.0010913024288119466,-0.018184740159559176,-0.023012221965872826
2019-12-15,-0.010605737145201743,-0.007008430408733446,0.004597709248629567,-0.009357380674834381,-0.011222149577978513,-0.002335157455152892,-0.004842261322926866,-0.006066833132705618,-0.015105355435647283,0.00557537109746864
2019-12-16,-0.006050817025863964,-0.015904725706806566,-0.056618893999508035,-0.022798097753587765,-0.013111219136451524,-0.028044322722214687,-0.00935428219142409,-0.01915640051990275,-0.015911078363175513,-0.038393212580356106
2019-12-17,-0.03314744969022776,-0.07950892773560359,-0.11839001594816012,-0.08460016668096992,-0.07238977770047672,-0.10564528523370376,-0.07152641435796614,-0.1068530532483325,-0.050434950272217005,-0.0525114612049995
2019-12-18,-0.008056880908092978,-0.0352863607718632,0.06862850638909634,-0.017330831498006294,-0.05575335477967247,-0.003451801532361465,-0.05067821060281652,-0.03341237155753429,-0.03946064197554877,0.08685282191677679
2019-12-19,0.05424525018109172,0.02081535960968406,-0.031090587070031095,0.03707338700838392,0.037000386965397425,0.013388206845392325,0.034124456766801536,0.009803201071112433,0.02690821974580926,-0.01617228441021812
2019-12-20,0.004586845209207269,0.0032719483242775738,0.031090587070031095,0.0032736525431191765,0.004771902920479576,-0.01032325931563971,0.03373107049212898,-0.0021805200131037594,-0.0033797374855120133,0.0067299553748272345
2019-12-21,-0.0004161176285855106,-0.0015411561719416156,-0.015424470325631656,-0.00292328465325431,-0.0007351178916739087,-0.0011966776030352122,-0.004059871394406223,0.0023658768254972706,-0.025849096637657,-0.0073329032537436944
2019-12-22,0.00938974034983886,0.013032424543947485,0.02051353983310289,0.024567495292741715,0.01367593345214857,0.015480888555059025,-0.000609254946051685,0.005129993919382514,0.01596139474515601,0.041652121849049095
2019-12-23,0.034180970212108974,0.017454046232104226,-0.03617965657750233,0.022785857039624435,0.02484645006650954,0.010383521203848112,0.01704473358006453,0.014189179837079458,0.022649493525915165,-0.01870315991790239
2019-12-24,-0.022430595911155038,-0.025017561489349305,0.005249355886143725,-0.024154013418293374,-0.02543535346131076,-0.028262069664283462,-0.017734904424737685,-0.03228395918637306,-0.015452613745366772,-0.009562316032250884
2019-12-25,-0.010788769721051139,-0.019858098310961303,-0.005249355886143725,-0.01664013940982123,-0.015600096919742512,-0.018060226928722667,0.00014957744400057038,-0.02661369721056195,-0.01943056599807713,-0.0075418195710836855
2019-12-26,-0.0006867660458098612,0.0035025752888602213,0.0,0.004167499582076406,0.0019533757972443055,-0.004467188061443306,0.004454043546752828,-0.03890164333067503,-0.002794477854273225,0.002039268158205765
2019-12-27,-0.002063132565938375,-0.004720303664537795,0.005249355886143725,0.007399037356153659,0.0372652826199209,-0.0016261047542167617,0.017012505022474755,-0.008051168131795627,-0.013826765935676555,0.006777074410607042
2019-12-28,0.01340282645253943,0.015591338042584724,0.015584731016698328,0.04447953972540786,0.06427779223827734,0.02256366620594763,0.0492169093007746,0.05118592743562633,0.00397318080380904,0.01212564719518916
2019-12-29,0.014565328298360214,0.02667911165961101,0.015345569674660275,0.015022792966456144,0.016259510844972347,0.026104218150953873,0.04219149498668884,0.05163764886729183,0.025138148504249447,0.015093655819423013
2019-12-30,-0.01090405903793723,0.01639935951428395,-0.015345569674660275,-0.0008802001865420017,0.004600796349238934,-0.005284347523961674,0.013839497489457564,-0.00022795659805119328,-0.005333802956631217,-0.020229451436271972
2019-12-31,-0.012942078334896578,-0.017256794016710764,-0.005167970158442614,-0.020863602881050713,-0.015503670548137727,-0.023156237578825678,-0.015361661724529796,-0.03732478454863397,-0.01669827747307373,-0.008354377145272984
2020-01-01,-0.0075700588605460695,-0.002888813187164274,0.0,-0.01192544749690816,-0.010926174687077683,-0.00943621579735332,0.017487921827979314,-0.009965240089641725,-0.005892226845016335,0.0010181638981965335
2020-01-02,-0.015454536621815507,-0.01419986137013396,-0.026248226074936376,-0.017513159422360758,-0.025347244741747765,-0.014305261513990697,-0.035129971600736276,-0.0201602694627514,0.0035307441365413084,-0.03271781290897913
2020-01-03,0.01711108034684905,0.015493256865306115,0.03141619623337899,0.0043525375397246435,0.04654101778287156,0.01315974501142314,0.03480626188459457,0.032866920731866145,0.07374513425695328,0.05192868313918986
2020-01-04,0.019126266093527633,0.023593797222349444,0.0,0.03241798175531896,0.059619571220438594,0.029643301099903763,0.07387379534916505,0.04542199019914994,0.03128914605530664,0.005774610373240563
2020-01-05,0.01517520560348018,0.021931766651744233,0.005141399500418586,0.027591312094033427,0.004827062263062842,0.07099603321440728,0.049784865143458035,0.11853199897841593,0.03926695173908623,0.0006878015866096376
2020-01-06,0.011265111509176862,0.027635350269054726,0.12967782330853272,0.024913284168433414,0.048959112378316405,0.04121187801997506,0.038060155397960926,0.08579371319996598,0.061868960764659864,0.058373256593554856
2020-01-07,0.046981163902229284,0.011753559291086901,-0.03670136685042813,0.01843909547683298,0.022543701159383644,-0.005672801423599161,-0.016803179612245422,0.010242805334033545,0.029728788849672227,0.03809395011364991
2020-01-08,0.03944798423304796,0.00026536868944848635,-0.023641763057040466,0.027387738243024984,0.001464328966224393,-0.00768763885908319,0.0010585112722498735,-0.014757236122274975,0.0035384214150315785,-0.013985396724018884
2020-01-09,-0.04070616255705062,-0.027264764795660312,-0.019324272826402922,-0.037879536802032376,-0.019454234332673792,-0.026168643903076827,0.01886407173827731,-0.04180512396101976,0.005087145333062537,-0.02663559905140911
2020-01-10,-0.0012597633311290934,0.004403196025256406,0.033576295533604306,0.024182307491296573,0.04175199836442545,0.02585360389038982,0.13374908664517804,0.025063110707957303,0.0025339008216009873,0.043722394233430606
2020-01-11,0.023298879853721033,0.028862408236053128,0.0,0.06805573512549667,0.08247975887216263,0.08741041091280799,0.20188318217650547,0.14270764472454278,0.0258588537543174,-0.00947622074918364
2020-01-12,0.0031968550526340067,0.004376920155669595,0.014051753455650351,0.020555093000437452,-0.011034037150978726,0.020970399631834447,-0.016406634924567065,0.060263476281877004,-0.01800699310367282,0.020231926653464072
2020-01-13,0.0006136098861002637,-0.0018052356722808582,-0.014051753455650351,-0.010863519776672437,2.2581434298452052e-05,0.033008683108930015,0.03267516918246116,0.017731850051120546,-0.013562193321525307,-0.005767521051199154
2020-01-14,0.05420281055118181,0.06935602485263725,0.10299923947214662,0.0975966742605876,0.13142724902267222,0.1449919886199602,0.42628992509728025,0.195799797316619,0.048192997376276026,0.11364492049035846
2020-01-15,0.019905161602538968,0.06401439835486133,-0.008547060578458332,0.05017517908345237,0.10399998021603896,0.20628228857297648,0.31489221628998365,0.3953597379958227,0.07177932767394957,-0.00717466988052351
2020-01-16,-0.009730487169115065,-0.01569892871549783,-0.01731645001146087,-0.02725687521378628,-0.04042367291706839,-0.03343496860497863,-0.1331559578818844,0.025765498819983357,-0.008409138721543918,-0.010450398060644517
2020-01-17,0.02004394629738826,0.039951392191971635,0.042741548377270844,0.0548802192238913,0.07445320038319636,0.09546399046370713,0.0011984759449124027,-0.01950604871388606,0.030986048314233017,0.027288718673605494
2020-01-18,0.004275434055417193,0.020230381229430883,0.02070467336169135,0.008492655470667465,0.03787882972740775,0.012336067245435345,-0.14560121046982744,-0.13832191900644997,0.02666275300144516,-0.004039968244167191
2020-01-19,-0.005403593019837061,-0.012261507614923062,-0.03333642026759187,-0.021954170131126993,-0.05833212471127602,-0.08781594699038964,-0.01631795821958182,-0.029061428664355127,-0.039192834930005915,-0.024686758435004563
2020-01-20,-0.02156510063744399,-0.025320365125682365,-0.008510689667908578,-0.028055398426896083,-0.009184273377821128,0.012738284793262,0.10572891615769464,0.040669939385083786,-0.022108108178427344,-0.002004350403403521
2020-01-21,0.00023065390483978376,0.010819650146514093,0.016949558313773094,0.004322296148275839,0.018447763115640115,0.022949672676546573,0.07754968583729749,0.03755950381086581,0.01422486010036561,0.011290380055315907
2020-01-22,0.002418659399635814,0.003867304749562983,-0.008438868645864517,0.009037144708276657,0.002607003221307913,-0.008945770728537195,0.003184619038212766,-0.013599695176140791,-0.005371844376564461,-0.006561645468181609
2020-01-23,-0.02610566615746457,-0.03011819026003426,-0.04773140282118993,-0.04019528437255904,-0.03170885655556699,-0.05045574745145576,-0.1173296598294753,-0.06024071061743719,-0.041522943508836896,-0.03591410446614507
2020-01-24,-0.006990963954605078,-0.016498954201641602,-0.0134230203321406,-0.037845911814955446,-0.05536841671176429,-0.029873549659341858,-0.05069975380784175,-0.025666751869775517,-0.027195622878090298,0.001970472010787816
2020-01-25,-0.007279702772994057,-0.003154468798570953,-0.004514680354526623,-0.005043722864462641,-0.016343854553033665,-0.0004530104681710334,-0.012735917814469033,-0.004634095919406889,0.002847885652583315,-0.010581875507779337
2020-01-26,0.0139163708868697,0.019916134736690516,0.04425500900404078,0.022407515048763926,0.053784577954271384,0.0682415200148685,0.028668737206102968,0.08178822234220284,0.02881988135777558,0.03308201681759293
2020-01-27,0.03230960877550437,0.03178649563200597,0.0,0.05304793920205597,0.10499543214320362,0.06748351860486013,0.08424731449018363,0.06817852259046919,0.02770364383202928,0.032173499247716286
2020-01-28,0.03428650349475859,0.01940386063577204,0.03404584140971689,0.033707027529758626,0.009063477277575949,-0.004018059622594272,0.01642250498127762,-0.015584912245261151,0.020803672771447346,0.0435293602967084
2020-01-29,0.03261513134018301,0.025063853733871433,-0.01263174690590052,0.019191382749038866,0.047723316558599294,0.08573170152131482,-0.014512199710169149,0.047755387675277206,0.04145594577563472,-0.004681455898841058
2020-01-30,0.00480180189562418,0.004354573669432149,0.03333642026759187,0.04619052634031373,0.0026556178267220787,0.09009023918198533,0.013689351462373267,0.031679301507669955,0.020314163763126558,0.030400706646595665
2020-01-31,-0.0029850768434531716,0.021371539467934575,-0.02070467336169135,0.06300876562467828,-0.020149217398325092,-0.0019857668020426544,-0.05373796324379221,-0.04535589656238592,0.016530234509090747,-0.023029419044459765
2020-02-01,0.002878620251028252,0.007047276507036848,0.012474174225175716,0.045511270630855805,0.004597128514639337,0.016732259157783425,0.0018992209658046377,-0.006870594402998087,0.019668768915951595,0.008188038730016167
2020-02-02,0.0005321696682454302,0.03068733063330953,0.04049136135473708,0.0018468006968950235,-0.0021104234591726723,-0.013656755449606983,0.0019771866859592535,-0.01018780868911584,0.008603907056854432,0.002528334342945193
2020-02-03,-0.004479051958691471,0.010379161701485451,0.01183445764700286,-0.010577014875596369,0.006976562131657538,0.0036691193763154217,0.0018104682577506637,-0.002803691630799854,0.042399253623663924,-0.00021638945577961977
2020-02-04,-0.013233825931441956,-0.010389786210102336,0.042232763623272884,-0.028969953270547855,-0.00425460695023272,-0.0322709923546487,-0.03442252406097168,-0.028638428688216422,-0.019292610484801465,-0.010115453818287712
2020-02-05,0.02015721727604003,0.04171172465345041,0.044124804908938,0.03517114952140421,0.07252438173984999,0.054420259057586406,0.036858466894830855,0.046663897523917086,0.01884935962363432,0.05227725430091201
2020-02-06,0.029803010916493733,0.06803824440462769,0.01782578395260037,0.03587492241906709,0.070269605458944,0.04146569319248261,0.05156551078679161,0.03181226066521159,0.021925329208049682,0.01850868350355661
2020-02-07,0.009434032233359702,0.047038949765807914,-0.010657294473987777,0.009062007954628193,0.0011821219098413493,-0.02031585508862932,-0.015383774941954087,-0.015369325229407593,0.017351051797738215,0.009502190410548117
2020-02-08,0.0025482914763497178,0.014566614284344581,-0.007168489478612594,0.01958037082986941,0.010302378962953718,0.00993804135196008,0.12053935844217278,0.04560096615816267,-0.0024855025223118332,0.011316595513856775
2020-02-09,0.026124262718344227,0.01846094391041664,0.01782578395260037,0.020868268276047708,0.012240804454791032,0.009953443566351972,0.0514833192309645,0.02052068587232103,0.05344587204905604,0.025626105185597048
2020-02-10,-0.0150889697651575,-0.02021696500385861,-0.028675799976666028,-0.03237989689610199,-0.005430304927173779,-0.01568592508456046,-0.004630176794614194,-0.01111853636999971,0.015487506028448728,-0.02122805612864198
2020-02-11,0.003618094399177707,0.015985538302365043,0.025135973271541934,0.0034420214655250803,0.012133953707715861,0.008956864046684387,0.03311873351834116,0.007986972935702497,0.0003166988279286187,0.03491759292484975
2020-02-12,0.03576912182221115,0.12167510216332822,0.07512063046810824,0.059118176639171516,0.04331045593415617,0.04838038982452719,0.032432044106162294,0.04798391681379499,0.08044678161013241,0.02525034099783241
2020-02-13,-0.0040737204736363,0.04641096978420123,0.07293246949103183,0.021333776701609963,-0.0055683300781765865,-0.017758954031819485,-0.029529502555040388,-0.013411275330701855,0.004610019554510458,-0.003595635671448605
2020-02-14,-0.0016536164460667635,0.01700782274671475,0.024170360927812995,0.005413399046654277,0.02717900890957914,-0.005652315451757595,-0.003097645012318573,-0.005283967799271316,0.0050390930986221605,0.016725609974678868
2020-02-15,-0.01175101653551991,0.01745875595927604,-0.09381875521765481,-0.02179405672892276,-0.02229339751548043,-0.03927239622933598,-0.04551371659613501,-0.028000327537591296,-0.0019954090771312494,-0.05471622255629338
2020-02-16,-0.02352111623914155,-0.05178385936850827,-0.03333642026759187,-0.04488335552324063,-0.09494931653175431,-0.10286388769328081,-0.1286908841233183,-0.08711629653891428,-0.05412270617705239,-0.0038920687301651213
2020-02-17,-0.01965540134542465,-0.036520999486373995,-0.027493140580198805,-0.059066676514301975,-0.08376186973823518,-0.03444178498343131,-0.052832244755447455,-0.06878793684356221,-0.050914507069116155,-0.019103016033352738
2020-02-18,0.011961498236642498,0.06890811067966762,0.03761127074578341,0.033911291436235835,0.03404185350179478,0.05764820826497985,0.07805930361728297,0.04185019341232543,0.00503287894199822,0.04660967101445035
2020-02-19,0.02518822641822993,0.02139465014346076,-0.07669262078825434,0.029108580267457107,0.005932349827807215,0.030754588528399296,-0.008541881395997208,-0.0022904068435787295,0.007154586670431229,-0.06009349790958751
2020-02-20,-0.04863161960816953,-0.07415804399021919,-0.01459879942115272,-0.09038406146826894,-0.09253130058941217,-0.0725498089777954,-0.048867011133635785,-0.08612742719138744,-0.09019156211192669,-0.007420705202093814
2020-02-21,0.00787568837656849,0.016932145680399024,0.01459879942115272,0.03680880442949075,0.007835017202202366,0.0094345684181949,-0.0073492191479624935,0.020880166918071374,0.02178685391908619,0.01379658986101262
2020-02-22,-0.0022734328278986027,-0.0021462221591095343,-0.0036297680505785745,0.03102223122636083,-0.01114989312746939,-0.012424742295080726,-0.026966070843607248,-0.004755937361356821,0.013634809022994965,-0.005197904938285092
2020-02-23,0.01885688176110456,0.028293836214341006,0.028675799976666028,0.04157533852151829,0.04351679419977739,0.025574692952778477,0.026019856493462612,0.011464380881067271,0.028999983740687796,0.0352581356626267
2020-02-24,-0.009691481108921707,-0.0055689725660048595,-0.04702493864486268,-0.027076082729704076,-0.015125682141999164,-0.01864398021368352,-0.015806380233949646,-0.026647017924013028,-0.014161834764782277,-0.035410802877552605
2020-02-25,-0.02438512527180059,-0.04137581122854783,-0.06503247027085468,-0.037039532267503006,-0.05678642794911504,-0.046928700187196526,-0.06255919436226165,-0.05261440410938967,-0.040621708805884005,-0.03871311983642389
2020-02-26,-0.04897400459645951,-0.09165316052135442,-0.09531017980432477,-0.11123930200695042,-0.1073207283848463,-0.10163367538639223,-0.13782917968288189,-0.12094494635964281,-0.07024257554097701,-0.07174188399069603
2020-02-27,-0.029328271728045863,-0.03489197412098832,0.0257524961024147,-0.059732394677342704,-0.004671270717139464,-0.010347664629984266,-0.016366340512672828,-0.006199420541426193,-0.04165870353284884,0.00017859466070913044
2020-02-28,-0.011080129348663093,-0.005393424617047948,0.004228336109521003,-0.025354812305691254,-0.032927037253364766,-0.023184025973388422,-0.04324449218578863,0.014719404056982022,-0.01551824772871413,-0.00598616672792307
2020-02-29,-0.00183950385280518,0.004947657084051649,-0.025642430613337375,-0.008115734879696745,-0.002597701732015345,-0.012912013928172872,-0.02015885811566065,-0.0016891225682194033,-0.01398113364911957,-0.022088508257549044
2020-03-01,-0.013671861665971008,-0.029077779004638593,-0.013072081567352845,-0.019367786154697697,-0.0017738760003389586,-0.018920965197540607,0.04191240348705083,-0.01912958381795793,-0.033281813031371676,0.00038807197861867593
2020-03-02,0.02100966115737357,0.02493722446641744,0.04711792297706974,0.022197400184905902,0.0396001473342924,0.023728477313774476,0.07058415952996011,0.021294319879917367,0.01917703966867723,0.0454964991518505
2020-03-03,0.004217732100338267,0.006521560535325932,-0.01687803778735164,0.01802746239762154,0.016145317470940057,0.00361011222409946,0.03129954133263446,0.005228135373541498,-0.0019565532083740678,-0.017855373193575552
2020-03-04,-0.0027337982625930124,-0.010861850911120463,-0.004264398786457457,-0.007036422179854895,-0.023186407093229278,-0.012474665893970727,-0.03885325607437462,-0.007404217472613439,-0.004945756739161311,-0.0028455717306696826
2020-03-05,0.028893022149254932,0.024395905236129778,0.021142436573809098,0.023727766445998277,0.03613700982327561,0.02983196577435221,0.01061640272559039,0.024178862000548307,0.031835084102294964,0.030035746960944465
2020-03-06,0.008276822618849877,0.0259212303531271,0.02070467336169135,0.008106196378522057,0.029368128347989853,0.0055280573808143,0.014407772200032198,0.014873390995997937,-0.0009172909984274114,0.01996729195629854
2020-03-07,-0.005399759662719106,0.028431565047124963,-0.029108084158070868,-0.0005447845031394394,-0.009976472828674865,-0.0018776469793277961,-0.012481307946595521,-0.0033883146602837755,-0.011500862960063252,-0.028658788370733213
2020-03-08,-0.052282442927745976,-0.08232122413283438,-0.14994014729091476,-0.09377592871582063,-0.10768389574114234,-0.09749882659731846,-0.09759092200907205,-0.10091070695420257,-0.0811558461383024,-0.1175693872466459
2020-03-09,-0.08539327932865248,-0.1079448991075882,0.024214258120594634,-0.13387345526556338,-0.12951867078710588,-0.12531396475692258,-0.11490541924315156,-0.1315799532729045,-0.1238482323727661,-0.012241754516300496
2020-03-10,0.00896300893996127,0.005069008299563471,0.014252022707201384,0.011206841324955974,0.00436442875294496,-0.00050337381361798,0.013268749717679107,0.022807718681899125,0.002059919054444137,0.00098280628740266
2020-03-11,-0.012774473343233339,-0.0289087419490901,-0.019048194970694432,-0.030141260394579206,-0.01720515775531961,-0.029761421789268994,-0.0268764309430507,-0.017874404740891414,-0.018142243648631595,-0.004173174345816655
2020-03-12,-0.15976723786499036,-0.2353083653372927,-0.41028439454411303,-0.22079797175667792,-0.23878988220649333,-0.21916850563635482,-0.26085604854556266,-0.22611371592742646,-0.20604428897066107,-0.4649564020660524
2020-03-13,-0.23796309510604097,-0.21975670781842815,0.13534134786976204,-0.1347817812487624,-0.21365878075255473,-0.22547581963537588,-0.28028713929133,-0.21262176263101784,-0.22479377266007372,0.1035505857414547
2020-03-14,0.023036883529622187,0.03584466058069591,-0.07898841131863055,0.04735644017507035,0.01657304058231812,0.00935769052784785,0.06570981067886805,0.024988406676178965,0.06760049987240446,-0.06259399071189442
2020-03-15,-0.01586298075975634,-0.04084686601618159,0.05334598070529273,-0.005205429866661948,0.0019488774025848699,-0.024851040225063237,-0.0028695381719092694,-0.028084153034460435,-0.015395573636156179,0.03620887127247574
2020-03-16,-0.06028372808381377,-0.09189855537870528,-0.08819271203546086,-0.07766051969947041,-0.010397192958438772,-0.0652431600393042,-0.06628875151106417,-0.07628812898733095,-0.10409377778510986,-0.07716379169908727
2020-03-17,0.03417457467456941,0.019522778620960857,0.04167269640056803,0.041462255302873174,0.05253323030849266,0.0248352354245287,0.032864684760338214,0.028035604124051705,0.06422757383504729,0.06473028550514393
2020-03-18,0.0005790946981640843,-0.009972381812937137,-0.0068259650703998975,-0.021080645988300173,-0.004175324920993262,0.05080217878109128,-0.00652535104536156,0.09066244668623336,-0.00810561310063207,-0.0008955617155175233
2020-03-19,0.08964523968851523,0.08541205937511975,0.12838116664820687,0.07999927964805353,0.08343226260001035,0.15204053623578728,0.1425778993014548,0.23099915389069814,0.08175257227496013,0.14196988017828271
2020-03-20,0.10380673329847134,0.09330651246060206,-0.06213178110700612,0.08261769882377701,0.13083078906500134,0.083809979302373,0.19646201944496777,0.10604678270117329,0.07144822581359334,-0.006413438646604597
2020-03-21,-0.01943055911754854,-0.03310202856642075,0.012739025777429802,-0.03827565756093154,-0.022785132902371608,0.0193892589956417,0.02172679895106633,0.04683187344887685,-0.019074679504309078,-0.0012875619069205868
2020-03-22,-0.005365430317295861,-0.014114899773520762,-0.06538275926285197,-0.014057570641188288,-0.005992648430658498,-0.032382852729675005,0.018162661440691785,-0.042015259988755105,0.0028034643582626195,-0.05208997724277431
2020-03-23,-0.006050218766381121,-0.01854505774285453,0.06538275926285197,-0.006460591642395208,-0.022054911534922006,-0.04335357924971639,-0.028140267376709716,-0.041533295125718794,0.003334235357426607,0.09323246013423514
2020-03-24,0.08365711633357442,0.07347619108373227,0.031155167779795434,0.058768565724935495,0.06328167341955204,0.04894735107886028,0.07290562296537217,0.052092107059156234,0.11011459835492676,0.039660701128862996
2020-03-25,0.0043651758935787655,-0.0023240660470431607,-0.006153865574378248,-0.001921181611667322,-0.014761589351833138,-0.014965970022256414,-0.017013187160311638,-0.021671908288650954,0.019560578938207396,-0.00873037833657797
2020-03-26,0.0012008407327162018,-0.010905345450738402,0.08855339734144496,-0.0063713076133415925,0.008193948736616719,-0.007410232351357404,-0.007087695969702601,-0.003081939193380734,0.057480845406642445,0.015388739359257109
2020-03-27,0.002846230668357208,0.01064272891314122,-0.005665737535677229,0.01771834040962439,0.013618052805546732,0.017649813889331956,0.0028934312562434172,0.01858272801114058,0.015448599769224192,-0.05061846463313646
2020-03-28,-0.07081095658215375,-0.060914674383654166,0.0,-0.05204146614366678,-0.07760225136152066,-0.07151745427879375,-0.0894384990744479,-0.06842351034651273,-0.06814664552552951,-0.02138539843598508
2020-03-29,-0.01683977617631527,-0.0020958021783039626,-0.07061756721395329,0.0069856894198561115,0.005928523200005031,-0.017514287655380656,-0.018815447839621413,-0.013644780828148129,-0.017069348328421885,-0.05073622163242497
2020-03-30,0.022922714734562533,0.016407771074765876,0.047628048989254435,0.009610575201850935,0.02671843201113777,0.018777375740874014,0.02806056448623817,0.01321002521605763,0.010715895888944171,0.07201457536691702
2020-03-31,0.029096965020105614,0.01501403262641432,0.01729149711006106,0.009442063801803346,0.01716347954112507,0.021557091346307455,0.04664598322359925,0.01544158527183015,0.018264178780370788,0.005489196157842713
2020-04-01,-0.021465767414305503,-0.004906521917053652,0.0,-0.01500442056524065,-0.011755546107338866,-0.00397407604693889,-0.020130078673388674,-0.01901996326366273,-2.1143213557728302e-05,0.02238472366360522
2020-04-02,0.06261633916711418,0.04969347731528018,0.01699757636857102,0.038101307805678886,0.04969192835580927,0.03885910580469387,0.05612771948252515,0.039903867434882834,0.04419249203897113,0.03147211269844874
2020-04-03,0.014766954693540058,0.026965116588787197,0.005602255548669888,0.015386834129643034,0.031623562625527235,0.023426814853961364,0.03636412325086269,0.025038834791055287,0.06486972273238889,-0.006761013535460769
2020-04-04,-0.007208563763686726,-0.0017396554539281794,0.011111225425070703,-0.0004448288717857629,0.0020435153023798946,0.0022668800296812286,-0.007397629236861825,-0.004655529153508198,0.020138624575681163,0.01734686701471677
2020-04-05,0.0038314223115563095,0.007846523326820787,-0.005540180375615211,0.0038240020940767394,-0.005445932516779273,0.006435597829808071,-0.006142528926964985,-0.008725055718766583,-0.00217631990363909,-0.010618347591478283
2020-04-06,0.040780811145388896,0.07640360810075464,0.09024687784777807,0.04919930573401565,0.03633349468765612,0.08494186502086576,0.03900921991210016,0.040142613471243926,0.052099270942456144,0.08586966384008043
2020-04-07,0.03168692007197471,0.09593598022022842,-0.025708356710206992,0.07237681108123217,0.049948448778006416,0.03541868294270678,0.03164119708847757,0.04452718914835163,0.021404657291946627,-0.015524086684401084
2020-04-08,-0.004112411553093054,-0.0046250262420342025,0.050772325373423355,0.005046011968369513,0.04040915236288001,0.0006197707046853296,0.10673227355159476,0.0114407511836907,-0.012430305765396277,0.02932117575554649
2020-04-09,0.0008238363777781643,0.0051935960698115125,-0.014962872676712369,0.0019939753891975442,-0.017082749695969568,0.06588116230394991,0.02864203390560416,0.05968610563173726,0.012724390342779834,-0.008944644503715793
2020-04-10,-0.0429057818120917,-0.06107080459832481,-0.05686286189454326,-0.06364829645216519,-0.09263564718480932,-0.07380536977094065,-0.11459712235479724,-0.04394405162819748,-0.04512655561665646,-0.0662903250516429
2020-04-11,-0.01938437666628623,-0.016131458231906315,0.0,-0.021858411354496177,-0.02806607129219696,-0.01650848523919146,-0.04440426580330925,-0.010057020859367327,-0.02988257352647583,0.0026230654354657545
2020-04-12,0.014501414213887287,0.012680930522108724,0.021053409197832273,0.007448605229054994,0.007615374496074523,0.010817446175639844,0.030186448916293074,0.006742466946466408,0.006355953600698516,0.00744118103308633
2020-04-13,-0.02936446466216225,-0.03660171543170865,-0.021053409197832273,-0.052801288086484544,-0.046993887635966125,-0.03600361067577351,-0.023744777471554457,-0.04107102951095776,-0.031120813706427608,-0.010775749785430833
2020-04-14,0.018944688767922102,0.027188152405605237,-0.010695289116747997,0.020155815793647225,0.003426800190746704,0.012909937559955953,0.021123034429417764,0.014151503597715553,0.029229402372645374,0.0017647328380743232
2020-04-15,-0.011853508218475639,-0.0039005875041198124,-0.0272496424473756,-0.012240531480260497,-0.0124017518400521,-0.006532580881703165,-0.011205102872628991,-0.014995917022844196,0.0073047694647288,-0.03442990607794538
2020-04-16,0.014613733694348596,0.044166682699025905,0.048527040894660534,0.011442050970362327,0.013719368924665076,0.0534259796386829,0.00268308199841627,0.015555105804541114,0.016773337281971834,0.06882362918764873
2020-04-17,0.025919686879774417,0.034904470764900886,0.0,0.022546009213811224,0.034758702440912614,0.03085084322742171,0.029996212523210275,0.03288614242469823,0.02570412581634951,-0.0038746632400572523
2020-04-18,0.007744881352202526,0.03794514948162675,0.02597548640326064,0.01726850663014723,0.0184329561752703,0.06967693734591718,0.010046782955444478,0.03740847251922741,0.008178098499763031,0.03750497756617932
2020-04-19,0.00391992662096996,0.029202438230734984,-0.02597548640326064,0.002300213609605084,-0.0004007939993613263,0.07323773181770488,0.01671739573243336,0.025225025153876146,0.004979524393447399,-0.021260578812262843
2020-04-20,-0.015488904411576243,-0.02083057295256019,-0.043017385083690796,-0.02850711474767076,-0.03232955624416167,0.029676947723155767,-0.03915213582600163,-0.018625260881227845,-0.013069329689081144,-0.04111071721548232
2020-04-21,-0.026457330418386604,-0.042059514643448814,0.010929070532190277,-0.030746287671918004,-0.04090498880141613,-0.08203360682163563,-0.04855950214886562,-0.05698241104127266,-0.030132317425699107,-0.0017185771545840112
2020-04-22,0.01776348245814141,0.03152721824396654,0.02150620522096358,0.016388003987886535,0.0256216252168997,0.0350400133492097,0.024814739887876414,0.04894545375299497,0.018356086983155606,0.04160904038408475
2020-04-23,0.04012321049053824,0.04337384960839952,0.021053409197832273,0.024833812095167218,0.036589526932348626,0.025708240956611395,0.02872148805660668,0.034672974875164186,0.03598981266391288,0.030985290892573403
2020-04-24,0.03340179352071182,0.015692340004870076,0.0051948168771041026,0.0390216556309082,0.017836095870944035,-0.008346772257983304,0.010080059337179925,0.00723944046064684,0.040085425491542814,0.01559116136895522
2020-04-25,0.0029216488246195382,0.023946721079428634,0.005167970158442614,0.015894643111196594,0.003313838294799254,-0.0014802191632452555,-0.0011150020295183083,0.02175547273926881,0.0068646001482957075,0.00906191253383426
2020-04-26,0.005554100498288861,0.012472821267237144,0.015345569674660275,-0.0038546056421582264,0.007727155135067498,0.0013457442874318382,0.005496153207721122,0.018177585076279534,0.0010683498300085859,0.018165425093702225
2020-04-27,0.015960569053280693,0.0026039946026266136,0.005063301956546695,-0.0031710003969167566,0.0007706842068015973,-0.015131273335506457,-0.005722388246322652,-0.03343660557072958,0.01044238042513701,0.00825184304106763
2020-04-28,0.0027217954720111237,0.0021937739393669276,0.08237099743312748,0.002070161176751739,-0.005436454991376571,0.0013644118091664659,-0.0017190005210858672,-0.008328916688594035,0.012295468622965267,0.0032142162024575427
2020-04-29,0.059298957838056054,0.057569530333425156,0.049896971144623326,0.05595009038210019,0.043782692612851726,0.035341260167713884,0.03482129287088931,0.023838699921015838,0.029321488877177337,0.10827583955090425
2020-04-30,0.08024911570541704,0.03219089783572837,-0.06394872460027368,0.02028304927674629,0.032529409922401165,0.018301278038341362,0.06002424034687959,0.004075024107734748,0.009529202691408223,-0.020645093519982893
2020-05-01,-0.01200467417758233,-0.011648081798750098,0.027908788117076755,-0.01519473503546287,-0.01736249998873607,-0.017840736565021498,-0.01577646751756223,-0.018106503000751673,-0.014234063933229457,0.024133614938619097
2020-05-02,0.008734670699968916,0.006080506303635325,0.022676708671029777,0.009638933117740223,0.005567315296004516,0.0021245148438837624,0.002979778222598206,0.0007746308787250911,0.0032535614497852805,0.01565535831622178
2020-05-03,0.013350734005971532,0.0005023061591176159,-0.018100041643618114,0.016637452651592,0.004549800420177164,0.0033200851781094443,0.002701205810831553,-0.00745646784635845,-0.008043632408341495,-0.012474865830355952
2020-05-04,-0.021743660668896325,-0.04505076068067826,-0.004576667027411663,-0.03992462334560587,-0.05274279235793422,-0.04964425115823845,-0.045768496679762904,-0.04263275393245092,-0.05389756299137538,-0.007404844259894183
2020-05-05,0.014024206326219257,0.010509910621673946,-0.009216655104924198,0.0020131504025600044,0.009301899502693445,0.0068741349764240844,0.016392118096731245,0.010766872526233762,0.008635432245711172,0.013644849170097118
2020-05-06,0.022762321789429052,0.0041258164095205885,0.0,-0.0008347513888899982,0.00500448450929003,-0.0025751184996893883,0.002978234824706938,-0.00231816968490417,-0.009250361755943182,0.010265999756280841
2020-05-07,0.03622256519079947,0.0002467182852532446,0.013793322132335861,-0.009768980732068666,-0.005041016932834985,-0.014433382413054918,-0.009133063095965177,-0.01729017710787062,0.005024677873989525,0.07452016380017046
2020-05-08,0.048764955250515385,0.026708088031496935,0.0045558165358607905,0.02589065401786428,0.03957161904979056,0.03619152516358204,0.028411812254400814,0.01758024237458855,0.06503050979454716,-0.011006364414924086
2020-05-09,-0.019653399750110268,3.7675603637765676e-05,-0.01373019281190202,0.011355425698908572,0.04726621069979409,0.02476394724823594,0.014803870719718226,0.020604876008119,-0.00882736436892273,-0.021780179979160152
2020-05-10,-0.11161891784624878,-0.11597979957732107,-0.09669362480247101,-0.1303876610022474,-0.13505682012107467,-0.10511369707548956,-0.13850575764822715,-0.11301399206979124,-0.09969671194689234,-0.09266909265903678
2020-05-11,0.0008045515059578179,-0.009671666420711489,-0.02051353983310289,-0.012730810264441672,-0.014545867037562665,-0.02419492609658036,-0.0168847401480674,-0.021062825748361824,0.023984011701759123,-0.016133076054551054
2020-05-12,0.008124079238342574,0.012644660850612333,0.02051353983310289,0.013987911270826103,0.014443627567073847,0.028588733561228707,0.03321851240619811,0.020246493525012177,0.026498671061757406,0.019574984952522634
2020-05-13,0.02964177946434532,0.021971112132711745,0.030002250303798883,0.011313671010327209,0.004327502077438261,0.020339522567044632,0.0006949252174122122,0.016323923182682165,0.04443319354297248,0.05156336751687984
2020-05-14,0.05216137639563456,0.03441981665991811,0.004914014802428923,0.017770708882159703,0.017733734164977477,0.00946738732877117,0.010529022802470145,0.010296240741834772,0.010363434969366203,0.04296952863181236
2020-05-15,-0.0004201239427406023,-0.007096963702009518,-0.02985296314968111,-0.003875616182650976,-0.006023094826219655,-0.005227697541121401,-0.006200607290498539,-0.00782089095697902,0.0018487883277069628,-0.04522447221492065
2020-05-16,-0.011835708279354762,0.0052912427688101005,0.010050335853501569,0.0017320420481925503,-0.002506009224098271,-0.00042316101907946546,-0.004731519417459751,0.0006382444421202393,-0.005166522541312446,0.010209605038960845
2020-05-17,0.022701973384450014,0.02175931297500089,0.004987541511038973,0.01281583848807255,0.010028186143442142,0.07009584963948123,0.01087440377278348,0.029257067939308712,0.022462454408337607,0.026092483568511682
2020-05-18,0.01085225884954788,0.0406619418491001,0.01970507107933228,0.028475830438348115,0.03014920674998489,0.0567174381802622,0.052038451198058944,0.007552161982356864,0.01610155545577463,0.01236716193466858
2020-05-19,-0.004946423935326294,-0.0015208985619743487,0.0,-0.002926831357644044,-0.005100131272194552,-0.015383473721797714,-0.0033632430580716743,-0.008528247955412738,-0.0034285747871782846,0.002568247385545952
2020-05-20,-0.00030996538968075527,-0.0017961345628743075,-0.014742281737203156,0.0017970254089960669,-0.009725620586651829,0.03244982076341607,-0.0023720410665664104,0.020481384699587046,-0.007651285568865518,-0.021172742579770976
2020-05-21,-0.03952250509689925,-0.0355731437443767,-0.03526813883745805,-0.03705172719579064,-0.03974043939877614,-0.047646425403276904,-0.018563860036498347,-0.026716470857260255,-0.0444462429084167,-0.04954294297808026
2020-05-22,-0.01789732678542144,-0.0077053373523385815,0.025317807984289953,0.002733528755995085,-0.010759936626225652,0.00914141445236405,-0.010843594128504996,-0.011768063197554746,-0.008654198997549933,0.014803096692362239
2020-05-23,0.00860899993705111,0.022752822249184845,-0.00501254182354427,0.01323979370460826,0.01372743050703118,0.004623821934187866,0.0023037625409285667,0.001342750691850192,0.018099108504641137,0.0008132435987207032
2020-05-24,-0.008390133663469967,-0.002284385183543236,-0.020305266160745683,-0.008708063894726337,-0.010057764767862132,-0.013893384012792609,-0.009740781836010903,-0.004680573440821512,-0.00966709998872961,-0.03973893625689051
2020-05-25,-0.034509212370620546,-0.01977085058821526,0.005115100666770456,-0.022376327599565204,-0.016077154818883166,-0.028511463327856923,-0.0333082265567084,-0.01791458118301925,-0.025675206857036947,0.011862380534831907
2020-05-26,0.004858492128620995,-0.0056486891571641,-0.010256500167189042,-0.005972684023699326,-0.0029892906092809923,-0.005421022993967739,-0.015817543459158756,-0.0016483746640938435,0.007156159089799274,-0.0068105795867641206
2020-05-27,0.017984288119640368,0.012797850676633082,0.02040887163120697,0.013116319480074967,0.010211390833993583,0.005223209926670691,0.005971791995681208,0.010475739245756621,0.024769117559485743,0.034760677727938116
2020-05-28,0.0312780905297938,0.02573728983895407,0.015037877364540542,0.01867495786081763,0.013054526833718327,0.022775176568775812,0.021212151740148677,0.0038562378907052164,0.02503226475212994,0.03955515133908083
2020-05-29,0.015226828828595274,0.04873630679325558,-0.015037877364540542,0.016879180411181416,0.02040170142732567,0.009579887228333472,0.014192418276574692,0.008837495875082091,0.026325699374185163,-0.00988406199808356
2020-05-30,0.0049544190312040826,0.0519644940333297,0.04445176257083383,0.0342900791577021,0.019936282250466064,0.06590227190220777,0.017474746022791976,0.02610567388374818,0.0047834107172146645,0.03727069876615374
2020-05-31,0.00503462359866802,0.02231577272778651,-0.024451095864164163,0.011180748178868605,0.014321202213391615,0.06427698066269194,0.017523717524308147,0.022694724835990776,0.003379412638342849,-0.0267755151459248
2020-06-01,0.0024034705127693456,0.004523652035755887,0.04831857727080746,-0.005553247045924969,-0.014731999618000202,-0.021319789712440418,-0.01787384135844583,-0.009860783005774643,-0.024447417120058823,0.06870374849901584
2020-06-02,0.03214654213678081,0.022238581515740208,-0.04338029563022494,0.026290781063061264,0.056760920848777374,0.01746347912467794,0.03353825444373282,0.030837430523000364,0.030507637624774375,-0.05785623539010043
2020-06-03,-0.03423618870220757,-0.021427412426141323,0.004914014802428923,-0.02639829060463672,-0.028612756772485426,-0.03244352022482344,-0.032601433184527906,-0.025528550183111065,-0.00693747223555885,0.012378521751728044
2020-06-04,0.015463958199923411,0.01831752528047126,0.0,0.02154875293216607,0.022885830284266717,0.015399856387587896,0.006799049921490052,0.005447020497576283,0.007469135764150536,0.011469707841103904
2020-06-05,0.005136118121768618,-0.0011004037292314806,0.0,-0.0032250272990985707,0.009972674534474812,0.0148091938755881,8.686787656930761e-05,0.00690378245199863,0.007589611062129187,-0.012626577622415702
2020-06-06,-0.01071291662977103,-0.005528517595343452,0.0,-0.011295476684858752,-0.013328264265474843,-0.009443475849358673,-0.006032219070987388,-0.006443747941298206,-0.0070287171596916664,0.0026622267847455916
2020-06-07,-0.0012435234763064074,-0.0020842042289652696,-0.004914014802428923,-0.008728435517384003,-0.012309848882853913,-0.00957182307050397,-0.010074688945925558,-0.006575555791664023,-0.011024423007226503,0.005969152686508217
2020-06-08,0.009186213125431664,0.009648337582571997,0.004914014802428923,-2.1539886485566484e-05,0.007156817936432525,-0.0004982561139450503,-0.005608148314853345,0.0002057401509159007,0.003247239722935724,0.004464358869648244
2020-06-09,-0.0014394409230220617,0.0004262976523916606,-0.009852296443011443,-0.006808261020155193,-0.0026220396341551933,-0.0054201716458215365,-0.008579602254105367,-0.004523174443832545,0.012032665502263562,-0.0026584536848242024
2020-06-10,0.007585112217324053,0.004636528054226652,0.00493828164058252,0.0013220491517151878,0.006873636455518195,0.037356942902111445,0.013325403893735377,0.00453603179791795,0.005158805572900604,0.010820839139002558
2020-06-11,-0.013777721541499588,-0.01194970126755468,-0.07676401621183815,-0.015673070324521365,-0.023976102169140923,-0.01781396324626927,-0.017209313789240177,-0.01676418902647203,-0.01364349927018349,-0.060139985339037416
2020-06-12,-0.024312210783145716,-0.02588586453416042,0.026248226074936376,-0.025400737319235756,-0.03839981897490663,-0.034200732450561766,-0.036731164018439344,-0.04128025633198984,-0.03421739457253192,0.01746167325472303
2020-06-13,0.0018017068092532895,0.006305145861081662,0.0,0.009321615997771815,0.0010594856229468874,0.009053006956689647,-0.00037305859098335503,-0.0012407034061174826,0.012480827645621417,0.000697922099341497
2020-06-14,-0.002013885889191158,-0.004705037152551661,-0.010416760858255714,-0.005267830296408871,-0.005342219061537534,-0.0008143322925580065,-0.006711342211236371,0.0014586900280519899,-0.0010606704430964342,-0.014138025443775959
2020-06-15,-0.017553699145942403,-0.03793182189544719,0.010416760858255714,-0.028357761704633777,-0.02553836051441216,-0.013847742302943278,-0.04614760083625313,-0.03424123684295122,-0.03205733493312124,0.005606854632800307
2020-06-16,0.025479764418362194,0.02632181564621927,-0.0051948168771041026,0.01227150246410691,0.017872457113409013,0.03558626896704453,0.01451864422186322,0.019377962211200916,0.023087708883999802,0.008980098453105434
2020-06-17,-0.004008021397538641,-0.00011126278998663253,0.0051948168771041026,0.007712910086163038,0.008901580698833733,-0.0008924418369002929,0.0025965758029089514,0.0022374154765749665,0.006616987353657677,-0.003619027349857973
2020-06-18,-0.003493730725415034,-0.0026740275451331286,-0.010416760858255714,-0.006731275700359696,-0.001541690886383229,-0.0012355419422505065,-0.012106380626224045,-0.007130179663961123,-0.00963505976490353,-0.007969500168636401
2020-06-19,-0.007772197761608979,-0.012374354288767542,-0.021164811192043276,-0.011682080916020077,-0.018876070957942304,-0.0173630461529517,-0.015838997195211313,-0.017775255284529834,-0.009279593055584456,-0.011659933796298816
2020-06-20,-0.0027828338626800786,-0.00324187477010085,0.005333345975362613,-0.00446548098032018,-0.006240189625344783,-0.00945017533017145,0.008635224949650855,-0.005701981350475727,-0.006696991195279445,0.006122806847852935
2020-06-21,0.00438479928243396,0.0039931847120922015,-0.010695289116747997,0.005227016549679497,0.0005759328982488654,0.005338853724063508,-0.0003827240722165115,0.00659263589902892,0.005891376638253121,-0.00709787541528506
2020-06-22,0.012618798480151128,0.03338467048554605,0.021277398447284934,0.011445210314498855,0.02073459181155357,0.019665825236542478,0.012879609847577633,0.012540097627402602,0.012843196030560833,0.0420875782991299
2020-06-23,0.01661567041641021,0.022620731193881305,-0.005277057100843807,0.006523862429079763,0.01499585334846909,0.05072912162899135,0.02224710908933769,0.019006329150641932,0.017172491592077677,-0.0048028752363782345
2020-06-24,-0.018936591386509605,-0.013172328988441784,-0.02681125745065671,-0.016931548873921454,-0.015366278289038249,0.0323094472091201,-0.014882368777977106,0.0016827305240907364,-0.01008269631439962,-0.03403063469640433
2020-06-25,-0.022105657463605155,-0.026829906122463498,-0.010929070532190277,-0.019170956810884654,-0.019758505855104858,-0.02485702768404785,-0.024539732114472912,-0.022420976249382107,-0.01824504424038942,-0.003891039601763069
2020-06-26,-0.004545462371675413,-0.008628677311551591,0.005479465764625546,0.0034705158529382274,-0.006695501473293675,0.003732351943532386,-0.011476635444349625,-0.010567981544713945,-0.006753373231757287,-0.009710345736335668
2020-06-27,-0.008278012634168164,-0.015621958686987014,-0.0390021578032691,-0.006976690541237396,-0.01867581987828526,-0.031530906577500684,-0.025668830906909967,-0.01537550042648217,-0.010444572450136747,-0.023045464485487166
2020-06-28,-0.006143738469079452,-0.02039844774382704,0.005665737535677229,-0.02433790675386227,-0.03302710725648339,-0.02788995524590332,-0.051447303950448386,-0.03383575743403888,-0.011493833492107974,0.014366150898821317
2020-06-29,0.006909058574221305,0.008864040603321577,0.005633817718255996,-0.0005315165257648857,0.01112767431952566,-0.0028741942069001603,0.012742973384307632,0.005210195326913691,0.013977838102323226,0.006296131064314814
2020-06-30,0.0034911665396002434,0.007222382298710528,-0.011299555253933224,0.0008937522485825689,0.00609961877951104,-0.006559657864667834,-0.002699447592118709,0.010631836762063251,0.005137051234253676,-0.005302952260231031
2020-07-01,0.004563737139726243,0.008884434629132798,0.005665737535677229,0.004961474532235499,0.004598304500500028,-0.0030746786204050025,-0.00534483595304458,-0.0025741545835327173,0.0028235166056678196,0.01028788037660977
2020-07-02,-0.0022792651100367323,0.0012323236081996924,-0.011363758650315026,-0.004744196064883965,-0.00783423417968443,0.0005579874116588002,-0.008556657811018553,-0.008929090444110166,0.008314895182310877,-0.014956180226358029
2020-07-03,-0.008511618388165942,-0.007833411617010455,0.005698021114637797,-0.0013285507467615254,-0.0034761527544437953,-0.012017212337814609,-0.004264234962800373,-0.014061790080969416,-0.0032959665889134016,-0.0024490377564223564
2020-07-04,0.0013142045479295206,0.0017222305603343813,0.011299555253933224,0.009550343821681295,0.007284674097486565,0.0004865848651336435,0.002448075767135016,0.010346102216414188,-0.012900989324459822,0.008810516299971205
2020-07-05,-0.0029593927446178725,-0.0014547177915824605,-0.005633817718255996,-0.003021222775248411,-0.005556329726803533,-0.005443756553495049,-0.006588815184819019,-0.0036848872339616534,0.001082769169975073,-0.005381440905606993
2020-07-06,0.01460198114026845,0.032620495977427666,0.06559728248581331,0.028059471479627174,0.04179970590864901,0.050268548196584995,0.104756619575336,0.024134056628192013,0.005177913970649151,0.03796089245755585
2020-07-07,0.006039707747076406,0.01678816097845548,-0.021391189981317504,0.019240701786669145,0.02887662731618512,0.019420590466029175,0.07891062879478117,0.01982570547179119,0.0073375428309487845,-0.010714482603868092
2020-07-08,0.00792549934130271,0.020664938958206314,0.09776416876589145,0.02702561841194795,0.01703782923662267,0.048650254259020365,0.008638278661404541,0.025596627181461606,0.024933225887249222,0.024751566528754765
2020-07-09,-0.0012809566226348323,0.001968536730969639,-0.009852296443011443,0.0007799877825940271,-0.008073499060416545,-0.005874730351075996,-0.005907397139004011,0.0009576484219389059,0.013430473257599829,-0.020047293680633516
2020-07-10,-0.013550051385630368,-0.017961756855219058,-0.014962872676712369,-0.015467639531728139,-0.014683445920383065,-0.02745579795794928,-0.03021535328185454,-0.011693102099917141,-0.0020591182912248485,0.002738420926987395
2020-07-11,0.004644890878793717,0.0024188725248928122,0.014962872676712369,0.004717256041897766,0.0006277159980889735,0.00392779822179623,3.306787180967774e-05,0.012081451619360806,0.02199676544166529,-0.0042824326036399185
2020-07-12,0.0014000325371199551,-0.0002693959950894609,-0.004962789342129126,0.007000881261943537,-0.0020489045953597795,0.028794198455232234,0.021514178870397416,0.0016072718640485206,0.015542175849284412,0.006585271762903133
2020-07-13,0.0025795371139327727,0.009825230933137696,-0.010000083334583243,0.0005588528015438854,-0.004971040763050105,0.07372154865983216,-0.00436239309477493,0.016912793659215275,0.000445873163664956,-0.00647105056439834
2020-07-14,-0.006893607652902034,-0.011065388123338238,0.0,-0.02472948725061208,-0.024415382189196144,-0.015024169446014035,-0.024969620620973743,-0.025030939942667807,-0.019530310979686938,0.0006178157944001228
2020-07-15,0.0006482982398861026,-0.0012209202436892497,-0.005037794029957299,-0.00376388950733908,-0.004447171663248817,0.015072635887052321,0.005268403775227526,0.019393123069771256,0.018336074825061388,-0.00516577217451708
2020-07-16,-0.009659813541315287,-0.021190721208025565,-0.015267472130788384,-0.027223981196967006,-0.021863472762148284,-0.039106987794729875,-0.03117957726691767,-0.04595499692438931,-0.003461259026035002,-0.010449528515346529
2020-07-17,0.0,-0.004786296106018995,0.0,-0.006875812469395726,-0.001813172341671887,-0.0036689877400410964,-0.014729159893192012,-0.002957010695526563,-0.020580461911574588,0.0002636401559392709
2020-07-18,0.0034839447324603867,0.007338118100317814,0.030305349495328926,0.008504842612561347,0.005683061765019204,-0.00503728308670226,0.005704923481804514,-0.002922526392524105,0.005397667257994954,0.004298265343371632
2020-07-19,-0.00032610468249139046,0.002672000980937561,-0.004987541511038973,0.00025945538102689625,-0.0009026736202955021,-0.013289062089128834,-0.010163405883306886,0.001786203497050387,0.0077148249388141465,0.005876497458985774
2020-07-20,0.0023889684507700792,0.012040728402859635,-0.025317807984289953,0.0006129907064513773,0.004598239824481709,-0.0026309243180229203,-0.0038132765536182944,0.007155947791638084,0.012914041266747667,-0.007228540011582574
2020-07-21,0.013145324511413037,0.014746066759880883,0.020305266160745683,0.020251730345153707,0.01334153690865758,0.04478259718274469,0.02503385075622777,0.0054579143232080796,0.016727849305936182,0.026159557419204837
2020-07-22,0.00587012732101222,0.014912526633122702,0.024815169119723812,0.011048313318049008,0.010492919946296198,0.025151094493385706,0.013341630645292035,0.024316454100138607,-0.00677709166764906,0.02231693868694329
2020-07-23,0.01730183470238167,0.08411531884371559,0.019418085857101586,0.02930794083294952,0.032312817131663785,0.02448700619274291,0.034405873967762624,0.01665730890696082,0.027349373616890382,0.012658679374004222
2020-07-24,0.00041827878890643433,0.028434351443769046,-0.019418085857101586,-0.012702623111612965,-0.010656756212073404,-0.012692026302248749,-0.016839843482533645,-0.014620464894212759,-0.0010525733618189648,-0.0032941920456108775
2020-07-25,0.006461047903613348,0.04326350109286725,0.05251803428344637,0.06480527953326742,0.0315043088242275,0.0164918447928315,0.01917462876521192,0.018052121174703117,0.011463022656329258,0.03059029855147788
2020-07-26,0.021477473558116245,0.06577406031487953,0.0046403795565022055,0.023248390895482807,0.022472491397926397,0.02141654143023075,0.03503627723489,0.024400788955891706,0.038470674838758434,0.02011191564412762
2020-07-27,0.05796577840323991,0.04701473391914668,0.040821994520255256,0.02623340901999427,0.035089246190402434,0.05534562956513067,0.03669971947666539,0.012550756023769871,0.020032381322118376,0.08541661124213462
2020-07-28,0.05278886547584172,-0.014943224451963388,0.026317308317373556,0.09032591763947195,0.08256237484531415,0.028062866071544512,0.06718220824533905,0.028695150649561185,0.04932161186017758,-0.0008275069330929696
2020-07-29,0.009961143670681238,0.008345964281334162,0.05064373281875478,0.022897549602995504,0.03380080362129245,0.01822979843300576,0.019612586065525406,0.04625842581549566,0.003646077144811244,0.01619367085092449
2020-07-30,-0.005330454867493728,0.005652585509799302,0.012270092591814219,-0.0007339712648581909,-0.010024999076221341,-0.01935476866963004,-0.01842191084032141,-0.016421937673228193,-0.009913446990583274,0.010041370326493215
2020-07-31,0.014390031564341044,0.0534319373460157,0.05535009508316513,0.027344763782026327,0.027644539102213983,0.017158104228146343,0.0370410151298346,0.009420457551462036,0.017482212064370728,0.02242517371883679
2020-08-01,0.034749482106938956,0.0607452260889092,0.11607217125275393,0.04357557082586627,0.04950132662121476,0.13568320496579922,0.08244060413484355,0.06496990575117412,0.04816103767861968,0.056269708545426234
2020-08-02,-0.022061321115659283,0.046699936831904765,-0.013793322132335861,-0.024606285741437084,-0.050568293268800524,0.02125540747210053,-0.05795959930319583,-0.0009639882313683401,-0.001914142613780534,-0.06235917692066817
2020-08-03,-0.00743366255000133,0.0217723545873314,0.07038079676179954,-0.005090988651994088,-0.006459926858069842,-0.006880298556638742,-0.005961957064410051,0.004707831584861211,0.011361396890047892,0.024052472003247338
2020-08-04,-0.0005330964142231664,0.010341842464395512,-0.026231012148869803,-0.0036326426504702525,-0.004474953411046201,-0.012577426114376955,0.017063212852401755,-0.0013036022429293581,0.006785039502755552,-0.002671921910310182
2020-08-05,0.01840407688695045,0.00802076659500095,0.006622540760493401,0.008176351440674523,0.0020878406313711295,0.07832490798306857,0.005896171498007696,0.01646683485545175,0.0061614909704310605,0.03903451962520332
2020-08-06,0.025498840371042775,0.006343918085974565,0.0,0.009127662438284112,0.02578005150409446,0.07394873039892325,0.01346673370299456,0.08487614686658684,0.038714081809170686,0.002183078501250435
2020-08-07,-0.003237351609138628,-0.02020944034978367,-0.030153038170687374,-0.0012382432100555008,0.04517369846778241,-0.019599964714916318,0.0037510642011229223,0.03735423557786621,0.02265891209972537,-0.02141785473400315
2020-08-08,-0.0030766625414546667,-0.008249805192954263,0.0,-0.022641440246982114,-0.03401368933647486,0.006030613285044062,-0.027559025138799598,-0.01630836582019146,-0.00012790995156919394,0.015207956110402598
2020-08-09,-0.0006849901800496383,0.015598261038256567,-0.02061928720273576,-0.0034957469271219566,-0.0035749986497224384,-0.013756014528809146,-0.014328122531540366,-0.015169503606953683,-0.004594270595068117,-0.005544391053065922
2020-08-10,0.018668340199958777,0.008016355043909407,0.02061928720273576,0.010916193163748922,0.0037035001087204478,-0.021886712387242824,0.0009800253809100212,-0.005390515256036288,-0.0007284725966529848,0.015746685159292007
2020-08-11,-0.02167070145162775,-0.0188556381500824,-0.034605529177475614,-0.023663036629995027,-0.03978703430361108,-0.07707587402178273,-0.03851604506319273,-0.04664748558058118,-0.025330997899280838,-0.03937996007580935
2020-08-12,-0.01506130781710091,-0.01693611309209686,-0.007067167223092641,-0.04434188396252425,-0.03012924937211814,-0.042392645855218625,-0.046001009559507366,-0.035747417754325106,-0.03471374878163225,0.012895664747036406
2020-08-13,0.007559009014689977,0.03597900436593182,0.041672696400568254,0.005096466510870368,0.0029072044298121824,-0.0034491893012127406,-0.006884374052231301,0.0055620047927247285,0.013889033678385232,0.02993592453367544
2020-08-14,0.017333538491151046,0.08364157959692164,0.020202707317519275,0.03995099684978509,0.03342876578044418,0.04599450780894543,0.03395749161961259,0.02404865855433158,0.02643667274783379,0.005124135339780622
2020-08-15,0.01049345331536955,0.01489424129411887,0.0,0.028542575847872342,0.020203729480917865,0.005492428068897048,0.028708326358031222,0.016756818894077874,-0.0070859269580978435,0.008691363704719457
2020-08-16,-0.002106771941756236,-0.01874616630433046,0.006644542718668767,0.05415109924680994,0.019089711921980168,-0.012610566875342677,0.013684848046236375,0.005928586122879054,-0.005685189152080383,0.005119469508526819
2020-08-17,0.01664822824056067,0.007380691340006962,0.045315196212042386,0.05213952714068437,0.026227365154244175,0.013661109752397316,0.010472053200134113,0.03141048665210899,0.01794950930149497,0.023897610702377392
2020-08-18,0.009660315393229979,-0.007611998941595921,-0.04200940807754305,0.026773671749035444,-0.000389393189901277,0.002958926694618391,0.004819114400855362,-0.013466537671297019,0.017205560104443407,-0.025109812513174568
2020-08-19,-0.030620170552504433,-0.03904407342916549,-0.04385188252884942,-0.06156456055510695,-0.05815737297274648,-0.08273042340956938,-0.06835620483957072,-0.05664164466923172,-0.017716754733892337,-0.02542994745151894
2020-08-20,-0.00016946280332064134,-6.803531035171062e-05,0.01029168603654762,-0.0022041568443924575,-0.009061431879909598,-0.015753371010968742,-0.0120597488879568,-0.007445057890910434,0.03763233540360478,0.013121064160117157
2020-08-21,-0.004075746492894439,-0.012812050509855233,-0.048960827195701606,-0.01595649939923227,0.0008327503424876426,-0.0016314998640929446,-0.009320156547190983,0.01863016723459232,0.04274338960246116,-0.037558226596527966
2020-08-22,-0.01629818200389188,-0.042215313047059055,0.021277398447284712,-0.03555562626186326,-0.03342558557284114,-0.0396152419138609,-0.05856549438904324,-0.035297782081023854,-0.07567606530242532,0.014863709180240825
2020-08-23,0.005605637549804143,0.003726012049757088,0.003502630551202257,0.002589237621880791,0.000571283499096964,0.0384445753364826,0.0012177315581443082,0.01818334079027739,-0.004275458473622429,-0.0028912260777413934
2020-08-24,0.009585831703320835,0.024857485199518692,0.010434877292579525,0.03774779083649271,0.020735188130235116,0.04468231270251888,0.02840848846099231,0.01983669161485757,0.00851115045796913,0.015893488970807113
2020-08-25,-0.018830357344032933,-0.0236534742409793,-0.038805574421795,-0.03237219909589317,-0.026547862939015232,-0.05735104002336744,-0.015527760311762506,-0.04098441094951166,-0.021558478198905107,-0.042118926181546
2020-08-26,-0.00968129318193256,-0.015758576013373826,-0.003603607503298578,-0.02978362918337396,-0.02375434172829305,-0.022997400554849,-0.026007906920413326,-0.022988724646650027,-0.02066037400135734,0.00820907366837087
2020-08-27,-0.004831988316462699,-0.004846819842209804,-0.048068403041022334,-0.018722650441665323,-0.01996640904991498,-0.025411530075099442,-0.016425332268467763,-0.018300212368759894,-0.006250584481017896,-0.015851318012133575
2020-08-28,0.007894777847008427,0.019460213165834794,0.02985296314968111,-0.001069997207831186,-0.008691274568737306,0.023127890485167946,-0.0018021902280533908,0.0027463763932908947,0.033072732265565286,0.022053624523232784
2020-08-29,0.005923878286996143,0.022257988020527364,0.010969031370574145,0.010145103120957621,0.007282588676578605,0.03208873675807489,0.012673757343797831,0.01004501612448827,0.033486833860382426,-0.00040437665691239744
2020-08-30,0.008734435258331175,0.029980304495391685,0.028675799976666028,0.03844530167844784,0.014016640282742188,0.03498684008671571,0.011315848354053415,0.018586796549839413,-0.00022239755242559056,0.029148628532277066
2020-08-31,0.006436961675776232,0.04265094481293197,0.0,0.03351975261718021,0.01244013265691013,-0.009332773031549557,0.01254449554857473,0.0037952885426699723,0.004807574571244366,0.001561592261365874
2020-09-01,0.015534457799390111,0.07657810264382992,0.04828524115946209,0.012116101425397652,0.011380414229591906,0.02570137419580032,0.013589221737849044,0.008206202948534802,0.0045957268139193985,0.04067156283371265
2020-09-02,-0.02429890641009891,-0.022709602323895517,-0.06971463261536104,-0.04031700297761276,-0.019174663340941756,-0.032234448848377006,-0.03416597277174205,-0.03309596471666154,-0.02834986349866231,-0.06001762122104637
2020-09-03,-0.04663920392170162,-0.07464355401650735,-0.11462916955936131,-0.0813808715382649,-0.08394597887476074,-0.12302380071516072,-0.09344658573135955,-0.07351518920093358,-0.06528503345891767,-0.1208188139528037
2020-09-04,-0.06211207348693826,-0.08150497638720999,0.02794593039055937,-0.10944770796731307,-0.10084363930226381,-0.16633216052783695,-0.09016823776789185,-0.11741531693654039,-0.06842679150974895,0.029110337418398302
2020-09-05,-0.011029523575500022,-0.07240427733089749,-0.07350246199292654,-0.01809461969742676,-0.0058910397071123555,-0.04708324956599963,0.0040064105836625785,-0.006253804348812508,-0.021084911908642923,-0.051455974606404276
2020-09-06,-0.007225182768976879,-0.05090934073015063,0.016807118316381153,-0.017593457939194312,0.0014133220037138017,0.017993418687211715,0.019063330440241444,-0.009115702545329896,-0.0054079456566267226,0.01703305216057327
2020-09-07,-0.004025730803890681,0.007509422022131673,0.008298802814695083,-0.006654554031451987,-0.010339917698677148,0.02560595090517115,0.0364416458861232,0.015539905769921702,0.007233464390446365,0.007617372294888014
2020-09-08,-0.000787401615486516,-0.009715446879564382,-0.025105921131076236,0.0042949542772414695,-0.001917844770786381,0.028794901947945206,0.023484307622968714,0.05477018326420069,0.029191643880652762,-0.027629150377029177
2020-09-09,0.0032440431497171573,0.010478907242737812,0.01263174690590052,-0.0011086359685066327,-0.0006148445038141048,-0.010826558216991522,-0.011509175273498151,0.023513616686573258,0.02609294514131566,0.017145701969133675
2020-09-10,0.015097934477408259,0.059817935702687564,0.01659789140903789,0.018845989987864353,0.010679121360104737,0.02477213618292229,-0.008353333708303268,0.004937634863893869,0.013312406945887645,0.017268211769311925
2020-09-11,-0.0033893413553087726,-0.0019951817000078975,0.0,-0.004549345516251524,-0.010835120299628187,0.0023787035882865126,-0.021785298353763416,-0.00481947578224684,-0.014515210456367278,0.0071206600339879245
2020-09-12,0.006767233868904654,0.019547518074555903,0.016326893287428756,0.01738533960422739,0.004682724532110605,0.04435482663090884,0.0063852219915609965,0.016819152254274883,0.006650855869909655,0.011283086551702404
2020-09-13,0.0024058136032518718,0.0015933659476772277,-0.02045061047129093,0.0006486399059868475,0.004965556744891408,-0.007688498931605281,-0.0060954701499120745,-0.01397442389498682,0.02734522581494936,-0.018087343652353205
2020-09-14,0.010327114155851191,-0.009833174320608151,0.016393809775676393,-0.019727250197894897,-0.007622190781368943,-0.016895928097852675,-0.01864783480366583,-0.012898644585900065,0.003713352200744424,0.02837829357814492
2020-09-15,0.024989557769050208,0.002793610191734963,-0.012270092591814219,0.01672375739696541,0.04612645362468548,-0.009941077250365637,0.01669642605919197,-0.012046650796612823,0.03662662065791267,-0.0014104535451266997
2020-09-16,0.011255769723792497,-0.01947152154924936,0.020367302824433775,-0.02269367687289936,-0.015984514589005627,-0.06451059066725229,-0.010816634868596076,-0.021749278402507066,-0.004001535010089263,0.013389575199826531
2020-09-17,-9.174732792338602e-05,0.04622209876246952,0.01996074256253788,0.008982777983964851,0.007816503384967532,0.009459934550879012,0.0016980214194717291,0.00012344070404335383,0.007369898797167984,0.01054527571734809
2020-09-18,0.0029317474045242875,0.00726270016468078,-0.01593659226281252,-0.0013814862450551857,0.0031129893991783675,-0.000647194095654946,-0.005796124204462849,-0.0054596473398280665,0.0213469130502828,-0.006360224563907835
2020-09-19,0.008018266193941415,-0.0031668672424229882,0.011976191046715767,-0.00047468192043664814,-0.0010465591588317835,-0.008022416724993597,-0.005515081932427002,0.00035847236010599914,0.005607078945423893,0.012843069846860011
2020-09-20,-0.00829275267720675,-0.018026852608736377,-0.024097551579060683,-0.017975718604320345,-0.025578879094111606,-0.0172534550652097,-0.036474635212535134,-0.0177601341504392,-0.004474521023468014,-0.019516927534867
2020-09-21,-0.021832504551762,-0.05349606898750192,-0.058594164266052795,-0.05098471402618632,-0.03816387251031106,-0.03816380302532174,-0.040925224291812334,-0.038462153796110066,-0.024675903481670147,-0.05171550848660367
2020-09-22,-0.0205043324684695,-0.04067537469073468,0.0,-0.031727294953252994,-0.02357095280343824,-0.04045295622380696,-0.017090983916575375,-0.006994672786181155,-0.007720161688316907,0.005163705850184996
2020-09-23,-0.002868070799673106,-0.017144496397229148,-0.04405998979403036,0.009791638406256187,0.0008857396504682313,-0.0035599355907187658,0.03911425256082168,-0.012887576210716567,0.006481853589431985,-0.03715040427849825
2020-09-24,0.00019146084684251718,-0.005766844955514827,0.048361071693421076,-0.0031020414554379094,-0.009179723162207054,0.016144860981491593,0.001408120392255796,-0.005683486243888147,-0.007317336017708342,0.0561414864501355
2020-09-25,0.021964340334037047,0.03595477134290448,0.03789927259098569,0.027555867696967606,0.010502209815768104,0.020964353951437698,0.010188694011400656,0.016954461079667915,0.02767513696086965,0.0022471406312112308
2020-09-26,0.004205024184305017,0.015116503762696354,0.0,0.013041137799625346,0.01323977716524638,0.009296976787436684,0.02428423216543596,0.016237746529922603,0.016897268798191867,0.006575935836401925
2020-09-27,9.324444036629131e-05,0.007284724608306092,0.0,-0.002332705796229906,0.02246418135810746,0.002206907427798832,0.04132134115168551,-0.007611890326589155,0.025705705584187832,0.005398743347710067
2020-09-28,0.014991952084962179,0.01614303648228166,0.0041237171838621745,0.013290888909495369,0.03296652404341316,0.028992699562496504,0.04004121258950999,0.007930209603508764,0.007791803743637971,-0.008543551869119703
2020-09-29,-0.013966836669716542,-0.01405252475561003,0.0,-0.021113443178916835,-0.013683503091076687,0.017521566682550116,-0.018522030079765273,-0.02290070301947722,-0.005167062246822951,0.015007603240906775
2020-09-30,0.0013961932737647231,0.0020973697920885215,-0.0041237171838621745,0.010830075333376321,0.00333311655678159,0.051368321326137334,0.03059809247486278,0.0011686651181816998,0.04167163916847194,-0.0046383293217271415
2020-10-01,0.0013942466356748895,0.010748847075654488,-0.01666705248521172,0.01890448064496253,0.002932559848702887,0.07063544114021525,-0.0070064310642408145,0.028824470687874637,0.06836724517751591,-0.01552011813971177
2020-10-02,-0.021689972882612096,-0.04369780716927618,-0.016949558313773094,-0.03460793519468419,-0.037315000293603795,-0.03991591658325788,-0.06677000445825954,-0.05106953541735937,-0.0786561211665262,-0.009856364326187084
2020-10-03,0.0019913713849248893,0.007168903583608888,-0.004282661792000875,0.005379201683447743,-0.0007317699841795644,-0.003326307129327688,-0.012188041834805041,-0.0005292405521784005,0.02796055659555652,-0.0007649548566952546
2020-10-04,0.005196780250376065,0.0033673741616411235,0.06239029259928164,0.012584828536586823,-0.0009370835554340928,-0.01723737045292939,-0.003435429568753534,-0.00010588173020664726,0.023639938025713292,0.015251822428406392
2020-10-05,0.009286685568202557,0.011030860741471749,0.008032171697264223,0.0049380677316461785,0.0034800658443980836,0.027167497576740196,0.01331895990679044,0.00243244792348829,0.01609024625163169,0.008508432080434503
2020-10-06,0.0008399832497261173,-0.008206655498729454,-0.020202707317519497,0.002718506927828823,0.003987612470673696,0.007641907089121602,-0.0037554190894670825,0.007471752729277803,0.03641288546532628,-0.02102344765085462
2020-10-07,-0.008808152898902577,-0.028407407962063758,0.012170535620255274,-0.007613152092759812,-0.006603346503438523,-0.04213472921311645,-0.007372013009467437,-0.018670655810200998,-0.031405223121449666,0.006835656314770233
2020-10-08,0.010486005641517693,0.01124526294246131,0.012024192966801683,0.011956030803799145,0.03822894294428636,0.0026921869462981363,0.02468025576271682,0.006403891586903576,0.02632543244285568,0.020598082329866152
2020-10-09,0.02292601446843001,0.03837887390828598,0.007936549595736198,0.016320379263451645,0.03333068045117482,0.017316729742597126,0.018554372577330724,0.01454078453240637,0.02385804405389269,0.02153812067070504
2020-10-10,0.03127354903906365,0.04516799668281557,0.003944778291016471,0.03925642952632025,0.019065127334367382,0.039763830326609906,0.02872479821924756,0.02254790342926949,0.03636796130414233,0.019115346725318894
2020-10-11,0.002555180032450366,-0.0007818587750927364,0.003929278139889636,0.014045146400353481,-0.0048042989635792566,0.06986665854773388,0.0005876859598741291,0.026755906146894937,0.03066708572839616,0.008168046922118144
2020-10-12,0.007364578262206933,0.015556480572113784,0.003913899321136283,0.01114328514016183,0.0013470318339035003,0.05399923706977727,-0.005406916160239916,0.030690617407224785,0.07977183307915059,0.017546812014633595
2020-10-13,0.0006112736513106398,0.008615751407869077,0.0,-0.010403188893872706,0.02448238234681721,-0.030777182586067653,-0.006342298905957833,-0.01250701681574995,-0.024558443832707333,-0.00972743239605478
2020-10-14,-0.00402379829122701,-0.005503314165571815,-0.02772454801485491,0.0006196592072749141,0.03361792157731891,-0.026730022886417792,-0.005098228436832386,-0.014194412941701984,0.014517711420583446,-0.0012038472686963786
2020-10-15,0.0007009550799583764,-0.008873032086802901,-0.012121360532344916,-0.008528964716788323,0.02452935951445845,-0.026975800080054846,-0.002250532489907364,-0.016283515296330542,-0.014344851931345382,0.002538835840502074
2020-10-16,-0.004125164931746639,-0.018969336204918363,-0.024692612590371477,-0.040198255567097,-0.025930250647215658,-0.05108617234754487,-0.04326852475998333,-0.03757750239361535,-0.035473558889345114,-0.01768990336189713
2020-10-17,-0.0019367908158400837,-0.006196268721428311,0.004158010148663793,-0.010503323454325919,-0.025181911079148023,-0.02898982679838369,-0.016593383946466922,-0.01034035905739028,-0.024390247158488698,0.002075695564299984
2020-10-18,0.007462393613229423,0.015701816099094934,0.00414079266603129,0.004231467225681129,8.48000032815932e-05,0.013991585125221917,0.004735118998264731,0.011431270973580432,0.006153558534177428,0.013274191273731084
2020-10-19,0.012948258243763888,0.011623270649111284,0.016393809775676393,0.005285279883128879,0.0037200759509126158,0.00526557632253688,-0.0010468284251539117,0.0387449506026778,0.03159480173847484,0.01707235816632391
2020-10-20,0.022622502169024727,-0.01059286558202377,-0.008163310639160759,-0.0028602694691595154,-0.014898730215657352,-0.021552010280790235,-0.0077567599142005506,0.055270403499498855,-0.01939194198801797,0.0017235914366224847
2020-10-21,0.04932461517440423,0.027294282284433535,0.03226086221822144,0.059960344540529675,0.036476575274684286,-0.005768348173130988,0.02684637101847276,0.006747810216737982,-0.0020330708821978405,0.06747936652793651
2020-10-22,0.038073564125390646,0.05651020797392459,0.019646997383796494,0.08770043219335832,0.05736661859520531,0.05027878602380742,0.03851190580201003,0.023251895087449626,0.020637541656592262,0.023769255864507954
2020-10-23,0.0005412720023887374,0.015490297137998432,-0.007812539736793633,0.005002457281007899,0.006599143201431623,-0.019881308839436507,-0.009500284122814229,-0.02828812044817841,-0.00030551290225666605,-0.003785842710256837
2020-10-24,0.00693323784940425,-0.0009402345947764346,0.003913899321136283,0.038830535200062855,0.0068897004721852895,-0.009560558249278373,0.013541839593958827,-0.014202085357784,0.01954054960520235,0.013456481699475553
2020-10-25,0.0024536126402310288,-0.00676027528411538,-0.01178795575204239,0.016112686428694012,-0.0020450242745413405,0.0029235397208813296,0.043473443769697084,-0.004055569544193283,0.026134800044848028,-0.007841196714107213
2020-10-26,0.001071565353205628,-0.020108563909144728,-0.01593659226281252,-0.015000281259491821,-0.02409253173183945,-0.023098148137372654,0.005781615756122349,-0.01585499309221472,0.026861087761388625,-0.004331394499998531
2020-10-27,0.02179262999085374,-0.004255256538501229,0.011976191046715767,0.0013020270056935956,-0.010422595447455052,-0.014738684290670712,-0.01759463257331184,-0.011767085196775717,0.004685456822995704,0.038279245466635636
2020-10-28,0.007011291494913863,-0.013891945543782924,-0.020040750883446146,-0.0027623127162277328,0.024096826946236938,-0.029503902816049532,-0.013730798338758454,-0.01893479792996189,-0.037340178565496096,-0.030643930853798906
2020-10-29,-0.010084872384521049,-0.013362602327605444,-0.016326893287428756,-0.035485937970504366,-0.007724637081850005,-0.04255007412518186,-0.02323900934225076,-0.02231653681940493,-0.03735199005979961,0.009888789472414672
2020-10-30,0.008671654848560806,-0.01660679564332046,-0.012422519998557258,-0.027651362868018836,-0.01990121073754203,0.013366423043323472,-0.033338329342474715,0.014042593107299162,-0.027434845298539123,0.0002961550559792414
2020-10-31,0.02230247372423655,0.011499695429057155,0.0,0.0241663781652095,0.003936000387164462,0.015571293622993032,0.011832510741496272,0.026597542464505963,0.01735023848496997,0.015300901374629916
2020-11-01,0.0023992159532983948,0.005805942784745,0.0,-0.002245482816679356,0.003583389678532889,-0.010094581897462263,-0.0025046938174888567,-0.012317487978356745,0.008455072555868526,0.0007436365569537529
2020-11-02,-0.012495139002982825,0.003655814400213231,-0.016807118316381153,-0.007058938455113406,-0.007874505739767557,-0.02217750031568766,-0.01732143509043027,-0.03766559012584558,-0.026349551179612796,-0.016066482050702824
2020-11-03,0.0008084966079309197,-0.02559494061036549,0.016807118316381153,-0.03134122674068385,-0.07254276843112262,-0.06603347653196989,-0.062438447620274395,-0.04136521683861982,-0.03486422257394395,0.02398063108364834
2020-11-04,0.02086665554219813,0.022349982054321593,-0.01257878220686015,0.01086722828437292,-0.018539043034768277,0.004727161681903347,-0.008400358465949331,-0.002511251251501534,0.0035041834499205393,0.009573681895520991
2020-11-05,0.056510628881895286,0.04447129634867064,0.03727139479723163,0.05513963896893914,0.02583828578586722,0.028195406578766846,0.030488055709391837,0.024513186444986346,-0.02977662431871142,0.08526926602648732
2020-11-06,0.057604088723726576,0.07402833573078738,0.05535009508316513,0.07971164923327123,0.03719965387291868,0.0644072219894003,0.052540144677473144,0.0543334717750783,0.034954948099874095,0.018899298107177387
2020-11-07,-0.01448363609205039,0.033577070018592,-0.03922071315328135,0.012637810899910562,0.03490615688734788,0.027934399874728122,0.02237940044971598,0.003659366432438027,-0.007837310501793482,-0.04711712711991822
2020-11-08,-0.010541230944077995,-0.01753814311165236,0.01587334915629013,-0.03278767885787737,-0.004630588351306031,-0.017100463739494032,-0.02256252156653371,-0.02655087696546854,-0.036331613499287485,0.04374632201022255
2020-11-09,0.012363199173233141,0.008204507184619736,-0.011881327886752668,-0.0045797920056180885,0.01528883442754747,0.0031463589120273028,-0.0071680063811925265,0.0020800609389510782,0.01939460042496055,-0.0132504118709873
2020-11-10,-0.003843027038822555,-0.0020297699025428884,0.015810606026642304,-0.02284318294313703,-0.02447253533354843,0.0254959744826202,-0.025254590675715782,0.012099166200012945,0.0017517239878044322,-0.0008243673481551639
2020-11-11,0.01695394562326058,0.03349220221770732,0.003913899321136283,0.017134955821195952,-0.0057002626512385746,-0.015496983492989003,0.0008698173931991349,0.02047813783958219,-0.0018819249749117972,0.025626539147364014
2020-11-12,0.0212044511536984,-0.006029334109872941,-0.003913899321136283,-0.01294264919878696,-0.0055112371038132935,0.030352018274161452,-0.006510439662432255,0.07542351797924152,-0.030620572849043626,0.02650048535415994
2020-11-13,0.022976669002469308,0.014429468986747906,0.03468555798788997,0.08120107609881,-0.0019230775157419444,0.03189620069655508,0.010446660444277,0.022730331917906632,0.00613019850730101,0.009352091719460276
2020-11-14,-0.015092758813647578,-0.006118615158389851,0.018762276455522864,-0.0033139396282981792,0.0023235775628949185,-0.0019029800739973624,-0.004276494011926424,-0.007710618831890947,0.01973076022093334,-0.015527839045354597
2020-11-15,-0.002808552322038693,-0.019542231758149065,0.0037105793965357403,-0.011853186308035113,-0.03487794267442457,-0.018092925385415626,-0.01704119012365002,-0.018624275695411363,0.008597758504452102,-0.011079851153279918
2020-11-16,0.02249507782737048,0.0010505757748138222,0.06453852113757108,0.08742652471456758,-0.004454116723493051,0.026058096538338127,0.007676183526263536,0.04871176958923851,0.009535684496804642,0.04348263695823906
2020-11-17,0.04235589449224619,0.031688207752544884,0.05077232537342313,0.0768070572068833,0.02126760881374068,0.022453420936121127,0.03992637122703435,0.03849872729113457,0.02612262321990233,0.05263431800597562
2020-11-18,0.04618714521028444,0.01581926752492091,-0.030153038170687374,-0.00985550636552368,-0.018392755724378596,-0.02947451296803738,-0.005719503228551304,-0.02481003321826858,0.019075904489294082,0.005308092641872264
2020-11-19,-0.0022397680005514786,-0.007823573884677693,0.030153038170687374,0.052834356211970857,-0.006622125513349175,-0.02023993981327532,-0.003788058301571695,0.010583159677059584,-0.02178317063587709,-0.0010391877316369147
2020-11-20,0.02677002952890639,0.048034731241704876,0.08232494525600287,0.06127065820793565,0.0331244136239226,0.012582995004918551,0.01933121162743312,0.029249496356352545,0.010454216931909954,0.05009519750081548
2020-11-21,0.02068722671432255,0.050106653977320725,0.3373402922312767,0.022540470658645617,0.08659050225125053,0.05767158487403634,0.08554598814072545,0.051598885814194695,0.02661093867499087,0.031162375457618907
2020-11-22,-0.01491881716246013,0.04586540570491948,-0.026375155254394267,-0.0005713537668379232,0.04356432584974268,0.02998935368438893,0.0171173191577072,0.030072564734372698,0.0026892991827427437,-0.008014989127353545
2020-11-23,0.0007051612670494478,0.0690648665504554,0.29655131019256054,0.029956265118411096,0.037746711809396594,0.0550066295122118,0.01886822905241381,0.017801115955734303,0.012179970754186975,0.02660893064719616
2020-11-24,0.021776135352226333,0.03499391891506409,0.1460765442989953,0.03501600883968159,0.1300988726227308,0.11995632790441313,0.0925643805230747,0.16781586359138778,0.05627186469187517,0.03915856622094083
2020-11-25,0.011394932327265295,-0.02635864971463775,-0.0881825658800926,-0.02756759215351856,-0.008505956536906112,0.0063418224722431304,-0.0107489883220806,0.014988443041759503,0.009617650311234627,-0.03313348725643017
2020-11-26,-0.09087186912290868,-0.12769558811008075,-0.18294675218787299,-0.16604423884196517,-0.1958855249583893,-0.1516106733816498,-0.16278451931649496,-0.1836401774800711,-0.1332456363004848,-0.09659004676741212
2020-11-27,-0.024010687525452212,-0.013527104635544518,0.049415359563350414,-0.06255355517762684,-0.04891853614654185,-0.034832138435448634,-0.05897454567140237,-0.00522643582522786,-0.014369403623187615,0.0019094825657530734
2020-11-28,0.018711746431653964,0.02135738189081593,0.11778303565638337,0.02494185979655139,0.01950646541791201,0.04952162068611443,0.011829090058980363,0.07691979862042597,0.023681237480076334,0.041394004678457996
2020-11-29,0.03840743941519342,0.045983360071000234,-0.03883983331626395,0.06413596834981838,0.029454976907126174,0.027166984628856916,0.017730789640346245,0.08976724251540524,0.030999183569213606,0.02480695094665819
2020-11-30,0.0492293675779365,0.07599800754855757,0.09591005984630935,0.07719642039815344,0.06319437074457834,0.03401462515486742,0.05286932941644373,0.03238553160616675,0.02449990536381197,0.07772949071494217
2020-12-01,0.019593062205222722,0.015978792533821284,-0.08442510997941238,0.07469112379533627,0.02083332563862328,0.022067223627161958,0.005644630663725003,-0.016152584402846948,0.02241993892127425,-0.043952073239189815
2020-12-02,-0.017004098193414308,-0.01757174141842377,0.033684018501014545,-0.013940131287542457,-0.043760477691525246,-0.039833753548526474,-0.04410846232317489,-0.05003699749526458,-0.008626507694755148,0.02030242298414109
2020-12-03,0.017211588597726646,0.022030725722597566,-0.004743091896012797,0.015490931618721504,0.001328201477813984,0.005490147462984929,0.005037912628180763,0.016833403827211768,0.014798336479905139,0.012494273167357406
2020-12-04,-0.007653696279533051,-0.014394214363813163,-0.12474062261392899,-0.03301267312450662,-0.009822923127783767,-0.027893192850426907,0.05163754650323593,-0.013769825063594254,0.022801468328824903,-0.04802908384828264
2020-12-05,-0.006975613736425856,-0.01671146820990277,0.04218551692462702,-0.03914823422182234,-0.018778335201564467,-0.033716341526104365,0.004716596337247303,-0.03768425355557525,-0.016898286241029403,0.025793845908797408
2020-12-06,0.007915954417981652,0.01473734896749157,0.06496872118722608,0.007412734855173575,0.0066692239936596565,0.008222428854970154,-0.008391797918138266,0.008807418073840445,0.012569357200528763,0.012289002403042204
2020-12-07,0.002919862338293555,-0.0033824773712023415,-0.017901210329240247,0.007561813591193456,0.00036103424433875375,0.0385583999816177,0.01248407068416757,0.002879531862357787,0.05485787386363761,-0.00814915047627629
2020-12-08,-0.013207046954416768,-0.02533334498176565,-0.08031641781620585,-0.030707660642811163,-0.030436482334970982,-0.025723317270604618,-0.022516941357599407,-0.04012050853892912,-0.007435515217133037,-0.05175074744848551
2020-12-09,-0.0366431884458418,-0.03473661852687293,0.03496859783774664,-0.06037533523397798,-0.04266564963719688,-0.051648535465854906,-0.0460579949008606,-0.0502083093268455,-0.04459240785624541,0.016531536252077927
2020-12-10,0.0022412341630833055,0.00532466579609725,-0.010362787035546606,-0.010484142477585223,0.0020564901541852976,-0.022542073348291503,-0.009132429264873565,0.0012089118592326642,0.0029050654778668417,-0.016528956002890283
2020-12-11,-0.02018710657180378,-0.02932151953906903,-0.04618938246937454,-0.04842831427751815,-0.02370466698729423,-0.051997711706608385,-0.029107000481793044,-0.022676022037350307,0.007960675279321983,-0.017634459731375784
2020-12-12,0.028777383938457746,0.02295785359317204,-0.08535984895115678,0.04830899440067338,0.0253625963843902,0.021821969960909016,0.01269714786927345,0.0462182058428775,0.08847857758683553,0.03383477402034707
2020-12-13,0.03432191949468688,0.03907611950505441,0.009852296443011554,0.05363797066194831,0.027520084158602742,0.026267077528729033,0.01848027761009341,0.011267052041304737,0.008667406210206785,0.02221363371678997
2020-12-14,0.0026120587414357743,0.006317188076923941,-0.02180462996685273,0.019795481824604444,-0.006603321976618837,0.0030182979208381866,-0.008517923768971869,-0.0052698452487556224,0.04518713887248271,0.0025150272329579337
2020-12-15,0.009657395929897561,0.004668868277995841,-0.062003327305239386,0.011574983016439333,0.049339702198315294,0.0063487578669505496,0.014727296966611902,-0.0011633101637009702,-0.0044494752613237765,0.004755933772701226
2020-12-16,0.035730773785696,0.026021959145075435,0.17375619393503172,0.02788499037376102,0.027780187663617895,0.020471454301817182,0.017824172236808877,0.025609541649370904,-0.00551268590434173,0.09298671387206703
2020-12-17,0.11928318678314476,0.07716871743498466,0.03001107841603934,0.152933478714389,0.07217904290967603,0.0730171959211745,0.05625121972892266,0.07855093185257012,0.03817402424376404,0.05434854509425868
2020-12-18,0.01213948757196981,-0.007517448019187967,0.008658062743114536,0.08828187085440131,-0.009736294815094304,-0.004011798436755143,-0.01599661511282502,0.014983085386743866,-0.01177878904069729,0.014119142650480754
2020-12-19,0.020210576483025378,0.015210364120931352,-0.0017256259674697239,0.04590993988958125,0.014720462970031711,0.0021425258999343555,-0.006904257178447892,-0.0038173806287407075,-0.0007803954826091086,0.027808452311392173
2020-12-20,0.01078097157760105,-0.011379095580474896,-0.04233436382656053,0.04165492162475193,0.07195891839889068,0.0013451529449248767,0.022840363411576803,0.013183324252283413,-0.013756438644824343,-0.017216156476173694
2020-12-21,-0.014386280431532228,-0.03816825125052681,-0.06513930217096153,-0.06453283801162524,-0.0035296937660609373,-0.03808627332848413,-0.015589627183262067,-0.0049199577014347184,-0.03505100346231327,-0.035322023459603
2020-12-22,-0.007466425139398325,-0.016942718125577017,-0.14680592383321878,-0.030203793108645627,-0.0825132042954575,-0.06755657439405649,-0.05607044816910811,-0.05697528072353997,0.008597182113183166,0.03303375959088761
2020-12-23,0.02049550797520716,-0.0028366685905512057,-0.5086009287438795,0.018717297734787586,-0.041464343460409836,-0.045606228371369184,-0.03348898078786,-0.03386835994363846,0.06089458165518202,-0.04552926307070315
2020-12-24,-0.010881500187533533,-0.0397935875974218,0.3069398890561954,-0.033112418902382146,-0.0561759297615545,-0.0920379276190264,-0.044280116548947035,-0.0505503420811797,-0.04633198798173854,0.031247039467482196
2020-12-25,0.029841605729783893,0.047568666140604066,-0.16878955057537826,0.10228003758117765,0.08174183062682605,0.07315842256704386,0.04481773126321453,0.05895354246051454,0.024443896069628046,0.03099490677641903
2020-12-26,0.05031001013920111,0.02282964686961897,-0.05299253014051031,0.10873065114650426,0.03992054812796386,0.04852226023529571,0.0037734858647153757,0.05840269822557076,0.04877735030996089,0.05673098393027409
2020-12-27,0.06918821646945084,0.04709511945525424,-0.02061928720273576,0.01818800661649167,0.05692652901681239,0.020123157146368698,0.021304874899438886,0.00947581505790307,0.004316899515365513,0.013741047853214283
2020-12-28,-0.003071857927341881,0.09041686378787173,-0.1740227539792596,-0.008206194209777529,0.05458870631818069,0.021911952147426916,0.009496837614408449,0.004945580912498748,-0.008192991843112729,0.02539968425655026
2020-12-29,-0.011182463328635706,-0.007258597315992432,-0.11365931847252142,-0.035803735813898285,-0.03325649338006631,-0.05129252829158659,-0.043587778133680644,-0.042838254070376,-0.017051132823475257,0.009763239483566721
2020-12-30,0.05292626578391335,0.02270996222150412,-0.023420274208098446,0.008872167683136922,0.02049645495970065,-0.015954129546385865,0.01749661294620619,-0.011604604570496058,0.0008968498751391607,0.041085611420294654
2020-12-31,0.026245278774148062,0.00703547434089824,0.04630456804168648,-0.01595222215329528,-0.015900136012080957,-0.020891445522055463,-0.01080150298984428,-0.027629659465867817,-0.014169160714696538,0.004556346343399298
2021-01-01,0.013210595315063856,-0.00561790108628113,0.06142281262640603,0.016445428828629538,-0.007831571243690938,0.007428030891059478,0.002604486566780473,-0.01230613357663124,-0.012248421979354163,0.008062046527024691
2021-01-02,0.048138974096605835,0.017424166624634196,-0.06142281262640603,0.013796860244640108,0.007802837923381212,-0.09152871861058998,-0.0034067623783284873,-0.1029571781046057,-0.12646497134728207,0.08324575093634934
2021-01-03,0.08590066255577966,0.13388935432644278,0.03555930203648683,0.12612126458256334,0.09933706080157378,0.0064806583354695135,0.022655278727848227,-0.005187109573659754,0.009098126892425284,0.060383145953222694
2021-01-04,-0.04897250437191758,0.16480466075579692,0.030109801471370323,0.05815142205605106,0.06989333403600906,0.028787737310330463,0.020511715630864735,0.016252462458540506,-0.017262745573648708,-0.03352061920770133
2021-01-05,0.012105476669102444,0.042600826889695576,-0.043296805753324064,-0.00753373265419377,-0.007957417540536582,-0.010403302042145235,-0.025296744108084468,-0.012749911312873508,-0.025126559298541906,0.0754198548906917
2021-01-06,0.07777390369690274,0.0739725533709299,0.10491793985949793,0.050911878060216686,0.05759794801686802,0.03960209646369339,0.04766527708073731,0.04154591093952664,0.026157182039344917,0.07930905386223941
2021-01-07,0.08718111832575737,0.07051753020017415,0.2334488347454966,0.04267667251086493,0.044911558392263906,0.10319059393465846,0.03116611579308426,0.08076304101116705,0.05988820249619131,0.0608195858132774
2021-01-08,0.04524146561611708,-0.015709293705179483,0.009419221916491693,-0.012078472233118198,-0.04385480511039486,-0.02383901353713469,-0.041217900652097406,-0.03161369860665886,-0.012191347166940147,0.024297807286917106
2021-01-09,0.015041253376288921,0.019802627296179764,0.024692612590371477,0.018958977488396478,0.07848327642198338,0.06934622943923507,0.27390462889027933,0.0511858128453353,0.004330019032513732,0.007043362661487862
2021-01-10,-0.01655034594367777,0.06254511405257368,-0.03727139479723163,0.029134459410490088,0.23360721136916318,0.19036732794791167,0.15100709895094155,0.2927112320384353,0.11362017082400833,-0.043114442041712664
2021-01-11,-0.14649882325233854,-0.19514323549409784,-0.09278173345096619,-0.23037802646071093,-0.19726157306167202,0.030462557021135872,-0.29121009143806287,-0.08767102212447941,-0.020601876913603157,-0.09087372960626539
2021-01-12,0.01575746373127629,0.012975158863133274,0.006920442844573715,-0.012331926245877867,-0.028333661426068524,0.07551223764027526,-0.036465869550119656,0.005344577618645374,0.02931084889084712,-0.048133780020238603
2021-01-13,-0.005955738117220832,-0.0176502491921271,0.050430853626892036,-0.005717020209615065,0.003517428179273807,0.1065814866058803,0.0817116466640675,0.034168032205287524,-0.005322385296469889,0.09796665710208785
2021-01-14,0.10514406075535909,0.09129771017031452,-0.03333642026759187,0.08356138966823679,0.06846738085825343,0.05291546978748496,0.03475285385441218,0.02141966536648443,0.025948435371487832,0.0515918447661079
2021-01-15,-0.02629410210960792,0.02283397303850876,-0.05576357451845415,-0.018442958614386384,-0.01935360305057454,-0.05760501864772216,-0.01727546816783221,-0.037822243841412195,-0.03661659254343075,-0.05688582971581013
2021-01-16,-0.017025922651026093,0.01740615847695004,0.007142887512380236,-0.00593558875085165,-0.008724439175192167,-0.0022166918389761037,-0.012420912696261333,-0.013573640669571674,-0.014863389732573395,0.005099728417157223
2021-01-17,-0.03275817460647801,0.006552029991300223,-0.010733555643108739,-0.02131948421809149,-0.028266479933028776,-0.028827972105864852,-0.03198842228936272,-0.018865843499994206,-0.013732846909578988,-0.000984852044098261
2021-01-18,0.010345737207712702,0.0016313217320842455,0.024868066578013215,0.01953948230486713,0.012101090266480874,-0.002024792278709775,0.013534535686527072,0.014180655185494828,-0.006288660943190472,0.012762442821030007
2021-01-19,0.02254806556080524,0.10950838057753742,0.03448617607116944,0.09081265788949455,0.07425122782044458,0.025629786545384725,0.028829647953042326,0.0344384171581531,0.012136219271054571,0.004197224825420065
2021-01-20,-0.047008363130965236,-0.024400471191857953,0.0,-0.07081798453619648,-0.0536445774871277,-0.07379609089289474,-0.05604908789833818,-0.08111157261455126,-0.026188033641676434,-0.010782463908279638
2021-01-21,-0.06476787698037434,-0.06493780243654701,-0.0922639767379807,-0.07456760799120499,-0.08147906106572567,-0.07600492087694821,-0.050871540149281635,-0.09086654169650288,-0.0705469751944321,-0.14643591303075176
2021-01-22,-0.03456174166906223,-0.04743325770749607,0.011090686694158247,-0.0046163561863235,-0.061586904815677634,-0.06443092330303912,-0.05945430940055196,-0.07219463061419873,-0.06344290769520455,0.06458620677832272
2021-01-23,0.015484381346569265,0.03941396854087653,0.0,0.013195194750177386,0.0038036669163092895,0.017781754065901545,-0.021062043049148826,0.036313298526603255,0.033050635691236785,-0.016679226688964377
2021-01-24,-0.0032824480591582272,0.06015089022389031,0.0073260400920729385,0.0022087213868680067,0.007219314780941843,0.020135519933259793,0.0029599168694876,0.011240092732350604,0.006735782373501031,0.026010812710948628
2021-01-25,0.03402974858631147,0.061738927385146525,-0.018416726786231186,0.026522991712374377,0.03340178862718002,0.03238165821567218,0.015715267995520144,0.01785968843870478,0.010528560251714225,-0.007177242718086063
2021-01-26,-0.03990928209675815,-0.055692045770253884,-0.003724399090982322,-0.0580018814642278,-0.04880095116229821,-0.04788020728049425,-0.01416696050206756,-0.046951854895792344,-0.019548764952988407,0.008058797081250901
2021-01-27,-0.027776048589361224,-0.03449939685159187,-0.06952606264861028,-0.059706798018175355,-0.07739812564185389,-0.05466922035809407,-0.05257915652603984,-0.044871079091059585,-0.043219899615877466,-0.07445901141607969
2021-01-28,0.018529348324246797,0.021605778714581803,0.06203539091945265,0.017055602778919265,-0.008857947712822778,0.003754342722771753,0.007970326567113162,0.017594707034287893,-0.001198531563201044,0.08275264696018247
2021-01-29,0.09818024563623062,0.038192586456268884,0.058410762156414275,0.0615829596788231,0.049113054946433365,0.034648725068512576,0.039208038889353425,0.0379647919111159,0.055946622865661766,0.029605063219175776
2021-01-30,-0.028196975894683618,0.0,0.412532275331257,-0.03872044896902427,-0.016894622314198138,-0.020851606617268814,0.01196302281014816,-0.013206960432848192,-0.0033573845400125535,0.008136145159948427
2021-01-31,-0.01795337808513331,-0.017043761963292603,0.152136580455557,-0.014361987489262873,-0.005908794569046805,0.005912654747363355,0.00712441185612267,-0.0022440402123820036,-0.01567714622952998,-0.03151401674562848
2021-02-01,0.00741593498928772,-0.01051850419121969,-0.2769867833350329,0.004769551341727407,0.015039283713799811,0.023768673199062285,0.008369615604486569,0.00044533943345292926,0.03562619010032719,0.012452364760802581
2021-02-02,0.028895123306366344,0.08329097039041411,-0.005333345975362613,0.06496231547766929,0.03158678630206957,0.0543228143432124,0.006001761539051742,0.03279138397283976,0.03156602726624236,0.06837313616048846
2021-02-03,0.052258552380854084,0.08903619617090985,0.06219620786990587,0.08516072963052412,0.03928788753572743,0.038255767511639505,0.021343433159047187,0.07134493979888124,0.04830670441260043,0.05895748836693926
2021-02-04,0.02645942695114023,0.044755760141194756,0.1272301745477934,-0.016635569373827153,-0.017549122400272843,-0.030473627069584452,-0.013562545224679923,-0.008381882303169164,-0.012235656593126087,-0.013750654007907315
2021-02-05,0.0020495901341632816,0.017475587849948404,-0.004434597067865753,0.012420044754095194,0.005344370427640577,0.008087767267864088,0.0055405774367098815,0.025203682366163882,-9.236839160209342e-05,0.040856784227653264
2021-02-06,0.056752083053027036,0.01010409784915911,-0.011173300598125158,0.04908557864751906,0.08302967652560955,0.03814095385660998,0.041925337409137065,0.02102964513247496,0.025696299292785163,0.023507371230580887
2021-02-07,-0.027973495677441562,-0.049085890920070874,-0.053068968130228544,-0.04788497952315218,-0.04826954808437023,-0.04129700871813213,-0.03073426085277564,-0.015803144947669878,-0.02611206267002153,-0.018544149817085298
2021-02-08,0.05565015042674837,0.031185651634785927,0.06867686579621946,0.026395305096428068,0.018694316539838773,0.018958015045396515,0.01610328598160482,0.022232043459864848,0.016691927883199398,0.14969626296828586
2021-02-09,0.1317397103185698,0.05390877530793947,0.043296805753324175,0.09224149210482846,0.07778154819891014,0.09530536800579537,0.1408510676781658,0.07526296428682233,0.0687119653746171,0.01563382583416839
2021-02-10,-0.019817194044662756,0.00795458739846211,0.07546903096496738,0.07366999001864993,0.019447299538243534,0.08811828243659381,0.015126788403417635,0.0606915405436661,0.04579470136455921,-0.01679736726237202
2021-02-11,0.010303767006789144,-0.0016992357529597157,0.03475253199083961,0.0057329436985353865,0.025282937938606587,0.12581552849812372,-0.0041600889261088625,0.09464915588205525,0.04703091191643605,0.048159936249255964
2021-02-12,0.028777430768897716,0.01686380605200455,0.15116438739484905,0.010057312497886883,0.04480244058550564,0.09998392195712569,0.029830387438077643,0.08332568667151818,0.11439094510217984,0.007426246728318375
2021-02-13,-0.00678912135625076,0.016035732059921592,0.027354883449366985,0.10963842048192696,0.09174999529627215,0.11611377740831408,0.07445173788283554,0.271197574822275,0.06905855206916733,-0.0035464781612493113
2021-02-14,0.027172522580885428,0.000548395955613401,-0.05380270599297632,0.05357389873304985,0.1632839644011117,0.048151136304947606,0.09510875419981435,0.12400020277590507,0.06785756679701826,0.02181824980424274
2021-02-15,-0.014872244499233744,-0.024418527348145425,-0.0856418264445864,-0.05414504346176763,0.014973380729404795,-0.06582198463506117,-0.08138469768096623,0.018908506593311003,-0.0536968908415858,-0.01640968687443589
2021-02-16,0.020518207246485787,0.001122964744623367,-0.048607699065376875,0.014763686524996267,-0.0016624098887882965,0.015069544958651981,-0.014473866512364708,0.04106306135172222,0.011362503794133616,0.021948509943578998
2021-02-17,0.041151963618327514,0.011160830137528777,0.03019097227914569,0.04593605253508937,0.0014635742751236691,0.007864654152221817,-0.004136115461899514,-0.020415489262290087,0.09618860117846939,0.05472455181840985
2021-02-18,0.01953407508572269,0.057682385557464855,-0.009337135995939883,0.036840809548740694,0.0017486796010244277,0.04125182752703971,0.017203891409470984,0.08569231877956973,0.06864219276260819,0.004551195184383516
2021-02-19,0.022047597012695874,0.014044444110774101,0.06183787956190734,0.010173001267279602,0.002244420479874165,0.05516391681900856,-0.0134864227297955,0.12235470350395428,0.021777950955303993,0.08300969451596352
2021-02-20,0.05881142090997393,0.027510649882016125,-0.09619240306401577,0.026190443684229514,0.009108616122349034,-0.012570192629739019,0.013052751862816514,0.015265432351300845,0.006331481242143333,-0.004829052121518629
2021-02-21,0.013240082549907939,-0.02338693269815373,0.06393154084579455,-0.04454892216088169,-0.03190205070477514,-0.06488407122906725,-0.033394821406721675,-0.0480394421677941,-0.06394105525182159,0.02476371414781653
2021-02-22,-0.041043424807341466,-0.07031649841746024,0.03753791931906503,-0.07204486464629145,-0.0686001105774885,-0.09525518925963006,-0.04871210369918266,-0.09020034311617575,-0.10069858398335985,-0.06315794138149577
2021-02-23,-0.11096126566205555,-0.1433555882605706,-0.1929036661244915,-0.16037485960040065,-0.2032146930109251,-0.1714580023946386,-0.17644217534660545,-0.17485701645456242,-0.1243168729869435,-0.12085918578527632
2021-02-24,0.016381692841953566,0.03934319462811153,0.0021253993123134807,0.005320175302490959,0.005405591403525811,0.03269562749423738,0.023246872249816697,0.04093873064735298,0.054579372012129035,0.031781804703143735
2021-02-25,0.004048831972689015,-0.017295057406348846,-0.07263918363997157,0.03741968115115135,-0.00502281627923562,0.029638560759181587,0.002368590917252611,-0.019306685247842736,-0.03404234304260001,-0.06273765554020194
2021-02-26,-0.06923293870692504,-0.08040622129631725,-0.025434897147821656,-0.08308812165507273,-0.08596870253048916,-0.1083733650774068,-0.06569315481441418,-0.10228333415682478,-0.013468020454445728,-0.005544538856517178
2021-02-27,0.010194811782326951,0.0033704110099055384,0.01856201786005962,0.008505215530909105,0.009642254950130713,0.022410850168679275,0.02013959992261327,0.004673789344519896,0.05231949892142573,0.005756153109519602
2021-02-28,-0.0501257753887856,-0.07400444712645449,-0.04225980928988271,-0.07547167215566208,-0.07173934768455315,-0.07993788194621221,-0.040687523748693444,-0.08655666814151886,-0.020771354165957767,-0.0343726402702611
2021-03-01,0.05975544814625522,0.08004270767353638,0.06947237281476748,0.046103107436271884,0.0490715060377207,0.03191486967025625,0.01851589662217723,0.05641061728536201,0.040441070853624694,0.09770009754244668
2021-03-02,0.0218066491828246,0.030305349495328926,-0.02721256352488477,0.03785875468748756,0.07144453756724989,0.04376625849442739,0.021430700068524544,0.05267832320305921,0.015217675136409703,-0.027159607119266127
2021-03-03,0.035849027968289704,0.024360178935526555,0.0361213084139943,0.07301099937624933,0.03151969820913347,0.041419359930290334,0.021733063844068923,0.028134061238709762,-0.0028278514824293666,0.03992826928991455
2021-03-04,-0.019815721061227975,-0.011465093740209653,0.06231876439925821,-0.02341140605575287,-0.034421049517355584,-0.027286604836496586,-0.020240953907986636,-0.03693542086632107,-0.026487203952035188,-0.03647651888463699
2021-03-05,-0.03517443520764907,-0.04520913975172647,-0.05348868495098613,-0.05598186754445855,-0.05051925424299242,-0.04223542803762115,-0.0332346999442823,-0.0626210008278214,-0.041041610886024316,-0.0008936484180690485
2021-03-06,0.01831826923048041,0.05794005644576661,0.019587133275304813,0.03393065436280285,0.016605639259068994,0.0367120084628878,0.008558158662984816,0.015599380572902,-0.019960723140452608,0.01627230902813359
2021-03-07,0.03245716906965157,0.051767565205071975,0.002152853361101048,0.026455273320899586,0.023255105808402732,0.029135549960481733,0.014141038897520275,0.015407196778607357,0.014193009158289804,0.03883063843936618
2021-03-08,0.011567692274002894,0.041182289966415375,0.021277398447284823,0.004630754500555945,0.01253031076744282,0.010623685534318916,0.0024373698300310664,0.008250634191425021,0.02174160148135318,0.025031693331721172
2021-03-09,0.06094661773056487,0.05385485229355069,0.020834086902841942,0.0587951235113211,0.04251168190065968,0.044672629764288985,0.02041453774832469,0.08508351240227352,0.05703252335554865,0.045636110194704926
2021-03-10,0.025375246717095123,-0.00437876999584752,-0.04858399985574424,0.011051165930496154,0.008165411624534435,0.014897633618002004,0.00940046223571489,0.029810654685523907,-0.011601225372824153,0.009244091361660267
2021-03-11,0.01626984464203396,-0.01715118114378722,-0.02188271124950769,-0.009861973332654372,0.005417804794105585,0.07467117099067622,-0.011815264214806831,-0.013809627673960989,-0.00328951396346433,0.023995887413198247
2021-03-12,0.010185404223182815,-0.006157310245214376,-0.029182766757059775,0.05717408113815736,-0.01063153274534212,0.02166745235814105,-0.012189333493222598,-0.03309680096575196,0.004321776793157817,-0.01508751171763123
2021-03-13,0.03342524778480005,0.03204694131465935,0.04672707640796936,0.05616071924046562,0.04824706860592176,-0.00889408270552039,0.10065723483246103,0.016577276548022546,0.03274486243046226,0.06922761181545134
2021-03-14,0.02856450548239131,0.02417523053198778,-0.03090753746307673,-0.008457349628372413,0.02160417685680649,0.012578950895528074,0.019183612577647224,0.03502246459186065,0.028693951706980414,-0.030838000718798497
2021-03-15,-0.057233313904330174,-0.04616622118577496,-0.01581953894489263,-0.06610658843890072,-0.08030476978980783,-0.07546613699379634,-0.08362617560771302,-0.05953184405040357,-0.051295310144273465,-0.05347251641878614
2021-03-16,-0.03150076823298242,-0.01005595066087217,0.044550796985373786,-0.03333674870458658,-0.01950678879921597,-0.016971667814392077,0.00923145853158669,-0.026293154875576263,-0.007224532687263974,0.01402022181310869
2021-03-17,0.014299157313118371,0.002243410924077871,0.02155255838573411,0.0013514259598528255,0.0027600220850647617,0.022510696920064355,-0.0007763975545280744,0.020135406935883005,0.04618833281539114,0.036502765093338496
2021-03-18,0.040838382864153644,0.012249596378489436,0.0,0.01939317223354653,0.004517443139785193,0.03703555500996636,0.023650788210639817,0.01898613801466542,0.01087081334918949,-0.02216687725525901
2021-03-19,-0.003408850887803183,-0.0016615899696601488,-0.0064171343206334,-0.011163985071852345,0.00497648503097281,0.010398707220899084,0.07550019689312126,-0.0026577652336765567,-0.01353256360763222,0.009990746759418911
2021-03-20,0.00850894466972818,0.01867160229306375,0.1249106495806156,0.005456965218173515,0.022420234220342117,0.054866024112432576,-0.000220417715911303,0.014766534382010477,0.010844080212348395,0.00229060361841249
2021-03-21,-0.025380629946868183,-0.02758034718217317,-0.013346241952894577,-0.030045404165869982,-0.028337674390137124,-0.03204007385058727,-0.04852051083646547,-0.03080081965647974,-0.008953810221372649,-0.014981358707904846
2021-03-22,-0.008799047165176432,-0.012380574569553993,0.05960795976896793,-0.015004213033279257,-0.008223503301593382,-0.024360451253477855,0.010066829243160491,-0.02851054941267339,-0.013010472847940768,-0.048560632864292685
2021-03-23,-0.037708503480754274,-0.042805840997736766,0.0018066852249490895,-0.039274598197913235,-0.0054361256361801225,-0.046571693785333323,0.045170967218726155,-0.0427248537126772,-0.04420221800821622,-0.00573420987303308
2021-03-24,0.008084383354558966,-0.007117467768863683,-0.13507978003065224,0.02295120946610396,-0.011526010521917485,-0.017681573020135843,-0.011658934039251001,-0.006884130381505926,0.007785714959082313,-0.041023699008785997
2021-03-25,-0.056246762392296645,-0.05380270599297621,0.05623971832287611,-0.08912257816452396,-0.08557208565037655,-0.10894374855389888,-0.09658127298575003,-0.09071741594318272,-0.02083184571139718,-0.019424900077353868
2021-03-26,0.020525712294681142,0.029705154413915302,0.09495500310018246,0.022833090695428382,0.03145274305852208,0.040058484356587876,0.023954776948571066,0.03636915121290585,0.02252013693295396,0.07104853256319643
2021-03-27,0.03630119116068009,0.03475484605304846,-0.027004341191674608,0.022290465218658184,0.025420688212149045,0.024705734638445165,0.01230143058795985,0.015253754539464204,-0.003638122249401299,0.012687404788223944
2021-03-28,0.011890960754953994,0.0017652255245694803,-0.0018264845260343998,0.00935259400957289,-0.001503422071168714,0.026179682487208922,-0.0024763158676606167,0.008787604364587587,0.013954658196733583,-0.0049342877420262
2021-03-29,0.019070159717278656,0.032391495791235236,0.03591050130577067,0.04630348672577078,0.026672892708013762,0.09001054558790056,0.02212313792360998,0.046533783352506575,0.052196146575749225,0.039604014920284314
2021-03-30,0.024971148010092037,0.03851997296781651,-0.007079675588061662,0.00960377286397307,0.02266095976044813,0.02022668167389874,0.01652447323774897,0.017440690899895195,0.01887471788502726,0.018881339050105694
2021-03-31,0.00599750620892614,0.013057856917456867,0.010600805986640593,-0.005226515160805079,0.0026525998526345518,0.01575727524817605,0.021643043982789933,-0.0008806980916631346,0.0494432836417662,0.010026463531195517
2021-04-01,0.0028579224678146886,0.04698673717028168,0.00350877552967932,0.02621069507791951,0.0336687377559004,0.04071693627947681,0.04741098948524858,0.0666187375292644,-0.007455498887527945,0.008490413158570576
2021-04-02,0.006738136452636212,0.04339732429798726,0.05949077641330425,0.03404487344713214,0.048035170988111275,0.07623386801213883,0.07126998247379657,0.04481027993570219,0.02129040082754141,0.02020170297568491
2021-04-03,-0.00563458034366171,0.031115782015926463,-0.04557750849631925,0.02000990710679673,0.004804250418993128,-0.011656928775090947,-0.0011757198438564487,0.001758304481269235,0.018517468080288424,-0.03624568774703718
2021-04-04,-0.021057380538472614,-0.01982177539716723,0.09074647686423076,-0.044041661432068224,-0.03541418494482507,0.07759263736140731,-0.0553321963029525,0.04104993099106835,-0.004238477108060579,0.024171744441165544
2021-04-05,0.0065636300930691505,0.010201691586144257,0.3547804059549506,0.034707341259894164,0.07311660406097076,0.03375245168971652,0.05515992124228308,0.05669638187914483,0.020070143451133227,0.02077308636039099
2021-04-06,0.0064353047176624045,0.021043339870513655,0.19805262932068335,0.09746632864215421,0.08811877796573242,0.0029678366310221804,0.06786689060216133,0.026694176960122995,0.016619302282263604,0.004934130494058664
2021-04-07,-0.0256950820520494,-0.03908820891768361,-0.17616991807117566,-0.010080301780481804,-0.01271410769562209,-0.06344221354304924,-0.022550763525080342,-0.01709456011225363,-0.00022687586454228637,-0.04528899669203312
2021-04-08,0.003486552286627642,-0.0019704439872993973,0.12688053675461292,-0.015691769404552858,-0.018429704182106654,-0.003773800671340588,-0.027519461922608457,-0.02205984316849996,-0.017622064245728097,0.03856058444779542
2021-04-09,0.017905752039567346,0.023392879574705816,-0.022169582665582246,0.006421047685344128,0.012550619576765065,0.0697670827768837,0.04250680813913643,0.022014971613319112,0.04368195562755961,0.0017320990765341548
2021-04-10,0.028068749323278297,0.029895464796626747,0.29205844705157985,0.03910916818001109,0.032670468484266024,0.05136679647840392,0.05732873896244772,0.02416129707572079,0.046517050526801995,0.03841149455771031
2021-04-11,-0.0012034098059352516,0.0004673989334911255,-0.02207595169919979,0.07836395157379705,0.045112462631968775,0.09446090250900419,0.028813858330874353,0.04366969750780747,0.04935732815727345,0.009082310315596587
2021-04-12,0.005237622688891719,0.0032656898628840025,0.08552217343816193,-0.013814469992600387,-0.01624555275891648,0.012960910648822654,-0.039688042173173343,-0.0066469420348314046,0.07394990999544948,0.008762511869685241
2021-04-13,0.0333917835592068,0.035235857491692,0.1965639135094978,0.04552287712801473,0.0436955673363304,0.0010439205962411435,0.0397678932147274,0.010075801854949162,-0.027099930323642774,0.06199742340118064
2021-04-14,0.02052832325575693,0.058082247565658385,0.030941694884877746,0.03995387169765774,0.1267825740866,0.01869849101222787,0.1282821609036935,0.04887704920499836,0.011042619927434494,0.004071207013707223
2021-04-15,-0.008532785649620678,0.0427717259902769,-0.04393255817807429,0.01882860758777216,0.028481792985905585,0.0758079583367186,0.08218575698019936,0.0339731764098552,0.030143654118490737,0.008749165430963046
2021-04-16,-0.01874402947541931,-0.010625355378936163,-0.1219845729035598,0.05370512347252898,0.15069712517051848,0.03663883202749307,0.1221819545790579,0.11501623166634989,0.008123082411993998,-0.028528390805430348
2021-04-17,-0.006924830169053209,-0.005355316609414018,-0.004505961920705959,0.08495669149122964,0.13275105704064138,0.10245916571774583,0.07123154298640166,0.08044217689895383,0.0685110333449277,-0.021820304770578502
2021-04-18,-0.0890286693816904,-0.10348060038811457,-0.09395625806047836,-0.1699929238074569,-0.17611571630558664,-0.16028632551370414,-0.25307333397179477,-0.20590116468307684,-0.09714140645347946,-0.06573140106101327
2021-04-19,0.005405899179061535,0.013648983501106215,-0.06894225010953298,0.003167250844936298,0.03502629941896451,0.02163447388466011,-0.01712925340171001,-0.00669461830658058,0.04954918616191151,-0.01737070923277706
2021-04-20,-0.015531342986774277,-0.010447517240502968,0.04382431675000786,-0.05162328262383298,-0.04243395469367606,-0.06305523270940672,-0.06695912086922817,-0.007951814025645376,0.07421570837831126,0.03135283587020865
2021-04-21,-0.0011895108188184622,0.07051378432765798,-0.05374427600669057,0.03203942424508899,0.03995373375165556,0.05570501158975194,0.030029996847204643,0.03288608813195282,0.0804294164821302,-0.03174069161027049
2021-04-22,-0.03002129105283302,0.05384323202082264,-0.11443358996793385,0.01778001551941344,-0.03350124702704882,-0.026935787561400026,-0.018028988858778128,-0.05337713186774895,-0.054923103258511574,-0.03395167683362743
2021-04-23,-0.07565586485421605,-0.08452180991334313,-0.0025828684182541972,-0.13658007479670076,-0.14548802785097958,-0.14258191482973892,-0.21203021762527197,-0.1502015099371672,-0.12754048733420476,-0.015593762995758098
2021-04-24,0.0037211950750837275,-0.007929556967714468,-0.09487923819024346,-0.016366442277217175,-0.0034563494382577886,0.003116614548002161,-0.014040388337628329,-0.024855193201179127,0.1031376449914525,-0.03467773876402269
2021-04-25,-0.00842245338234271,-0.0008849558099663923,-0.022042099868658745,-0.018214594652722127,-0.023853595806711425,-0.016156603116974644,-1.682276793513182e-05,0.027032082823382986,0.0221576423040446,-0.010538550771386213
2021-04-26,0.0651525460903013,0.08929591315401897,0.27745554066794964,0.06288775065661856,0.06304130796607765,0.07034061976594241,0.06987708510946167,0.049047983772706694,0.006791786497584162,0.10135736791627004
2021-04-27,0.029430565406252995,0.04046565573548744,0.029658593393003196,0.05300818654427086,0.06605254845414965,0.056045510718479186,0.07771100024297084,0.05701210196388651,0.054688141813231006,0.028882844852422096
2021-04-28,0.0036939548989813886,0.03926557397259689,-0.02819124169905346,0.007564214001354763,0.02612862488411949,0.017743164225923813,0.04234761863190961,0.0057699578898962045,0.051370118995446745,0.0033792470413622766
2021-04-29,-0.016452945765690785,0.022547619412334186,0.024621084390348047,-0.004025819158290922,-0.020800323299805967,-0.012614461619176787,-0.013714196479453378,-0.018161384823562443,-0.022054909612196028,-0.00801092015566418
2021-04-30,0.02508583140360443,0.006920442844573493,0.12994844361057284,0.03494666577143235,0.057080712235785036,0.021901525305751512,0.05184323306209837,0.08922132785337222,-0.0005776208492411783,0.06151668070616445
2021-05-01,0.044714517391419406,0.039150907561825044,0.04062096929091186,0.02784925844660613,0.06587514495705893,0.0552034357016451,0.08612793477355751,0.02918218616568602,0.029849892844511672,0.013017929581497611
2021-05-02,-0.01617173066383515,0.020384191720829392,-0.06028541517980818,-0.004054331305223258,0.0,-0.013857719557224257,0.01921249229358324,-0.011816027363258819,-0.028137418288983973,-0.016834074466936855
2021-05-03,0.018332510767985255,0.07825219689974805,-0.0025657486814337216,0.0414370670989177,0.011916724933462852,0.007425622448582914,0.061100258556607834,0.04147591485694946,0.005881531263340456,0.04679830303146382
2021-05-04,-0.04600705346446787,0.056261954792912405,-0.11345714570926096,0.0610893207653751,-0.03219385040048195,-0.02839360642903621,-0.00568556463930836,0.056749509080288085,-0.046893184649671404,-0.06210267369481315
2021-05-05,0.010145796690764541,0.004771855162776006,0.1494118227051568,0.12683542939876435,0.19491019377709407,0.10979294290077046,0.0852901036501601,0.13403129795589486,0.016440633802626614,0.08076601704402542
2021-05-06,0.019531663202879912,0.03536829260302987,-0.004968954323187114,0.0041236446172838725,0.1615536987117112,0.08404571654711557,0.08694854762630566,0.023055258526780698,0.037683198680591445,-0.007396763457144573
2021-05-07,-0.0027418464871047377,-0.003452247387230045,-0.014424834625694882,0.03563576791720369,-0.009322405270256517,0.07211158876625756,-0.0312536862704782,0.06515667942935277,0.1355929257045938,0.004038511093353847
2021-05-08,0.029635009290322145,0.048927385438943816,-0.012714729459535556,-0.022305396502360075,-0.0007207207519188685,-0.009112692237734699,-0.06381942060593637,-0.05071339604988623,-0.018585184052673398,0.04009327596036805
2021-05-09,-0.009372815551794034,0.06429837155753582,-0.01547419658259741,0.0269238868120949,-0.021866760479961833,-0.04818935212307274,-0.06465746649358106,-0.04200164096385528,-0.007117330979697911,0.0033650104653801804
2021-05-10,-0.0037669383774829868,0.042570336612127946,-0.09680577458191736,0.0899470576990824,0.064906913110792,0.023656736422346114,0.016801393567649647,0.03123916358864065,0.010337931995935357,-0.03245490820825836
2021-05-11,-0.03364309721400893,-0.017162465776772606,0.050935320515820115,-0.0720921272793138,-0.03442559828017977,-0.06755706214273971,-0.014172413966766051,-0.04493311175224779,-0.07055787089438947,0.03183207160711454
2021-05-12,0.0019496844647441947,0.055861369663215754,-0.11599891386288208,0.021947027483799175,0.06301842427402349,0.17984584244972535,0.05093548479628929,0.053675617499001405,0.023906345248637884,-0.0992664298226309
2021-05-13,-0.11565658351859476,-0.09813742298905659,0.03379968756232049,-0.15533245929735617,-0.1716405473736211,-0.13296305691338617,-0.17058797112196444,-0.12417519964451174,-0.1206605817815447,-0.016907417294262927
2021-05-14,0.006717741239667063,0.03724586163284194,0.041943964580967,0.02066610608056596,0.02750664578983386,0.009875574698859246,0.035371652989468316,0.023050574106584065,0.03203331142892463,0.03759315418777298
2021-05-15,-0.02645015896023395,-0.017037920097143555,0.04703494870497338,-0.02792520624952477,-0.03791923486229365,-0.03429560085492778,-0.0017979401921985882,-0.04117279539280094,-0.004677978262781046,-0.06895261484290671
2021-05-16,-0.02353829186268719,-0.052387290350282,-0.022549640126676818,-0.024897578333238357,-0.03273614739827124,-0.06527373535480763,-0.036299295968380996,-0.031142475394837277,-0.04278058295459264,-0.00844891607417253
2021-05-17,-0.07393073832222008,-0.08809304286037012,0.03263375919330297,-0.08262075508613087,-0.10148561460127237,-0.10938155750084455,-0.0901000212098273,-0.11429902148492843,-0.09989116845159263,-0.06826762861549796
2021-05-18,-0.0032532108937406434,0.010569681489686289,0.06223654251299998,0.06581148264243719,0.02275928914574976,0.01856227979998515,0.010924653994809574,-0.0004386299869043597,-0.028259955618541,-0.0020685257294896786
2021-05-19,-0.12124553114655079,-0.19194717401715877,-0.37452204535586026,-0.23770155956502226,-0.24262782245040615,-0.25351043465000167,-0.251169674157798,-0.24292708607843316,-0.2613786347064462,-0.2178305680168151
2021-05-20,0.017221719256152568,-0.048577872479854456,0.07057601740611512,-0.14399331252779302,-0.10229441653438975,-0.11821291788299781,-0.1891790749312321,-0.12037293277698602,-0.07711998380830742,0.0902302467507674
2021-05-21,-0.017451654236662506,-0.025584540700639202,-0.16945746605805373,-0.04984240129013262,-0.03604697847857974,-0.01799196305466655,-0.006127945662458778,-0.027797336596697697,0.15106120406175183,-0.11321851713792341
2021-05-22,-0.04230080245312884,-0.11071016540506662,-0.08526993481909222,-0.11076832639997569,-0.13451771840399207,-0.14341667639352096,-0.09636024321345182,-0.12645850172203055,-0.17399104631938034,-0.01834380549639114
2021-05-23,-0.06693681714928879,-0.11014941080131191,-0.13133600206108692,-0.15701144390929755,-0.14745673146101534,-0.18672910450791314,-0.09337666172972447,-0.1718124278069233,-0.08882401708423338,-0.08728135669256076
2021-05-24,0.05338447426003334,0.11397350723971567,0.2115477571528266,0.07743270780742328,0.10639136394689519,0.09850520156949383,0.05861147069366002,0.10631190738258312,0.07018871331913878,0.15070783784021202
2021-05-25,0.028579080666007783,0.09268510108871286,-0.019457859149341106,0.09717300669850104,0.1133334523974785,0.05542976848973069,0.05329606150999311,0.11963920147591889,0.03419694902323123,-0.0024238334292334685
2021-05-26,0.030182675187427677,0.07625928169623375,0.06699155961508017,0.08434893164680535,0.0477036281398,0.06573986604998883,0.03714761651052356,0.07578795737479105,0.05514391862484125,0.05226961157451626
2021-05-27,-0.011247444447819888,-0.00899448409533754,-0.05875258407052732,0.002098021533806005,0.007899758740555818,-0.009371221841677269,0.0066870871252326936,-0.018617777554452708,-0.008540797337238004,-0.030469892109818986
2021-05-28,-0.058025713952842395,-0.08010294319444089,-0.08561375272299176,-0.07560707074126682,-0.07335046063856865,-0.008661416259024612,-0.045449199601760526,-0.09436370158568419,-0.04646814782195463,-0.09279584242861638
2021-05-29,-0.03781279255006886,-0.062192020256447655,-0.07299127745364684,-0.04407131993597435,-0.04676368653927465,0.09432375811969429,-0.021858665365432906,0.022404109367917258,0.08258868579754619,-0.035599948311077156
2021-05-30,0.006078186781236283,-0.008788506033079457,0.0852068652217708,-0.006016383125108327,-0.009173549264744452,-0.07284538037948263,-0.01386015697529519,-0.044438894585167255,-0.04034983357519284,0.03140155100504849
2021-05-31,0.018818435111285226,0.04961050055333427,0.1436893385818889,0.031003389215816135,0.02423894814872085,-0.0024844733276623288,0.018329424911936343,0.01479767611793914,0.010336190750140695,0.07553870644510141
2021-06-01,0.012233325077021462,0.04382547954002991,-0.033044794777457386,0.027926143442630114,0.01380347269719806,0.021046279915704957,0.016645155097056552,0.030998116984010338,0.019467186139213943,-0.016274070313752276
2021-06-02,0.01883835177744153,0.030539602415276867,0.01471336008114728,0.015702536313775717,0.011724642317164857,0.02112361727352141,0.03995914323803085,0.037476194359951975,0.04956293611681417,0.02906841848562891
2021-06-03,0.03281144617448106,0.03860639670385524,0.019287000941978643,0.02818033730187608,0.02511250781393226,0.06571053959052708,0.03829449216412861,0.044125457941518675,0.08723256796056944,0.04530385882492283
2021-06-04,-0.03759562989515253,-0.04195399142388112,-0.0753577425792119,-0.0639903249606899,-0.05655213895058164,-0.07210947784973509,-0.057581525756829954,-0.0753543883119967,-0.04525090626943484,-0.0643822028175336
2021-06-05,-0.013835606735788986,0.0022329745043121463,-0.05395279824823884,-0.006870444872691728,-0.015414212352660606,-0.01697609677741152,-0.00810619665455281,-0.010959773432207776,-0.023808347546565578,-0.039371158568599185
2021-06-06,-0.018026949030254258,0.00037167813102101377,0.021506205220963484,-0.005220851096000345,-0.011519928332849538,-0.01861719492285996,0.020354680007756976,-0.01084190583443867,-0.04324173160698663,0.020272973530142124
2021-06-07,-0.0018095521425589567,0.02132433743833939,-0.09011095327979418,0.0008049841421984283,-0.0063086488996004775,-0.01747612782409913,-0.006402822393608787,-0.004359209456755941,0.011343197990493437,-0.06664839915689313
2021-06-08,-0.08762965262848788,-0.09694847997962608,0.01959716895213609,-0.11177044580198903,-0.100347880213568,-0.13387006013376102,-0.09050929720403644,-0.12076493919573039,-0.10093098733843586,-0.0027303497787851683
2021-06-09,0.05779188816361369,0.011159940455438111,0.03807850857450433,0.030878801338844575,0.02853899722961728,0.02792163966980965,0.03351247066481022,0.018550505531363726,0.04156286389171804,0.08230111999768575
2021-06-10,0.0600823925313847,0.001584158747136577,-0.04265517560191613,0.03442181764344188,0.009619081536064833,0.0476069285206977,0.0151046429146513,0.020127695778840327,0.04811033159029332,-0.032655622028297415
2021-06-11,0.0,-0.03873013307207085,-0.02790878811707659,-0.0030260806840267662,-0.031752800301545925,-0.06911912134166531,-0.011704378632606982,-0.01674383761278886,-0.06549722120291435,-0.01693915269399504
2021-06-12,-0.034712910746561576,-0.028370697129215472,-0.017846993625060398,-0.04883630992004928,-0.04203594001204447,-0.04896739718224463,-0.03761989152465528,-0.05120021138537112,-0.036464118178142435,-0.02038873791064688
2021-06-13,0.01769957709940151,0.011361367738648376,0.05602398376933687,0.015620277398018523,0.016484358390905562,0.0037551018975268136,0.019936215298569593,0.010530506490802338,0.013976305259622457,0.07517252441274458
2021-06-14,0.08670885089444624,0.053362282262363614,0.011286801534629812,0.054278745040684306,0.06986468073261243,0.058359741497721274,0.04746351595817,0.05338186459936889,0.07464420152449147,0.03291840790231859
2021-06-15,0.013623370070844132,0.0223582563112128,-0.02385121582217993,0.029345105103352864,0.03057049539788359,0.028891662917189365,0.0058533141078749296,0.011051115539744139,0.04808318331379269,-0.00820818132025991
2021-06-16,-0.019617090832882766,-0.04279575387710999,-0.04706751085798583,-0.03410206541715777,-0.031437010290765954,0.00594776749575221,-0.03048298926311155,-0.027111640952739435,-0.012606293168913929,-0.05987268987975369
2021-06-17,-0.020915795149972993,-0.03083491977700703,0.014354313451683115,-0.010860645421693071,-0.008183452348169418,0.02972630159621925,-0.009444317182379258,-0.0033418094630084383,-0.00384626355453932,-0.0008076606960827348
2021-06-18,-0.04238056853020744,-0.048769287560627816,-0.05492533545211159,-0.0459322362694925,-0.04769402418177382,-0.04190689783763535,-0.027299947203180963,-0.05675944487098583,-0.013149175207211705,-0.056475710810891755
2021-06-19,-0.034306984480748426,-0.02485702768404696,-0.048852901394585174,-0.02723278909904625,-0.029569945940686182,-0.037100118850457164,-0.020054685261962746,-0.02173688029484122,0.013134591676392304,-0.01643551739133109
2021-06-20,-0.01911488666469907,-0.025951832040803424,0.02472474678276171,-0.03545978732628807,-0.04461850690564262,-0.02944525800137665,-0.037743958560003676,-0.035022539006039466,-0.041421470509591884,0.012526560741305204
2021-06-21,-0.05580444455990197,-0.0716981616459833,-0.24819773311889337,-0.08851220110291269,-0.08371989015371639,-0.10587743699748486,-0.09498674710245947,-0.08952406885129172,-0.11195171766083156,-0.14664800153808777
2021-06-22,-0.03574712921284906,-0.062360518098587114,-0.104079988637517,-0.13138547678441626,-0.12304774041522304,-0.11999145735849126,-0.1553814801885256,-0.13893082080568497,-0.1300304604783653,-0.006725577173043007
2021-06-23,0.05275266446413873,0.04385536388358435,0.15232085315018212,0.050769230851158476,0.05543145318760612,0.09407608648260801,0.05919707264685048,0.05228954787239015,0.039734042320030305,0.05893377514670384
2021-06-24,5.926628342756146e-05,-0.010657294473988443,0.05050805681284842,0.030488758152731776,0.030653322151923845,0.009945546641915826,0.03548792083121022,0.015476616472319904,0.006773432048319705,0.03049533733208243
2021-06-25,-0.01105444566043623,-0.03267078228954823,-0.08240868847962401,-0.007764723400047302,-0.02389339832970272,-0.0457545798906418,-0.023010117661198315,-0.021784430653768005,-0.045269084117204095,-0.08092922933433577
2021-06-26,-0.05823055794851939,-0.060295208498570396,-0.013050756195490787,-0.05490608175199174,-0.055090106137350325,-0.06756099318826969,-0.04052707235510766,-0.03765317099464305,-0.06013404368565478,-0.005965291306413434
2021-06-27,0.04892928534722785,0.036827464848915525,0.06515409517978582,0.03057812212597355,0.028830419765686344,0.012532888656322072,0.0453987239671747,0.016484476718671814,0.03206150877148062,0.07774418558881457
2021-06-28,0.041611594096465865,0.09516298749731078,-0.009273636785329165,0.04385273533362177,0.0604586424610174,0.05989460933459334,0.09832683296018807,0.04464593168707509,0.05283023383120522,0.011614674064958308
2021-06-29,0.030623965320071278,0.06275823275183523,0.08907963005368869,0.07421128167153768,0.07351540314481309,0.11918799875742625,0.10868493417649372,0.0848695347724231,0.03319244839737401,0.04160695002956771
2021-06-30,-0.017425306814866204,-0.003231020581447197,-0.005698021114637741,-0.015638686719298356,-0.01826568140501017,0.03837306834291354,-0.07152475877803433,0.0,-0.0066694226221892805,-0.002623976228305125
2021-07-01,-0.03492876298631131,-0.006493529310548141,-0.057326495191718285,-0.02640523794093408,-0.030607693099155675,-0.031214000195874725,-0.024519641253870184,-0.015499487702651749,-0.03257811705464153,-0.05274758434643623
2021-07-02,-0.013310450779762562,-0.032634723947146504,-0.013709277925033347,-0.02901720606496916,-0.0242261076719279,-0.06295365102929651,-0.004051369303014418,-0.032091713420697054,-0.02213613313130125,0.007522734806451936
2021-07-03,0.029980198381288403,0.05244647537254199,0.030213778596496654,0.03368711756982545,0.03019252574608533,0.011189759229139895,0.024802016579022812,0.030410471963101315,0.03155296777168992,0.026830959946545718
2021-07-04,0.02797405311975787,0.05026630736284332,0.03509131981126995,0.03522855297424066,0.0358006136764093,0.01483725666721547,0.021450224825110276,0.014527960481686364,0.03591193547132754,0.028231735560630966
2021-07-05,-0.033763712264242685,-0.024150460232283066,-0.05462612583191229,-0.02773006502500852,-0.01960693349112752,-0.031429664342378594,-0.024597382524216727,-0.035789224113344176,-0.03278634629263166,-0.042960263244870234
2021-07-06,0.001553045599543168,0.01893078765943823,0.006051455683355245,-0.005254563099069465,-0.00014668047445187682,-0.001063116075625814,-0.006172816769248968,0.001605912480919791,0.015935110601583702,0.018195873196216183
2021-07-07,0.011759704723464992,0.028376796549770766,-0.015197860909431427,0.011657740817962114,0.019320136452630088,0.035804195175432874,-0.008539914959242445,0.017161038637497406,0.030072536106254155,-0.004369482193830265
2021-07-08,-0.04925906477977904,-0.07616441067119073,-0.04542676090700343,-0.06057475805135404,-0.05514853694638866,-0.04983464561963835,-0.031801748754032744,-0.0634578610269676,-0.0732673596855582,-0.047302612066616234
2021-07-09,0.008083726788511214,-0.028772286374654676,0.02218791497536221,-0.0018484013565345236,-0.002470187007119762,-0.030851791499400427,-0.019705213628965268,-0.014443881373519929,-0.0011418633847384285,0.02569581267402299
2021-07-10,0.016211397684191553,-0.0028288562004776807,-0.018987912244691374,0.008569226814355346,0.005567048295767485,0.002586428165828991,0.016023765598730755,0.0029637592044196026,0.02456597194268184,-0.010439396122608358
2021-07-11,0.0026666682469151937,0.0023579355419043324,0.01584819224002365,0.009703257533629994,0.0021681603968337626,-0.005243563585733746,-0.011351762464937742,0.004382217437567171,-0.006654389299222352,0.014211003999738736
2021-07-12,-0.002785352043749967,-0.0108928379917419,-0.007892700798909025,0.010052346036418136,-0.009276837022198947,0.001160511669112907,0.024252494263993896,0.020729948171861245,-0.003372380532452368,-0.03394153485894513
2021-07-13,-0.025423570158736197,-0.051794673189730744,-0.019200589856617045,-0.02479009436352264,-0.0351004063657534,-0.0331938691991267,0.006867920829675356,-0.042691441145270126,-0.02094231913991962,-0.026692184071194447
2021-07-14,-0.011202369843635651,-0.022826251014222976,-0.0016168152269053215,-0.026707659848288046,-0.0241680465439833,-0.03240093665601851,-0.030226405985008142,-0.029302106578071196,-0.029532360784928713,0.009016072328845937
2021-07-15,-0.011765205835848391,-0.0035980506562900416,-0.03792705191206108,-0.015051046240560417,-0.01639152518002618,-0.011376463830618633,-0.0603567564430616,-0.009264543046234586,-0.016343509385701616,-0.034458616935067354
2021-07-16,-0.011243639331647515,-0.017662796843039175,-0.008438868645864628,-0.021065142252076008,-0.013820398496099173,-0.04293620587599367,-0.01864757855021182,-0.005534907752558382,-0.006891130509311338,-0.020056623053504197
2021-07-17,-0.006128980105856385,-0.01212775212612005,-0.01193535054927275,-0.03183071458603148,-0.027277608042906465,-0.032959378166226294,-0.02811426945486506,-0.026087846028203465,-0.005384794081609634,0.009514916899341586
2021-07-18,0.006538345123461298,0.028244555360540602,0.008539761548134517,0.002264912673995312,0.013755500066038095,0.014273655856917422,0.012000931758998412,0.018887677136574688,0.03317640893662688,0.0073259189193422
2021-07-19,-0.018268684908951727,-0.04428768020111651,-0.04879016416943183,-0.03846953063512348,-0.03691914604109403,-0.031056246033388746,-0.03264734299463079,0.038069743049274685,-0.03153225481732047,-0.036152773305245134
2021-07-20,-0.044284171358924596,-0.047470280881750426,-0.05694835187089553,-0.07502590291739075,-0.07139835838656516,-0.06940106505058274,-0.057825369237682445,0.0001217468235727992,-0.056258598858578424,-0.03298546230340982
2021-07-21,0.04377102189288529,0.06880442335674175,0.07464792897029626,0.050563850137375965,0.04680763522483211,0.052243941942826666,0.04569947837363397,0.11600134864817235,0.03766690814616247,0.08494369016371905
2021-07-22,0.030207668087950168,0.0534282169838729,0.03787027405540988,0.04578885571065339,0.043060951127262825,0.040346319978372236,0.021427442713263467,0.025353581253314772,0.023114557299572347,0.008783863127760583
2021-07-23,0.010742638487398537,0.0266550825185341,0.028311632825891386,0.011583302899244252,0.015470808802700908,0.01545408524350389,0.020248834808350935,-0.00991355076266398,0.014006684138747616,0.032447161136593294
2021-07-24,0.04137980658161311,0.044769380859847274,0.0,0.04631014862692151,0.03309388584739459,0.0328123235882698,0.022663769774680098,0.027777029522918717,0.03588481458575288,0.02377298420383056
2021-07-25,0.014693423671962691,0.0041831341501064045,-0.004938281640582576,-0.003139619928164805,-0.01811734603327597,-0.014685624745101933,-0.0008465675329620836,-0.03766765620490009,0.015557890103802485,0.024795449949387205
2021-07-26,0.10854050130402548,0.07374347424554983,0.02927038230011325,0.08387854839910514,0.10482601045876105,0.07595897535730511,0.05460610398060162,0.07594821803910445,0.07763203436949162,0.0393831113919898
2021-07-27,-0.01645921786551341,-0.038204426645291,0.028437935320533514,-0.03706508898170924,-0.02576536125442086,-0.04838040818167588,-0.026156442512518474,-0.05165167321463482,-0.024885082755044863,0.03381012789103899
2021-07-28,0.05652242277550812,0.02781022305995151,0.12571274450672476,0.04302852856121575,0.04065752384436294,0.029825758103933175,0.02762554706831022,0.05747012263788154,0.035121696220389076,0.021342217769673155
2021-07-29,0.0,0.004777424938892771,0.025764136936131332,0.018353383214551044,0.02090642566374079,0.02613512827120168,0.023673082670861767,0.017795079993664586,0.05177653096426571,0.011199173814175012
2021-07-30,-0.006065887390432678,0.03155912228725466,0.005340466631317431,0.00408153620437357,0.03408024214101957,0.0009775906929858635,0.0027477312365080664,0.03924448468137243,-0.008516062362193821,0.03772637759965036
2021-07-31,0.04954726199739312,0.03384557473816496,-0.0013324452337785675,0.02714907831009583,0.02023374378445375,0.040679175498022246,0.02109929124292531,0.022343704312845603,0.010283747467545012,0.009782469985951892
2021-08-01,-0.0025981538864900955,0.05218575317057006,-0.031146728996836792,0.018373373730121934,0.008690465653525159,0.06227512536130142,0.02923496276162396,0.024956818133973435,0.014640474855525554,-0.03216427347395623
2021-08-02,-0.047428900041927236,0.0,0.01772370866469608,-0.029304732974679837,-0.0063451156070071235,-0.009495857864730617,-0.001339861061048886,-0.04233342852415323,-0.03342027103354628,0.0007923629972257373
2021-08-03,-0.028697108995185516,-0.034087531457558384,-0.034367643504207845,-0.024973050011406706,-0.02021200754991881,-0.036308380582738664,-0.025197931386526484,-0.022205092613417854,-0.026360330376517638,-0.025352583461661027
2021-08-04,0.006219086666328977,0.029841240576107708,0.02213091705577086,0.0072918968979296395,0.006982520032296158,0.03313725740561324,-0.023991446121313764,-0.004222106607464582,0.0005606660337624803,0.046107326726925635
2021-08-05,0.01804802786771731,0.051641396268881756,0.0027322421368730088,0.00693409011875179,-0.0011133379016854406,0.009585392987375485,0.006909534539117246,0.029727009260293258,0.06579968523120971,0.025822147983284083
2021-08-06,0.04744099848890926,0.034305584664961586,0.01623851649290803,0.03697303255106377,0.016963833722685173,0.03684214305295708,0.025339863558420106,0.017332053308550144,0.052718838327122874,0.035610275904232935
2021-08-07,0.05169968635819444,0.0712386025885694,0.08857614762298074,0.043808873652204205,0.04782703665713228,0.06432133606020063,0.05153138292579573,0.026101180535198054,0.03095092970768043,0.05843847669827795
2021-08-08,0.018236341871505246,0.019316364218278537,-0.04138521616285423,-0.001060688499311624,-0.006613395055162563,-0.01033477186476972,0.002202687903360534,-0.011561236847260403,-0.0021650948850124863,-0.029627616389859668
2021-08-09,0.012131417630842023,-0.010430342278873184,0.04261296340117665,0.024307471365832,0.004060864269439968,-0.017260170377336514,-0.0038978120034371955,0.0011591558080015218,-0.010062684075014872,0.04140959798050048
2021-08-10,0.015986189758880442,0.026513030511617686,0.045571434250816445,0.047270983539944744,0.024678655953641382,0.03129957342772194,0.016823307597015003,0.05036757927563151,0.005206042896158003,0.006648200843370589
2021-08-11,0.010604044205893004,0.023649218193892096,0.17388434398420852,0.03974199185256033,0.0393823939531881,0.04720706645897632,0.03259902590336061,0.03927493449909658,0.027612615828803477,0.015808516064410583
2021-08-12,-0.02523155323500781,-0.03197992962232021,-0.04741180419931062,-0.010362664935431809,0.008738887699365705,-0.008234904992767689,-0.004957843182416433,-0.014432402537086553,-0.036955930766515266,-0.02762024500080784
2021-08-13,0.02648957873495128,0.028546181906362378,0.11870088794661247,0.04232690778418746,0.023165350528465467,0.022144565627462143,0.017030145792794826,0.03781497252946853,0.008325395702759586,0.07759948239510983
2021-08-14,0.020638309218950823,0.022570134144483944,0.15519862333421697,0.025483262289410114,0.04712671632536747,0.02758134244774535,0.02360600753458808,0.054859772347394475,0.020688874161058912,0.0012815673826978013
2021-08-15,-0.014587245869739363,-0.01913638642852611,0.009382398771913658,0.0016752784299134404,0.04334899304503104,0.0210678590492952,0.014383849107989732,0.019847304688844325,-0.009093367389485962,0.0033573494521927927
2021-08-16,0.010715230139453524,0.012695634213924833,-0.07932960271965203,0.017023925275490903,0.005983318019176842,0.05360243983106461,0.02393046682963007,0.040033428899294066,0.028729064799742687,-0.025327038077790576
2021-08-17,-0.02045809754276995,-0.026501940745506047,-0.08341823830481765,-0.03282621180821188,-0.03170626624383921,-0.013734986888341183,-0.02452693682951068,-0.04005332949581497,-0.027279727086998662,-0.04305198560459722
2021-08-18,-0.018400308348679673,-0.03832380112316969,0.05262025241703225,-0.05187862529128129,-0.05133481260801531,-0.07198156732053196,-0.05535308396201177,-0.005998141698260184,-0.04912976902457711,0.01651684119647534
2021-08-19,0.0016606701851404893,-0.000656814473529721,0.06394103598902884,-0.0026813555422631197,-0.004707174540409476,0.005658133364637941,-0.009362639227949998,0.03785877571708873,3.910580662846996e-06,0.02409223253002679
2021-08-20,0.054881980088552496,0.06178341525600395,0.024950992549474332,0.05697597577535429,0.04836794982180681,0.05905259925880291,0.05083668365312377,0.09435727989672049,0.059555543988057735,0.062270840478836575
2021-08-21,0.026188109790057368,0.008916277363489655,-0.029034297528845232,0.014468477048374062,0.025771221104347042,0.01610436219496858,0.027621587103158873,0.03318342792618534,0.03481672511150968,-0.006986195194372158
2021-08-22,-0.0030443911749831187,-0.014801380302262857,0.0032679767646160707,0.016479273528632987,-0.018016967014164997,0.03232433235461052,-0.01792782911567148,0.016229457098329902,0.0272145934838548,0.008367105426421162
2021-08-23,0.020176513964736742,0.032098124676531725,0.017785432433216286,0.019438128146332723,0.010062055875195597,0.036961214922825114,0.014897496705079227,0.13346982671114915,0.10449858282413427,0.01998449413184744
2021-08-24,-0.019440106780125532,-0.01576745825270187,-0.09051400754083191,-0.03251835200842823,-0.027700281042988273,-0.009513001178103053,-0.01847458053069584,-0.04049516461222691,-0.012015577282884493,-0.04080685890043512
2021-08-25,-0.013525543040250554,-0.026635207252644122,0.02682982220917632,-0.03459019226382498,-0.028795992532642423,-0.02557113347456852,-0.020848216371418538,-0.04433317689332128,-0.016125711633246276,0.01924251560670065
2021-08-26,-0.01880906959452666,-0.017413769143587388,-0.06527890332248715,-0.02678334876108046,-0.03393063390439721,-0.045027669302495354,-0.023004085034108,-0.030094905844661568,-0.03972081893556201,-0.03845187284871976
2021-08-27,0.007616439436368694,0.012694553211941795,0.06953966818334195,-5.847765129907145e-06,-0.008823165795777577,-0.03223119420866016,-0.006340658617319583,-0.04051509793021868,0.021205429218034588,0.04576334007396454
2021-08-28,0.024145458926259522,0.022451831768970365,-0.024969011329201457,0.016672610279322875,0.026936727727539633,0.019374795421958524,0.015789468241794502,0.013880402497807864,-0.0018777382376597984,-0.007716838650457802
2021-08-29,-0.004984165626728654,-0.009605031240665696,-0.002618945189627603,0.017467892212413183,0.055897246142396995,0.0011300531792581836,0.07491543605416062,-0.012081541859187972,-0.03433860943694089,-0.002231436699858591
2021-08-30,-0.011540021352702823,0.002487563471801124,-0.03468555798788994,-0.02648008492492604,-0.034059353885605326,-0.02957049743473572,-0.02324252100616242,-0.04480860348891902,-0.021968439192749933,-0.0281757313193296
2021-08-31,-0.016336566149107057,0.03569084021292035,0.07662580814606298,-0.008713572741236852,-0.016384644678628213,-0.011206945221572617,-0.02763613291491751,-0.012870028974860226,-0.01027853465816797,0.027008933938169832
2021-09-01,0.007897521224988324,0.06889297637673408,0.032167721995548904,0.02727856554857855,0.00664420952699718,0.016691789879080154,0.011429044516882314,0.04045737950093553,0.02745733475284773,0.048910655754546895
2021-09-02,0.0405542907165497,0.05390526483620306,0.020089064496782272,0.04647392539485562,0.03827733973419534,0.042460915279081135,0.026068046752480534,0.04286864326202178,0.03459276593014238,0.007977663179396188
2021-09-03,0.0048428190981955055,0.029252542837436835,0.025138794348940008,0.06734859853295916,0.03132217314117902,0.004118532973476086,0.026655491374953932,0.011297316493072529,0.0010191569496065256,0.018199393351590487
2021-09-04,0.0033421086373373043,0.0059027503609261345,-0.02912445127914351,0.08779902068003675,0.03321869671705535,0.03494823132837599,0.04091454126160521,0.03076058916439539,0.005563998533854253,-0.003071643340391006
2021-09-05,0.0054991172649216935,0.0007673615928407429,0.03762199178958428,0.024487715550416844,0.014038401724544514,0.04613590055284966,0.029752209479643632,0.02394563411837769,0.005780155741654802,0.026783817784441055
2021-09-06,0.02809470705476791,0.005355106511542473,0.06549959761712165,0.020253503890025115,0.07382425793363634,0.032065544748279606,0.0326368801115029,0.0037041604537568773,0.017225700830616475,0.01256461734465475
2021-09-07,-0.03471328709452237,-0.06379278367038133,-0.2047616649506293,-0.11223556150865388,-0.06918548026183036,-0.10731203210914675,-0.09829152070385216,-0.11580519063960004,-0.08921316581463312,-0.1321850416137238
2021-09-08,-0.07693063916607734,-0.0704655116538806,-0.030523015840890233,-0.10710718874037983,-0.08530062156181994,-0.1383623311294846,-0.11893265248789398,-0.13273995598923172,-0.0942075169015375,-0.0016536073231208093
2021-09-09,0.0024163981552778324,0.014725255243979163,-0.0100779597813494,0.012359748146188565,0.0033909883418026254,0.03299098833235092,0.014605623476396268,0.006442218168689173,0.0044211021399842565,0.0009309479809047616
2021-09-10,-0.010353808351839078,-0.03707912721821316,-0.02896045458371401,-0.019565853576825276,-0.025255990528752825,-0.03254347426548243,-0.017590044698784446,-0.008753105459225807,-0.00935904193495496,-0.04920407197985632
2021-09-11,-0.012289984364443285,-0.02408304231852476,0.01784922915864324,0.005707952871568445,-0.018491335080059734,-0.027380332114071315,-0.00842625880939174,-0.012692844956800897,-0.022495987668716744,0.016787716338198422
2021-09-12,0.005648925353344936,0.02645975169637005,0.03925652400039065,0.005487810209093169,0.006174311638903696,-0.0002069465050675845,0.004485086007355754,0.005888280678667535,-0.004243740538863783,0.030988107672552445
2021-09-13,-0.018069516639057426,-0.034106218070173,-0.04392288804415552,-0.011151086816036937,-0.03550011566486155,-0.03239206360461999,-0.02711720380962479,-0.02564848090669436,0.013451424444952842,-0.03296511697313065
2021-09-14,0.026863803604049608,0.024265673475140304,0.02311707195688141,0.00549112276762731,0.01226646862986236,0.023560879375020605,0.011446061987094858,0.02803010153369012,0.02570958627013642,0.035391458107246976
2021-09-15,0.03265875511511851,0.03475025745039595,0.02080581608727411,0.01555681834876399,0.02512878292841414,0.03549337959988286,0.020834290951319723,0.029281914813536147,0.02581867632991397,0.02796742322190937
2021-09-16,0.007124178900506095,0.03999965938974093,-0.024468823846011234,0.03283233195915436,-0.0030695231597270833,0.04638464027086453,0.014045201738756674,0.02665470901061351,-0.007991116364545192,-0.009195876646490575
2021-09-17,-0.00678778295931437,-0.032789822822991255,-0.025082596881241585,-0.03243324057013108,-0.0160961673536697,-0.02924618410774471,0.0036441728857283806,-0.045506553780015224,-0.01681142928041801,-0.022566302230389468
2021-09-18,0.01336387891139168,-0.005763704716748919,0.010294896726862172,-0.005508387478009524,-0.0014108146262179488,0.01789521056117227,0.002694368501339639,-0.0007767605519148901,0.01982910437700447,0.016975062938932695
2021-09-19,-0.010006128804857184,-0.022505699271061275,-0.025461064198273264,-0.019586323958923124,-0.008885005563557868,-0.007951853488333605,-0.0048551024660428155,-0.024180971254623707,0.0004473939378186742,-0.023780276391168087
2021-09-20,-0.06641327397401575,-0.08060942650993042,-0.12931054082745075,-0.08853398826076653,-0.10150685732733411,-0.11209218091941153,-0.08577213923959714,-0.09758438481309817,-0.10075737293570608,-0.11077545533511923
2021-09-21,-0.05027568398795168,-0.05060212197995728,-0.05358424613410641,-0.037898142473888896,-0.0531398453127192,-0.052285592498989786,-0.015367294114999375,-0.055119690544948696,-0.05903765418200635,-0.06307901132759319
2021-09-22,0.0012000142618173726,-0.008801681736826161,0.13896385773583048,-0.012795535218619314,-0.015078711598596861,0.0021639013391556716,0.011136931351721557,-0.01582571520955156,0.008209887034145602,0.09604158373224081
2021-09-23,0.035641757195893575,0.05619455834364118,-0.002998502996256592,0.03599968683044441,0.032809360316621294,0.03515583756538554,0.013661433546243273,0.06752947075153592,0.07192970148006861,0.030252710307003383
2021-09-24,-0.021236894905293013,-0.046045621435029105,-0.057688496015096076,-0.04380568344094282,-0.042790829456441415,-0.06077929463732623,-0.04618491290151994,-0.040677093741977366,-0.03809032325822237,-0.04961318811176163
2021-09-25,-0.013370711729541185,-0.01937188870745743,-0.0010610080570944355,-0.010462141955717819,-0.012990078336884814,-0.03280676954396089,-0.03262084286828504,-0.03446700924687107,-0.004079931876265874,-0.005244546006359485
2021-09-26,0.00524824896690923,0.014648533097327388,0.0021208915691376326,-0.01703188089170027,-0.012448699114564477,-0.0036115208532940812,-0.035189768135731825,-0.026136069135901607,-0.01800464966440707,0.018231150769231874
2021-09-27,0.017144733367171483,0.03717653476725857,-0.02033242863307539,0.008790374628883768,-0.008514354873565111,-0.0007457054081809744,-0.006764347854604225,0.0005895256971228946,0.036265672956984574,-0.03747727278679491
2021-09-28,-0.03685015322728091,-0.057330931739108415,-0.027398974188114475,-0.038690053808512204,-0.0321755246776263,-0.04918779784487093,-0.01342406736430135,-0.047703555467148995,-0.026199518717078263,-0.03083808261978227
2021-09-29,-0.002099537918731187,-0.005189425242225099,0.029558802241544432,-5.501041761135639e-05,-0.006348836189420837,-0.0010612819559945308,-0.005362069798575675,0.0002992687455654064,0.000712725143125148,0.015537693492060356
2021-09-30,0.0326357241841464,0.036107464645534826,0.02556049697953506,0.03807009050462007,0.024976050674586858,0.015999885814241388,0.015410049825706373,0.03961943215497232,0.04288823017559196,0.05293937676415439
2021-10-01,0.061240420957599184,0.05563314429702082,0.09042300606957855,0.06140543244336616,0.051717220493436855,0.04427860569334108,0.041123589399781224,0.06736013497297932,0.030055846604586378,0.0907531781904698
2021-10-02,0.039144608411374904,0.055698135775799074,-0.0028860048891348328,0.04920125058591118,0.044256546623056,0.03169099828015476,0.04524166944440555,0.03311802670897901,0.010912400201121386,0.004922233550740174
2021-10-03,0.0039023014639312237,0.021907329648133356,0.016244982184332832,0.005885428730823428,0.02626527434978687,0.013778380885799635,0.01594544254218544,0.001390042772685618,0.0035658294655114275,0.01088659674960546
2021-10-04,0.001831121240764233,-0.014749529926062266,-0.006657181029179303,-0.017011851242994425,-0.01906564883098749,-0.003914878068465022,0.003572883541869132,-0.021212008678246796,0.002855936347808452,0.007129141287988361
2021-10-05,0.03843921533341721,0.019132298081157018,0.030077455237277936,0.020176578382731236,0.030744285671267413,0.029095407384804872,0.02512285482269938,0.015645884723764603,0.03726992992799705,0.039648884272747154
2021-10-06,0.05344054627658501,0.02134491189629628,-0.000926354860130818,0.02458545869234552,0.04929367807989582,0.02351332248948168,0.02020570796088439,0.028039481731296334,0.03354012649161309,0.04333811166769941
2021-10-07,0.030682580536266713,0.01950040596712732,-0.012121360532344722,0.029413137754450425,0.027733874509988432,0.027497114126219024,0.09362701759234948,0.042549952322990414,0.028582524326873582,-0.015182055669892947
2021-10-08,0.0008823854390680452,0.00808366771249247,-0.006588259124383503,-0.004299355028736684,-0.01803147462246457,0.00035880446737657223,0.07561266722435711,0.009468560889998479,-0.01339950614882035,-0.003743065580325222
2021-10-09,0.0058627554245624935,-0.0033370442535769484,0.09367780691725806,-0.00021796903249349242,0.012801635214754192,0.004692454567633675,0.001460393437995755,0.0048730084194561485,-0.011259515936207443,0.01933444388148331
2021-10-10,0.007207894329669173,-0.0137430293704206,-0.022609658768128427,0.00535719051065886,-0.005792330214461572,-0.007750402218917429,0.008231792292598072,-0.0065936375029176375,-0.00030928576812705444,-0.02202865174076507
2021-10-11,0.027017548721035567,-0.0014130283543689615,-0.009721685050900444,0.0005224747635708127,-0.0068584235455748654,-0.028493527345821335,-0.010691443427434777,-0.0266509353132367,-0.015247827703227301,0.03572326512545665
2021-10-12,-5.2960024021331265e-05,-0.014528100562911206,-0.02245267197695565,-0.04138130293783693,-0.02958441732370609,-0.05097160598393824,-0.048744978427785135,-0.0473633429255127,0.005201742725283509,-0.008382372876214461
2021-10-13,-0.01145203159030217,0.003151413580802398,0.02334037731709636,0.0028684965277445684,-0.0017211281651956511,0.006876555874115731,0.007132609342578533,0.011266267874966651,0.0003051438558987485,0.027175591209990912
2021-10-14,0.02922934437015634,0.058063800954760936,0.005309746988230016,0.040927093495290556,0.02358308812969412,0.03936125490061215,0.01591836848296424,0.03630195551968374,-0.015914756076264247,0.01140475121579776
2021-10-15,0.035337078163880875,0.028470727043906408,0.007912129187949118,0.01914535647939708,0.03183390373068917,0.013947204581734596,-0.002204663173536403,0.01255741998659321,0.003911520754786402,0.054170364800112836
2021-10-16,0.02600853781946455,0.01587541474065901,-0.003508775529679292,0.02673293178290681,0.025714928937473402,0.026713082546205413,0.0004877652320107728,0.030575950830982634,-0.008057014451965827,-0.010457445590397185
2021-10-17,-0.007366937908285465,-0.008296651168848257,-0.04217762885320536,-0.019315517048186237,-0.02612932935780421,0.02711555450571357,-0.016707153854845558,-0.024154854910736212,-0.025628185397540193,0.0019570840048004357
2021-10-18,0.01535983238213845,-0.011521468114102262,-0.00920816819386254,-0.004566390915845986,-0.011907762574436376,0.06579688304015896,-0.004271159645342415,-0.016394159507298944,-0.01617414032328046,0.0026818738998048985
2021-10-19,0.013995231360970806,0.002104710063983717,0.00920816819386254,0.018168395612593535,0.006306252897070763,0.03254807277549432,0.001842030188776711,0.02474336611298167,-0.011350621483221524,0.02914658778950674
2021-10-20,0.03403876462560795,0.037399587599381334,0.043933555555470266,0.03335344315565081,0.01637816322257457,0.03204424204883605,0.013967831883379134,0.02357221822548361,0.009757427024029042,0.04141956253970491
2021-10-21,-0.007088386511863831,0.05203985108777509,-0.04301738508369063,0.0523653051665649,0.02243654925781602,0.031982175711448235,0.01437956750335534,0.028322578046982017,0.026526470664149038,-0.04388876108032136
2021-10-22,-0.03393154458450276,-0.022603951814492262,-0.001833181081660959,-0.04004433726503631,-0.01627130456929482,0.05638721087662901,-0.014076172983133795,-0.009000168313956891,0.021317108377555627,-0.015748358806664697
2021-10-23,-0.018880114449842722,-0.005669927675857167,0.001833181081660959,-0.013320658802057572,4.138822473809256e-05,0.05619137001525765,-0.0023186350888071416,-0.014839163249771303,-0.015698641020983395,0.016773477447404872
2021-10-24,-0.005632152555323344,0.008370309824965005,-0.009199696898423523,-0.002524282707429215,-0.010100005144710877,0.058804956741355774,0.007688626728572068,0.053748249709202334,0.04161992219842148,-0.009827827753492002
2021-10-25,0.030519638071593747,0.01846056797199047,0.011943182844174269,0.005021638611716561,-0.0011970538462460212,-0.044166613623839446,0.001901372691055947,-0.0028850269788298633,0.03793749323705686,0.03132831459969054
2021-10-26,-0.00398486600293424,0.011961865117500636,0.011802225056628035,0.0013002733433511438,-0.001970856783979791,-0.0361809044067547,0.0009956182048078688,-0.01419232199146414,-0.005010263457057462,-0.03158352961801647
2021-10-27,-0.04600548784782177,-0.030912869587796266,-0.10556109734539088,-0.023809596725986815,-0.06881706092318662,-0.0792520913437107,-0.06275236768361125,-0.08541822092470053,-0.06587164350364638,-0.04656741152818178
2021-10-28,0.010688501503143044,0.010491739524319144,0.05938484245640641,-0.01978200895203841,-0.018124076111918797,-0.010530396384051066,-0.016290413877041665,-0.032029290656526044,-0.021222270268262733,0.053833216462049194
2021-10-29,0.021918235521972917,0.05707750441800208,0.01872713905069779,0.03464574703564782,0.03114409193494705,0.049119615651313175,0.023539379915974656,0.026896393480969394,0.0181561985374179,0.028780405512423002
2021-10-30,0.0015102676693494743,-0.007363125765039058,-0.00371747640013248,-0.003332540484420221,0.006735039542451915,-0.016603822392430523,-0.005421031372510932,-0.0027166898985386823,-0.010632618892336687,-0.015403696736065342
2021-10-31,-0.008523033496802057,-0.010446989964654207,0.03836086787244629,-0.007279780619624532,0.0009923071615185464,0.08409980891561908,0.0038970373571363126,0.02886662363267245,0.012869843732132402,-0.0012878564928442415
2021-11-01,0.0030231498075750096,0.0044242708097392835,-0.021739986636405917,0.011197742066919147,-0.003124184096260585,-0.019497402552397958,0.010892185952889655,-0.0021103145479868246,0.014225116976863461,0.0026313207944923533
2021-11-02,0.019294761851362807,0.028177330890521546,0.03862177361065264,0.032017656859203214,0.008712464462415248,0.03482386129063464,0.0036588541143229847,0.018607464223265424,-0.001966814322464927,0.03463841290860614
2021-11-03,0.005554239799494098,0.03310310032749264,0.06067644737162767,0.02166841167299527,0.01931583320585961,-0.041056977779676984,0.01764545766520964,0.03438991414212378,-0.00596809952865307,0.01045490452449549
2021-11-04,-0.016028066754005366,-0.010765785623675583,-0.006655598611736119,-0.007157577878131427,-0.008282032695491992,-0.00884894982565232,0.008098597333789037,-0.007493781942121025,-0.031823793623077634,-0.02036327433001084
2021-11-05,-0.0054653363743337735,-0.005093577616431588,-0.031371796977503086,-0.011355735698344027,-0.0020512451714189694,-0.008318490823205238,0.01756507975309507,-0.017725760015766312,-0.015030941919317975,-0.0017572447238816125
2021-11-06,-0.009066393343534429,-0.010938829914616477,-0.010389703849135817,-0.015855668605364137,-0.015959663656115453,-0.01841018104522174,-0.019779620051614266,-0.021371436405108746,-0.00393033005816168,0.0103679713874687
2021-11-07,0.018969547143546706,0.02745357275218474,0.05667478467735659,0.012820947288308737,0.0045555854172949495,-0.003855126801616038,-0.01058060390328297,0.0011167821139634881,0.020504955665034075,0.02240924089674401
2021-11-08,0.056652869619789215,0.03392339026665603,0.059075434829605505,0.06948024931368835,0.04459963538112177,0.03788037662171373,0.027882983767620217,0.054568077058021025,0.02132775120121,0.056169842903223355
2021-11-09,0.02734428125703836,0.010708763754113448,-0.023530497410194112,0.1686507845812084,0.09363021442671293,0.08195297724096307,0.061584446402719095,0.11802774625988377,0.032372171063901334,-0.012481689659509243
2021-11-10,-0.010970881935598698,-0.012399024033989292,-0.05968260533585562,0.07232176463901663,0.027892355525532153,0.06264393948763392,0.026116312111561513,0.02204206658796881,0.02155650650454355,-0.037813890596908095
2021-11-11,-0.029005146227341072,-0.0072156510015126685,0.024959698377859163,-0.035741547946023466,-0.03868991979848424,0.04182809095129869,-0.052686776562079096,-0.03003980024285191,-0.061262886958416196,0.01262334142424848
2021-11-12,-0.01143648856779933,-0.005124931140255029,-0.02159552363222708,0.00020575426155300391,-0.01083584364804846,-0.0054810248632648495,-0.026353121569175464,-0.009722690893312347,-0.020339761409028156,-0.012618395806340388
2021-11-13,-0.002059411611533335,-0.006012472482185061,0.0,-0.0386969167417881,-0.003929585530253021,0.025071130016244503,-0.006964330334611191,-0.0017840659515400148,0.014890443962678468,0.005778793902328161
2021-11-14,0.006817253129760559,-0.008652444202681409,-0.005894753911349221,0.023626366303615143,0.004599023032644922,-0.03624054992923931,0.016080413984854935,0.010222934597404532,0.032621096774303915,0.005414301717099335
2021-11-15,0.010247003241500963,0.01337956946420249,-0.007630388865691562,0.04698913080775391,0.01210877812617106,0.007714648119280909,0.010127643942613673,0.024983965613934345,-0.0005593751231245392,-0.019995881302557805
2021-11-16,-0.0672813322072372,-0.07914993018365024,-0.07234193840172083,-0.11715682257868565,-0.09042230460961242,-0.11601529870797478,-0.07440887412481967,-0.12054224590022677,-0.09908076956605782,-0.06460192417435096
2021-11-17,-0.017293215690754593,-0.026567919764202585,-0.0009153318716881159,-0.05498823145796017,-0.04272860221020025,-0.10857336680182073,-0.016360846392347916,-0.07409222548611005,-0.0368761093641945,0.00035320807492489337
2021-11-18,-0.013473824305021864,-0.005495175696443866,-0.053609450605381054,-0.05159464008525916,-0.02596782089536287,-0.04300750454390734,-0.04225137397432377,-0.04594880422391867,-0.013306509350169193,-0.06406071866446794
2021-11-19,-0.032355814267507554,-0.004081148384509348,0.04902018142174004,-0.02185132236626952,-0.01796908140402209,0.032248255163094264,-0.0278396790081592,0.013244359014970009,-0.008129658181107224,0.046243390542956675
2021-11-20,0.02525177351383512,0.036840057395204795,0.009157573154020812,0.043858623942326425,0.02404610495886761,0.1302217716180918,0.030924891088948137,0.04941288031619795,0.051253271499589914,0.02732293970366584
2021-11-21,0.008153465359123757,0.009690892638760218,-0.023986389827481497,0.013396230859318514,-0.0037055893583568533,0.08905005117840581,0.014589405469174643,0.0051948168771041026,0.0025059361530122004,-0.012317573313918473
2021-11-22,-0.03006983601304647,-0.04101336376780118,-0.03419136474827936,-0.047196121925199286,-0.023243357566246736,0.07538030927166872,-0.012870960623215133,0.0017854307475984044,-0.03345908233155992,-0.05406968112254695
2021-11-23,-0.008368249670516192,0.008101068845332904,0.02857337244405607,-0.014763644821267796,-0.0037303988623156314,-0.010062098296337751,-0.014428756299031953,-0.01724813591404839,-0.028250454267457314,0.03463531117416174
2021-11-24,-0.0023585331711082347,0.012264304667160886,-0.03147613210201737,0.0011132086899818816,0.03404933711061808,0.19089223639123176,0.0003964037781747365,0.022789307498982225,0.04171575345685419,-0.01750714095962458
2021-11-25,0.024869674176462908,0.02842479065693837,0.011560822401075997,0.046185322036222054,0.06543870400463003,0.07986795494440369,0.028540062635009633,0.0593256781468412,0.019827456903003693,0.03769124273771318
2021-11-26,-0.03955010717098517,-0.03760888912144367,-0.10706481943635945,-0.07339151859930393,-0.07004294326803429,-0.02549616908012009,-0.05319937796407803,-0.06788547198070738,-0.059297824630349716,-0.09658826956557576
2021-11-27,-0.02277121079665889,-0.025639358223218167,0.0021299262578249045,-0.04193751147516611,-0.0223872390804587,-0.040101855236238215,-0.025009647490843,-0.04917481990729389,-0.013910817655308882,0.012066450138641827
2021-11-28,-0.0014829328166356959,-0.00828666696600422,0.028318620189244775,-0.03286677175557351,-0.021393465605904716,-0.10011441095087026,-0.010536275686826357,-0.052771312974258855,-0.0007467330776353975,0.044703622378802876
2021-11-29,0.05319416334651805,0.06421725073987439,0.02552461183157849,0.05418945559804911,0.028025895620240604,0.057235895513419344,0.026118613384825906,0.0241639708497825,0.03452415900839423,0.019896857507429644
2021-11-30,-0.003916420006682131,0.04070263922234574,0.008032171697264267,0.027794054795601042,0.004157601842871728,-0.07872609859252844,0.006806757977603439,0.005564067468146305,0.0054209571424683745,0.0036491792069952567
2021-12-01,0.0006102292035823353,0.03315939298867043,-0.011060947359424948,0.022046527155628937,0.006076341709139399,-0.002995267078039987,-0.0007146745696369194,0.00048621471757392953,-0.006366739404397137,0.0009722362372652782
2021-12-02,-0.011940702080682541,-0.03315939298867043,-0.013231745209619639,-0.03156368339474813,-0.01605479356658801,-0.021582448763975748,-0.013609038620261416,-0.028803318057167182,-0.012193381258271074,-0.007554238846097405
2021-12-03,-0.014641341861134194,-0.016889290347309682,-0.05366884890066722,-0.02742186636238575,-0.020121805541482907,0.0024221807857012223,-0.01228715101692135,-0.005055567748271095,0.008112900500523601,-0.056314774241695176
2021-12-04,-0.1296420252809991,-0.10506174063319484,-0.09639184567506599,-0.20429197664080068,-0.15907663415450202,-0.2093464716335518,-0.16708836963298168,-0.1998716816526791,-0.14890076876958336,-0.07247911331292478
2021-12-05,0.00020374898195996138,0.034739305383627794,-0.047540944768999976,-0.03213589542496109,-0.027794662134593473,0.007472922774468316,0.005205314048767562,-0.046799850168765644,-0.010978188746651796,0.0025122627243643336
2021-12-06,-0.005679743949341898,-0.006755152346146431,0.027095253608710484,-0.03927912310737014,-0.028151001560646982,-0.03953177065552804,0.0034686069824498844,-0.04601522445975981,-0.023506087406499176,0.027947470297315036
2021-12-07,0.04363811281684882,0.0516563366859657,-0.00854184571296282,0.06261559654392013,0.059017253086238064,0.027881110446188018,0.21298714651100337,0.061507035725789194,0.035055125454599434,-0.0015513432250742198
2021-12-08,-0.013645955600587456,0.0009191177117617855,0.05251803428344645,0.011310775047991939,0.003352131256296076,-0.02342022143916367,-0.008148994858314218,0.03227754826050777,0.03082413420004748,0.011209471639816115
2021-12-09,-0.024230925296537364,-0.015507775196514473,0.013857034661426237,-0.0275870559388105,-0.027311912926924364,-0.010553129501162495,-0.08492305877076678,-0.0021425464010498274,-0.04901940709983599,-0.055003369105193656
2021-12-10,-0.017301327428693725,-0.04924513119217089,-0.07622736538788419,-0.03472620144200711,-0.02267346037504847,-0.02928555101528829,-0.046462669871651485,-0.04081937460109675,-0.03955483877699972,-0.03147110044218593
2021-12-11,0.004074841972629528,-0.015806701046523486,0.03645604196098756,0.008449070175995388,-0.000768833134810798,-0.01992860267136365,0.012153378208983767,0.00668025506024339,0.017310141677970847,0.03743566616437022
2021-12-12,0.022291186308459388,0.012370271547942124,0.002383791355276249,0.018461155194045453,0.002736825227307449,0.008908221714264641,-0.011228156910647158,-0.004325106447806704,0.006367740703732139,0.0145572593338823
2021-12-13,-0.026573316536879332,-0.034775236432869505,-0.06771817405495079,-0.03424053669817795,-0.031059266144808362,-0.03659797649568031,-0.04952691412838295,-0.04510178174931401,-0.030303626651691395,-0.07815453615565637
2021-12-14,-0.02215628745085496,-0.03470951897939578,0.03135052988407605,-0.030345001612741562,-0.023685332878869758,-0.07827729383303872,-0.024376844104812,-0.020410594295962703,-0.03737573924932125,0.030820356036576513
2021-12-15,0.019852497633314314,0.018282044837448552,0.018349138668196402,0.01487368872690542,0.010818275959613821,0.0211971746334223,0.005844832767732733,0.008398804996120113,0.014572039421288707,0.022920616550054618
2021-12-16,0.009595176804969796,0.043303385371640246,-0.02205971806473206,0.023688877830978505,0.02633139586195199,0.04520449081682543,0.008830307541590976,0.027933400841327227,0.020245219860336228,-0.02150655949347602
2021-12-17,-0.031590706693119586,-0.0365971440915569,-0.008711940602021517,-0.04085595879663284,-0.031466598446390215,-0.05377563173816213,-0.025428800201049206,-0.033653605158690425,-0.03248880485580141,-0.023462320794983782
2021-12-18,-0.009969023013676193,0.007427361587140524,0.03440142671733229,0.003722404127356249,0.0019403448522057332,0.053825984205444044,0.015783867701261833,0.00670367743948308,-0.011636395562883095,0.017448732144925927
2021-12-19,0.012366367989757876,0.007119277463214502,0.01081091610421564,0.037863643485716914,0.011476872698451324,0.012714327890348542,-0.0013511840905051642,0.006040926574251593,-0.00020893011363742886,-0.0055865166421167345
2021-12-20,-0.01640781981246775,-0.022288613203970797,0.05123355544670424,-0.01729960459654034,-0.021627169479052633,-0.03520806826487455,-0.023630700120741643,-0.036955868169953554,0.013181193374500744,0.005716472278429308
2021-12-21,0.04160059879092515,0.0356271776431516,0.07645643660921075,0.017429921527500447,0.015728298813347585,0.02566711935290744,0.0159527492528051,0.032779346964797895,0.03935157229591546,0.03342772581063436
2021-12-22,0.01195405201804256,0.0037429862788336266,0.0031496089028962213,0.018315494832265244,0.013192683034045416,0.029146524272625207,0.006701403924084914,0.03789816397227863,-0.006038994343790627,-0.004706303358213759
2021-12-23,0.0017543506264079411,-0.006496774475454714,0.03704127168034912,0.010841800913064858,0.0058240387454979725,-0.006940416949332118,1.601665732398061e-05,0.012103843430383954,0.05567127804685512,0.03921939813328379
2021-12-24,0.03936650894380378,0.025248866023991567,-0.08426034361773985,0.03467160710205519,0.028069803464569,0.025170222109984763,0.035070608567839834,0.09579593727908442,0.02464151119174396,-0.006737209226781005
2021-12-25,-0.004005345808675287,-0.006129723741105764,0.01958713327530487,-0.010717504846603276,-0.005122452040621894,0.004102343249639873,-0.0032838717202210432,0.0012315598664445204,0.022714481363292016,0.004690157458398403
2021-12-26,-0.013607808049467707,-0.0024624489172726527,-0.008658062743114592,-0.039213299091525045,-0.007918625941689683,-0.007272715831592613,-0.01416457596855647,-0.014678306461971324,-0.006107918887608754,0.0015036238167276395
2021-12-27,0.018161657241272167,0.004673480403942776,0.008658062743114592,0.012661266114614378,0.023218777925039902,0.012900172632822837,0.018252281400324755,0.023152039989048134,0.08181776767440674,-0.00019590343531916687
2021-12-28,-0.04352906818456859,-0.044920360912536594,-0.07842763329823836,-0.04896084993639871,-0.022026979222342646,-0.06946026567132257,-0.04068293502574427,-0.07895848109514692,-0.05932881993938999,-0.06302506715607237
2021-12-29,-0.026804809593862444,-0.031285137497034654,-0.05018974452385533,-0.012140130935255122,-0.026061526803659696,-0.0635667218612177,-0.006191070598829285,-0.0428770243563914,-0.022546118360764922,-0.04005500874201928
2021-12-30,-0.010603567656234603,-0.019251931499320918,0.02540971552536833,-0.0063259876665737735,-0.01813731009678854,0.01877536109877198,-0.013433414975726699,-0.013851277819105334,0.048546925610201797,0.020455896421882613
2021-12-31,0.004364876089876901,0.009137392249437326,-0.005991629668266718,0.008454952487165102,-0.0017866677607063508,0.00903331782965111,0.005572959860340454,0.016301488349063753,0.03883957396852811,-0.01366651793717466
2022-01-01,-0.004131318044333199,-0.002947088536249254,0.016686918785014687,0.00034317436622455233,0.018014358312254508,-0.02659779161959186,-0.005704269924624583,0.007050557996667095,0.05995387868833735,0.02978773690537828
2022-01-02,0.0028619601688912866,0.011206093787876625,0.0152495623780321,0.010933165678827628,0.018983293112352584,0.01980063887080341,0.013686170238014661,0.022072585529629762,0.007634875543027775,0.0015609347292748765
2022-01-03,-0.00869598429594376,0.00555630480933722,-0.030735279817412697,-0.005090393637872559,-0.012227155769529041,0.0015233001594507911,-0.006489600059690126,0.0072909722852676495,-0.05170657061273776,-0.020564728091990503
2022-01-04,-0.00838457955426719,0.001318391753258652,-0.009650255832161725,-0.006340749857586481,-0.021721164898133694,0.0004697678044029985,-0.0068519180274018154,-0.02471988141203152,-0.028574867018563488,-0.00036663815432902425
2022-01-05,-0.011304449376924097,-0.008467899236293874,-0.06381151274495378,-0.01447517248788266,-0.017428139063594195,-0.022821852407813203,-0.01130393726027723,-0.025473899395709765,-0.031179206220818045,-0.06259744931692168
2022-01-06,-0.06329064309354848,-0.0932395108757671,0.010282866955583975,-0.07675017618205882,-0.06915477934759551,-0.09241108838523004,-0.07706062041376338,-0.0896472966706856,-0.09205539124157003,-0.016520448481168515
2022-01-07,-0.02530590966730628,-0.058875860076684106,-0.024596709260854083,-0.02198595304187645,-0.0149568589562179,0.028133762263702344,-0.013562313389818392,0.03449006711742708,-0.0034217527392907954,-0.05049557436518626
2022-01-08,-0.007572084095990306,-0.020316373102346574,-0.01718482475410088,-0.00810591262341731,-0.017838939138656862,0.045511768402898944,-0.0028385331479396925,0.08382667250258269,-0.04317423829532796,-0.006931079251891958
2022-01-09,0.004688555139415129,-0.010474623622673818,0.003992021269537405,-0.008700950169146182,-0.019992471012789892,-0.04589433630434314,-0.010726050742269955,0.05579130316239045,-0.005538142645884925,0.0030515649273432643
2022-01-10,-0.007113206133427141,-0.011230665128216799,-0.020121403199421073,-0.01764016958394965,-0.021495674546120114,0.031013378109096656,-0.012482150283898541,0.019794252574385496,-0.01119046933693113,-0.010364702854007035
2022-01-11,0.013939171203826817,0.015687851749545345,0.04504072542430371,0.00889378058826562,-0.001502261839323893,-0.010702815138721178,0.005050539273989685,0.004030660000156061,-0.00775062918702929,0.036606764177619766
2022-01-12,0.023102100476522835,0.04685206169128797,0.03562717764315115,0.04400819031719383,0.023835993260068022,0.012234460697917449,0.033123466113535116,-0.04639766181632421,0.05517023416053046,0.036702842996303886
2022-01-13,0.005957896803414187,0.007850281861372821,-0.03952075816228334,0.02491405010696024,0.02128624435749149,0.014300479265297206,0.002375670675130337,-0.00041580774776761587,0.08444531390959575,-0.03226347729453849
2022-01-14,-0.015967291357959823,-0.016068255367317263,0.006480904084083139,0.017940908693853785,0.004112671534265644,-0.024986826196393253,0.002896945929006911,0.005223779670709305,0.03908473457840955,0.015610459620358341
2022-01-15,0.008920208671170826,0.016068255367317263,0.010282866955583975,0.04771262699739065,0.00799234720710551,0.012934103612047387,0.010232812685966763,-0.011765505468817494,-0.002779303635637831,0.003718376796220113
2022-01-16,-0.0008118672231240964,0.0021030501967782556,-0.003843694674562803,-0.01105839807926845,-0.0008568594953128894,-0.005026031949516785,-0.00368311497560736,-0.012810709256692476,-0.02043259659159613,0.00430714041216973
2022-01-17,-0.012798231624723044,-0.023073276164302214,-0.02075301458629128,0.01952572379394013,-0.020788022359363723,-0.02686865536261074,-0.017195066660963043,-0.02570412698832225,0.02219192067319309,-0.025233403246128105
2022-01-18,-0.014560778118848816,-0.029294709353013815,-0.014521707334617218,-0.03678054562128796,0.004963088607167876,-0.039042487978979246,-0.01461658178282832,-0.030798389499710588,-0.07920650221486447,-0.005422661359039793
2022-01-19,-0.0003339455699755689,-0.014012968151694949,-0.01473569865375296,-0.04655677038880146,-0.023709475750743003,-0.0326855321603281,0.004166748841791801,-0.01646948118030611,-0.0017338539237465866,-0.020160866728005544
2022-01-20,0.007107992508768035,0.011479717905261921,-0.02597548640326064,0.009757660206954455,-0.0005598721816113539,-0.010300513584910576,-0.005092000489201887,0.0013519831786767966,-0.011334065808004112,-0.02760359773460941
2022-01-21,-0.08701353047035454,-0.1115800565209879,-0.12840014000013455,-0.11845778368886073,-0.09361438245235298,-0.12895497536443923,-0.06812975632070728,-0.10550892987789684,-0.10602192414221268,-0.12799263608779832
2022-01-22,-0.08569431307660125,-0.13368332597671717,-0.06674567953004679,-0.12299222364713014,-0.1384685089087263,-0.17211865012819771,-0.12508596348422962,-0.17697028531454073,-0.16005621872190368,-0.05382892830121122
2022-01-23,-0.003045258239456672,-0.004874095758245822,0.0556608471055538,-0.0026761958834349286,-0.010251796706534755,-0.0035542429122958907,0.004448667469167944,-0.004896661685465986,-0.018537144672074568,0.04110413110186428
2022-01-24,-0.008878357543636639,-0.03775598834099991,-0.02417523053198728,-0.025603323595182914,-0.030665392482665865,-0.04079241187616933,0.0020015377602264905,-0.06903330010380149,-0.046787805647926284,-0.007883312193451175
2022-01-25,0.039387265863215504,0.023815623187004142,0.012966145997267364,0.018060513090873975,0.017816926229626162,0.02470472754513864,0.007089183504483287,-0.007370551295221794,-0.01123603446845145,0.008079785083777935
2022-01-26,0.026622834230677128,0.037679158420802494,0.0,0.015540871979064619,0.024785228840069173,-0.012886762309062938,0.005000366024086489,0.023742039471239984,0.02851517030802153,0.0008142580417285217
2022-01-27,-0.030905025786621465,-0.036853735344634764,-0.022802290873980502,-0.026409276649879132,-0.03274720086162031,-0.049794792035514845,-0.023242866137469953,-0.012706484816492392,-0.02804302676761683,-0.005875257023257419
2022-01-28,0.018695189541126922,0.006169051026715167,0.008203491452827782,0.0068985775414383,0.008998986618861338,0.021168773047301137,-0.006871415494439148,0.02197030904272701,0.0019209903512367177,0.026260390993133598
2022-01-29,0.020814324334788026,0.049590328148150675,0.004889985294191823,0.022866927235407175,0.022924657782596114,0.059707033285525846,0.02548679622454486,0.028760900043060644,0.049293166112059694,0.011804391522309388
2022-01-30,0.0035898151260411737,0.013563470866474248,-0.018048069871702987,0.0027277455743703882,-0.000503243227391259,0.008078022220674441,0.00040562392640985934,-0.000271540471643128,-0.00038258828031434433,-0.005337015684164115
2022-01-31,-0.010515399704340567,-0.005403332328052457,0.024531074749781223,-0.029028665210495852,-0.04518389776066467,-0.03994475396204855,-0.015352462437897785,-0.04672048567064113,-0.05288840998935296,0.017087316691938526
2022-02-01,0.02625264088862167,0.06371581438610718,0.01761454670098228,0.042216422862536795,0.012245868260714055,0.05181117336551733,0.019301426455650805,0.04542443113855388,0.012298679404431745,0.023239726543371475
2022-02-02,-0.012895657458352972,-0.0061919702479205085,-0.04712488485037081,0.011440406329927377,0.005924860247193742,0.042933145694939334,0.007082082416761892,0.01068394011043683,0.009539283967589185,-0.04727663052200093
2022-02-03,-0.03363794430238798,-0.035326223958408676,0.008285051534106858,-0.04265938169917849,-0.043002166970077305,-0.02369388603868572,-0.03501311753445968,-0.038920261604626916,-0.019413281856329512,5.6226382834978494e-05
2022-02-04,0.048502871435573525,0.06944696973133979,0.0700923768203684,0.0499680265670035,0.044354873108479076,0.041966288470503876,0.027821855276554786,0.05438369336208915,0.07849622928885402,0.09899549643140837
2022-02-05,0.07219242762291955,0.06195308431669044,0.03030534949532898,0.06884686900816739,0.08734551409378355,0.12202951016098229,0.05521301551279567,0.05860758370580044,0.06625752791831285,0.016553493126879815
2022-02-06,0.001684393294917541,-0.0016608540605709265,0.022141125877213563,0.01590612227295196,0.02172898931831657,0.05496391475632478,0.009081855124854599,0.01592895827188734,0.020231405789580492,0.019289363558753436
2022-02-07,0.035405481154352714,0.028835549639888214,0.18717593525875265,0.055056747169225595,0.03878670067727885,0.03193094656936779,0.032109546080407725,0.056979238858811954,0.04607409202328494,0.037139564310908924
2022-02-08,0.017528569694363227,0.0048332621880184945,0.06219012416419897,0.03748623908350801,0.009785142835968763,0.015910416586779164,0.002980008442539095,0.01355772508150821,0.018068671803978198,-0.002315578149339359
2022-02-09,0.0015493987787920105,0.01436118506812889,0.002272728251002526,0.014370112247872768,0.006968607636856916,0.01094312112634821,-0.004220167937156738,0.008887933534105663,-0.001048999406062734,0.014043263908504855
2022-02-10,0.009268873084504747,0.009774632451570398,-0.05842783108073138,0.006239253581744819,0.02194880277484046,-0.031111343172690376,0.00031762732656037684,-0.004131441550452308,0.013399303908096627,-0.02959404598673565
2022-02-11,-0.026190993857357014,-0.04262782863875891,-0.09194640921307648,-0.05057617103495371,-0.03909129179598825,-0.007457037159317004,-0.02735486725967995,-0.024919811453074203,-0.033953801922801397,-0.04032053983265449
2022-02-12,-0.019926288988514784,-0.042815904198507226,0.07495570921763117,-0.05357526362941467,-0.04045754770443022,-0.055524794040335834,-0.03861708483946913,-0.07252930893397824,-0.04202751523579895,-0.0038273653110447725
2022-02-13,7.08641888120809e-05,-0.004796172263493048,-0.00737104074458983,0.011195810663484629,0.02783749810397307,-0.007901082681391003,-0.003142853662543743,0.002520413291227541,0.017268646158082213,-0.0007618851103394775
2022-02-14,-0.0024595604112302993,-0.006546104340441339,-0.011159446248898447,-0.016945768283354035,-0.01118735597798981,0.0001194050219757159,-0.01711826948265216,-0.018327706460945947,-0.00236682392012888,0.010057102145966113
2022-02-15,0.037984101457114505,0.05938353560510823,0.060477918962801164,0.040431147803716705,0.03166341101910497,0.07158952852400002,0.03410527108805095,0.05212348346647566,0.03468667722653951,0.060236601821626934
2022-02-16,0.0029818493612872032,0.0183965168765976,-0.014184634991956463,-0.002765096506928799,-0.0027219067763448734,-0.021977318876564844,-0.0027535391978270596,0.017551525664590173,0.01280015697303405,-0.014910485629743064
2022-02-17,-0.030741828210281597,-0.03316298699289888,-0.08831092233171525,-0.04271238727166082,-0.03277444920565564,-0.02192354160976251,-0.03901859900506377,0.027551495343292487,-0.038592605804709024,-0.08201099338261031
2022-02-18,-0.05430032499532622,-0.05573987741483233,0.024407120352235162,-0.05153189889319432,-0.03712829527337025,-0.06372312756827725,-0.04105730905464888,-0.049326418519290094,-0.06593643399701765,-0.01770881417102288
2022-02-19,-0.00859888990407498,-0.030880892175333408,0.04224230519830069,-0.014654949932613626,-0.005532521995528228,-0.016851326004105438,-0.006186608620243561,-0.028117104831324014,-0.00885335008831234,0.0005905747730459154
2022-02-20,-0.03293376595821407,-0.04309265511496285,-0.05372934918543154,-0.03876902149812711,-0.028814659126453535,-0.03677834457070972,-0.029788202601784164,-0.0576411919312001,-0.04253970427810394,-0.04338827625793584
2022-02-21,-0.006729326323185347,0.009737904665810149,-0.10123268971270596,-0.0027458076191875236,-0.0034802896109322745,0.025002223532916368,-0.002487460831898325,-0.015960192347577618,0.010975042491899956,-0.03942442510847499
2022-02-22,-0.02916933852814907,-0.03953384454427944,0.028013036227673982,-0.06187962352312848,-0.050134406734088977,-0.10749275470357134,-0.036334419807620755,-0.07439188498481997,-0.06537809863790844,0.03165029630130789
2022-02-23,0.021714398361240228,0.034302143523179396,-0.03371105734231172,0.03944385149352314,0.03369839019662901,0.041600125712085934,0.033308126595730236,0.03905878294484655,0.037806488613306044,-0.02345748561848815
2022-02-24,-0.056621434160726736,-0.08113609901346841,-0.0057306747089850285,-0.0951737395667811,-0.06899070574018573,-0.09798712509416774,-0.07234818847866187,-0.11312380718836401,-0.08193970109254334,0.014854431294466508
2022-02-25,0.07199157343738527,0.07850994856400106,0.08136808891460512,0.06464752166620524,0.0793936067055494,0.10996516714778437,0.062365298845794115,0.07333892542866938,0.06412112009665094,0.040749884140113934
2022-02-26,0.01035508419825959,0.046963875860354776,-0.010652564116207408,0.045642114501232456,0.05197737984575035,0.04075439352588006,0.020031212792545716,0.044937020149390605,0.04074259287178705,-0.006371205027910776
2022-02-27,-0.012909034533290509,-0.02173998663640564,-0.032655962974052655,-0.03383046993525163,-0.012475617772977898,-0.024213128387285288,-0.020760925904135696,-0.021282568022268578,-0.003329308677225029,-0.038598597387030864
2022-02-28,0.015964260068438207,-0.011049836186585615,0.07844551838654648,-0.006408224428768428,0.011104142652353488,0.013070487029112066,0.001578381291452935,0.003181697045285148,0.011534404266156706,0.11959935210403749
2022-03-01,0.10362527431144031,0.08379633774198592,0.005102051883895481,0.062368220037162025,0.04210851184845499,0.0946116390816858,0.05146294162921805,0.0825692774770932,0.10578427602195895,0.02277136676309155
2022-03-02,0.00964802721546043,0.010840214552865213,-0.023167059281534397,-0.007605616465143683,-0.012454504489197049,0.025362753081317635,-0.017827865906256513,-0.0017845689689552913,0.01628111319281267,-0.007096208823652361
2022-03-03,-0.02122004265894084,-0.02940382772780392,-0.018397365139716126,-0.00748353842650662,-0.029917114786269572,0.038195271583505,-0.02211215804753852,-0.0017274457187648196,-0.00745742594376253,-0.033467177039998575
2022-03-04,-0.052868722918448796,-0.0652327245670472,-0.058719938204715216,-0.046324654704954504,-0.04191981467922368,-0.02003105291538443,-0.023010943270413087,-0.061041865550635954,-0.041984386025921694,-0.07953176237475645
2022-03-05,-0.0463535740906984,-0.02171556691014942,0.0573927979966527,-0.028987536873252395,-0.041304941373454085,-0.06864496673976106,-0.03475210458631661,-0.05033101217576963,-0.0592720921417218,0.011752967591782237
2022-03-06,-0.004079386822789743,-0.004172204041977601,-0.03927383541417723,0.0049173987462971525,-0.0008789966905551339,-0.010938435613148556,-0.0005632639415926732,-0.012653029271255,0.041966005589571864,-0.03077210798828034
2022-03-07,-0.0172181097944204,-0.0344128292908934,-0.0013821702269516956,-0.02942529334704158,-0.03428382045143952,-0.05450837134539821,-0.02934885545796373,-0.01720470076572056,-0.0495175404289494,-0.01238223099286273
2022-03-08,0.009138665733276596,0.006665384410388775,-0.004158010148663682,0.00015941335917712962,0.006548746652041082,0.12033295752687945,0.0034109298562547963,0.027495338198859187,0.04746205363703737,0.01870172635424794
2022-03-09,0.06843635478313637,0.05585497257094474,0.06323558935715523,0.05463859324424725,0.06959496029007894,0.13930157857940184,0.05119563336886834,0.11075545158472622,0.1609177279075027,0.07149448983736306
2022-03-10,-0.043784199563345894,-0.0342074322317103,-0.04125668263837995,-0.03340628941964585,-0.03765459925875003,0.0029603802895508124,-0.02805368488874649,-0.004233291664600181,-0.10751415139911735,-0.05420997370688241
2022-03-11,-0.016469880751605714,-0.012312583403182309,0.08587848913763832,0.005582748872509313,-0.015371768226547289,0.08752057468116536,-0.018053661684017897,0.013196200507115563,-0.0194829172858757,-0.012284468728260833
2022-03-12,0.002439119532169798,0.001160766235962285,-0.02269958751610668,0.0251694031180838,0.015100438347857015,-0.01400540675871298,0.0028595885851672165,-0.02506163550708429,0.038896492947707806,7.384309111024834e-05
2022-03-13,-0.0056575782239516315,-0.00465117117573044,-0.031090587070031123,-0.006690130713485232,-0.006724284195103181,-9.28806948143901e-05,-0.010946301203317077,0.008112247996824529,0.039561585963562074,-0.026619553132793072
2022-03-14,-0.0031512359797982725,-0.005063301956546695,0.016960615307045235,-0.01494540902604502,-0.018575996525814098,0.004012532944910774,-0.03567145222664614,-0.03616516130877656,-0.025738522233829997,0.03765486564374676
2022-03-15,0.007191957482254097,0.003897121066363418,-0.007792247220165804,0.015630712156717408,0.00934858252693438,-0.07024919459331258,0.0024278656057044046,0.007725369319638631,0.015826424452979992,-0.00047833198958002754
2022-03-16,0.029484237711457695,0.04189493097007002,0.030811166400397744,0.02463250485361801,0.020188397168779737,0.018980245449137456,0.017002292063267532,0.009459607345094767,0.026342559286010037,0.043834544294600875
2022-03-17,0.015442029192689333,0.036980234247429244,0.0012634240467719882,0.017146985050744412,0.013430636614356395,0.07295116674606739,0.01898269722051804,0.010847445263844513,-0.005457547442785149,0.004677859667264528
2022-03-18,-0.0010810811863741776,0.019224515168629885,0.00503779402995716,-0.002311421547749326,0.003984518549700056,0.003904502877447591,0.004232457677109558,-0.021803377475460017,0.009401803611778448,0.026209120267688846
2022-03-19,0.019837332547377073,0.03431284461017814,0.024815169119723868,0.02217971452351719,0.052664160526947335,0.11379877807848615,0.040802540572101975,0.0549960103251097,0.026071269008521192,0.009590842210656092
2022-03-20,-0.0019298971082903904,-0.016835992928379895,-0.01109068669415808,0.02048965331603725,0.024887200390330655,0.0059261640300176666,0.012600283917014288,0.07690047028335467,0.016359322442025537,-0.024699086620167066
2022-03-21,-0.007586719700201527,0.002768167857612802,0.03410805658090657,0.009299633448588196,0.030007475507752623,-0.010125491051618418,0.03250406995030719,0.08651106830251099,-0.02579864897429829,0.0037634424645673903
2022-03-22,0.03187110566434548,0.0336366006612705,0.001196888233846144,0.047490114458661026,0.09645853132494953,0.030992214024637477,0.04675061708934436,0.07041266676357427,0.015449419582330925,0.027287262899978515
2022-03-23,-0.004345881801549822,-0.007377632390092259,0.002389487397381429,0.0006208583773181786,-0.006125862903615165,-0.008796861773535447,0.011733444175860086,0.028101578845497244,-0.007395837620007839,0.01578967153570332
2022-03-24,0.025173408608507586,0.03082265539787521,0.005948857519772421,0.020429100530396482,-0.007021457072323933,0.04505617079372559,-0.0017074310642977153,-0.01841326751805017,0.030186468797355204,0.026364844793071995
2022-03-25,0.021690843330793186,0.0213117526737161,-0.021583571667174506,0.01620598522935701,0.009654566900897166,0.04820762585415039,0.01192414095337746,-0.010276844367022697,0.008680268544543068,0.000326992371801893
2022-03-26,0.002616621541658759,-0.002879541263419938,0.009650255832161725,-0.010175491225032474,-0.005253814886619246,0.05022013483598631,-0.0196326818701813,0.00770972847170448,0.013176849004183921,0.009383394170844994
2022-03-27,0.012091504236124706,0.015262617420141567,0.028404276430937125,0.013130903329789056,0.003935372329317843,-0.011823045034597968,0.020410904820997722,-0.0013718278637009362,0.026077619671203145,0.04486155359829169
2022-03-28,0.05144685482000355,0.05464834152040687,0.020785967759834656,0.04076663098705513,0.04237069715859931,0.008977242873521085,0.06339152693795835,0.0419520184757749,0.03972540641709976,0.00838969491702457
2022-03-29,0.005145085574008945,0.018354570926575775,-0.020785967759834656,-0.009722634534932162,-0.01240562387906774,-0.04115007599778675,-0.0012039082162260684,-0.021065344442921408,0.015088551239901271,0.014584876866251761
2022-03-30,-0.006456672146919473,-0.005589071763406395,0.005817352065913328,0.006510124410120888,0.007886236834082183,-0.018186257952501172,0.007058683854682002,0.010009774051919607,-0.0058755533059677845,-0.000935039824499384
2022-03-31,-0.012075152310602633,-0.007401958295668365,-0.06222102299720858,-0.02011218496832612,0.005688241819245654,-0.017256697213246852,-0.010772133890178281,-0.0003101115291794798,-0.011731665610927422,-0.03311111875683892
2022-04-01,-0.02492617959891419,-0.006559355658730226,0.0195605258544935,-0.03564702353775484,-0.01070246279956244,-0.03605898119094064,-0.024320646435002757,-0.039321179656865546,-0.005753827371079545,0.028318945806930174
2022-04-02,0.0201368058402025,0.039876288731843346,0.0,0.023148384797637256,0.006699471728937922,0.01542259364676557,0.03352734641620181,0.017888811407027916,0.01242885112520753,-0.004282932169651588
2022-04-03,-0.002781043281684603,0.0025836098769289606,0.019185240721348668,0.0009256366390202331,-0.004713109339640198,-0.03802584504359885,0.013051868113277187,0.005357107493584756,-0.022850304586291337,0.016117449534801764
2022-04-04,-0.006063118117094035,-0.0011474470564767358,-0.017975319218635433,-0.010724879896670814,-0.004748791398720087,-0.029218954673353004,-0.010250144346353629,0.007032302366095422,0.007418552412420176,0.0011841116878539282
2022-04-05,0.006581107466727687,0.002007169132642872,-0.010942358420944265,0.00034364124192887147,-0.0003635537417912005,-0.0007403680198443396,-0.0019419664930264702,0.003969211484139201,0.03821767944972976,-0.01896529754830567
2022-04-06,-0.03761751089053611,-0.05838922472867303,-0.06568016686215569,-0.05958193417359858,-0.06477222766260304,-0.028839827793164297,-0.04846283192428302,-0.08218661403093552,-0.024206015596501373,-0.06699532244625672
2022-04-07,-0.02681600623017566,-0.024282736078905742,0.02958415110528298,-0.03966961937182578,-0.0456582266601,-0.01301989331632658,-0.04264926433592997,-0.05280460033721379,0.008413409990230214,0.013244362138241428
2022-04-08,-0.0034117924240764097,0.012676008345211542,-0.04802999689603446,0.0013932245697532153,-0.004713806388228825,0.05195767680552432,-0.0024909966763582148,-0.00418582143001256,0.013542152556726528,-0.030631635069768848
2022-04-09,-0.019870520144664283,-0.010810916104215806,0.013210231736806466,-0.017879289745343918,-0.024719687577850813,-0.04523474006624095,-0.028546507235354568,-0.009570879464720683,0.023402724330020774,0.016368354067347823
2022-04-10,0.007088565969574745,0.011732150623537052,-0.005263170044274623,0.011000151066025587,0.005785830623338484,0.00301601588222411,0.00374996833706831,-0.0017042473428610094,0.035523089256709994,-0.010481484986778256
2022-04-11,-0.036125986240394425,-0.0535898780173234,-0.08821142513556723,-0.05765174564847708,-0.0609678626322836,-0.08141045666942759,-0.047379205646088884,-0.07348815680078946,-0.03932945090616613,-0.0747023819628545
2022-04-12,-0.03220719677928763,-0.024587372014366338,0.032603880092815896,-0.023826389503506462,-0.019361507992182503,-0.05757143629490624,-0.015025618932271279,-0.027042874981665577,0.042493677617095216,0.01906800157693489
2022-04-13,0.013136151077263847,0.017111309240011252,0.00971555178609601,0.034056514256378456,0.06415144355909952,0.015871294743435627,0.03496746046375776,0.015563120469239244,-0.02115629670312913,0.024920955694346603
2022-04-14,0.006061819360441589,0.001629992210931519,0.00413508514780303,0.01488581687166679,0.05536206953942724,0.011182461324649395,0.012679688573975056,0.009623238800994471,-0.0005193367199787247,-0.02966047895480628
2022-04-15,-0.011837382294912047,-0.013775226023904352,0.0805716123243598,0.011836290842693664,-0.0035369702893568444,-0.02077049685938981,-0.002762174040834786,0.034089899130601786,0.007297429103693354,0.013956450717254043
2022-04-16,0.004291479454479941,0.003955179842927592,-0.006365393867076019,0.014638969474384034,0.012649917228480412,-0.0052264450615711056,0.007030850120639087,0.0018587023882972176,-0.00542307862625524,0.0020387874981508958
2022-04-17,-0.0020070128272777765,0.0029561525879877593,-0.04305948946044699,0.011087503341948413,-0.00011070583722361249,-0.007082733425715304,0.0031373850668918735,-0.0026418635429950044,0.018729428682471294,-0.02394231792859003
2022-04-18,-0.016454896266582253,-0.029624399670148627,0.023716526617316047,-0.045522940599606265,-0.053013261597035566,-0.010401426924414814,-0.041501893944547064,-0.03357359779983504,0.033493945632000255,0.027384273747339094
2022-04-19,0.03444771280678793,0.03746501481237896,0.009073296205674819,0.037127612858744996,0.034597650377823363,0.09879968491147739,0.026799355977196626,0.033739494888721744,0.04693366243633079,0.01776500089171229
2022-04-20,0.009986509212483341,0.006487210554585232,-0.0314573775892123,0.0028625040659120415,0.0010025539267504158,0.0008279898965275478,0.009561377677946403,-0.007000763808468591,0.006251471036324396,-0.00610835198044235
2022-04-21,0.0058676582354841855,-0.0019417481829115957,-0.026992192014356264,-0.010592969613702152,-0.013656092981363166,0.038465923209754393,-0.011328974560553817,-0.008724480934750645,0.06424129176868743,-0.02639860787356163
2022-04-22,-0.038047469864057604,-0.03293020628604815,-0.016552102028731808,-0.03839028909608189,-0.030735030869688984,-0.008627454211404206,-0.03367951624425913,-0.02822731687379143,-0.012317286360799429,-0.011808821371442235
2022-04-23,-0.011649449694690617,-0.00908027089800445,-0.014005831188919182,-0.007636410954833472,-0.013372261449136502,-0.04194711672849838,-0.02577519598148026,-0.005058804787466009,-0.005878967827998238,-0.007901771822487191
2022-04-24,-0.0009832470632940016,-0.004740950295530233,-0.014204784298317286,-0.010615189348555099,-0.016668926493348835,0.018927650173224286,0.0020881402514678626,-0.01962610396909259,-0.04935933030117745,-0.002599202147324675
2022-04-25,-0.010625044485042423,-0.018154292046440368,-0.005738896669018112,-0.029199787653931608,-0.016561772119246143,-0.026244521172053226,-0.016168175211054958,-0.04115641358747979,-0.03952100973711037,0.025113379126612045
2022-04-26,0.011860250530746796,0.016795596185247064,-0.08400739118725725,0.004165554885607214,0.007997934010145258,0.03474851041271343,0.00846927069699177,0.006387243171017687,0.013616694091312276,-0.06502337885233267
2022-04-27,-0.022522097389252593,-0.02652127201254295,0.020140107549118158,-0.025357498057245742,-0.01879077962987097,-0.08102468588592426,-0.02329136683746924,-0.030885998366292355,-0.09888667756664216,0.026578854642375305
2022-04-28,0.02052988903639097,0.017644463979709535,-0.012345835822299311,0.017421181173221,0.0110753007737312,0.005550803978297658,0.010216138434024913,0.0178219849696033,0.011458283908174494,0.011343156478650585
2022-04-29,-0.013059792305361029,-0.0148560341492594,-0.052601766932758365,-0.00413969332119013,-0.02201576926321991,-0.07641046809160557,-0.011273180105119351,-0.013530764854590593,-0.011800254186398185,-0.03182996103749858
2022-04-30,-0.01525606190340767,-0.021105250489433125,-0.04348511193973892,-0.010708638948778493,-0.032748896584786635,-0.0737759916194376,-0.030139877474106846,-0.02939446151352243,-0.014509427122211704,-0.03220230559749204
2022-05-01,-0.011780668328620791,-0.012520285175567025,0.03691694382764188,-0.031391827626627844,-0.04093772608316826,-0.07044414863126125,-0.02899457395358329,-0.055750519489161654,-0.035439043417101246,0.026657813838079747
2022-05-02,0.01631476597490078,0.01995789693633654,0.011466137087644213,0.028729108585663354,0.017864635263979523,0.016749809844312402,0.015815274422063652,0.019476542346480663,-0.03442463616893221,0.002555610517239515
2022-05-03,-0.010916571476720094,-0.0035348216374933017,-0.018077731419957055,0.0016263978879811347,-0.0002667134600828902,0.008707281683224544,-0.010111966607349032,0.0005042101654746389,-0.010821754664712913,-0.02092767172103649
2022-05-04,0.014142672115843524,0.009866182921054012,0.07351551997690459,0.020876637478935756,0.012493927845894426,0.017398773441924753,0.014881910283026656,0.016541972811564776,0.03278313293515289,0.05548525860734088
2022-05-05,-0.00924146829026995,0.0035001785822093012,-0.08184196275345829,-0.00020506110404472366,0.009112788615947665,0.05571021218614014,0.021810753949402795,0.023240398246525906,0.0108901580374825,-0.0780232064420403
2022-05-06,-0.0614848299292543,-0.05383431105610992,0.0083264427765537,-0.06042322214910101,-0.05943344462445488,-0.057242250939162354,-0.049082021515569174,-0.06587283038535485,-0.0375333025032365,-0.013600815368670638
2022-05-07,-0.00785733201855976,-0.01298960553993389,-0.03544674899574762,-0.0025760895102200365,-0.00022967177088606405,-0.047155137917277656,-0.01006494586532547,-0.014021870070541453,0.025176512411513308,-0.019759565818846525
2022-05-08,-0.03719800827745523,-0.046644540882547325,-0.027876369528254896,-0.022583725589805148,-0.03166202130581386,-0.04770481212984912,-0.022770794856469934,-0.030268934107689383,-0.019955766782148388,-0.04526493424494937
2022-05-09,-0.05549546207509337,-0.06341716705034539,-0.1401153617108748,-0.07297194437430221,-0.07587915410606438,-0.0682706573209595,-0.05624277706112135,-0.05850257803599934,-0.03818058897667154,-0.13197206439831
2022-05-10,-0.04267130793191143,-0.016821254490142934,0.041797128678461415,-0.08049102140144804,-0.058454140537384625,-0.08120726767952302,-0.04540774499768485,-0.05419748897058341,-0.13606540040335258,0.02626245843644348
2022-05-11,-0.023932545352035817,-0.0327615506752954,-0.2144098713454552,-0.06628472606927982,-0.062423305492943726,-0.10340372371613427,-0.08746989541004258,-0.11172429072920576,-0.1085207904517258,-0.11465919717252326
2022-05-12,-0.06956973372279407,-0.15312870733156547,-0.07002860436048342,-0.1819743902393025,-0.1343380808466197,-0.11229858582063912,-0.16197783267628552,-0.22117866687505572,-0.1558286759974985,-0.011078763017355442
2022-05-13,0.055779135521417444,0.05707328934532363,0.08916794457118082,0.09718582876326742,0.09173703190074534,0.19400714741970226,0.06727113399624507,0.10021660108267838,0.08374176056145277,0.021258362985516754
2022-05-14,-0.026224075660513435,-0.026889911522225418,0.014117881545785083,-0.028830140038385466,-0.033713461508228626,0.029993117902319177,-0.024343370298448352,0.00040735963629412453,-0.011392900509975767,0.029861105261014487
2022-05-15,0.024300041230505443,0.023023304481578855,0.04343539903177207,0.017134948842071118,0.032316432359644764,0.08146236393642603,0.027740817933255446,0.03257192796023212,0.09944068963582531,0.040793875849438166
2022-05-16,-0.003959215326053922,-0.011690342585287894,-0.05755328057755715,-0.013637042535049382,-0.03266263794987179,-0.005703321404004313,0.0014874650881835372,-0.03897303936401553,0.04324741409391919,-0.05195135255422123
2022-05-17,0.009423076461185786,0.013142072818475015,0.03949409903915968,0.04875704933528713,0.01578321478746414,0.0044845864873384045,0.029092893505549444,0.013402070073973427,0.01982601145107754,0.026864308175841956
2022-05-18,-0.022036883880927505,-0.027949845855667732,-0.07568622763257649,-0.009955826612591423,-0.03220666402323147,0.00928111237324103,-0.014802265959470873,-0.013743705142720053,-0.023667608733737744,-0.07256799144739823
2022-05-19,-0.0025351983426631364,-0.02059856804061777,0.03381964823978645,-0.02086779637142211,-0.03853786645236834,-0.05278290107256112,-0.05611265156230427,-0.03607661434079379,-0.04091378377219712,0.053256570581927676
2022-05-20,0.009298005269299026,0.015613512851698985,-0.024039619186146832,0.013525325809409239,0.012531811216729416,0.043060803324443064,-0.011999591377086727,0.02894401431970639,0.06947417245522836,-0.034240375551913615
2022-05-21,-0.016192359192249484,-0.015106027431013302,0.012092045765028647,-0.002727848702382296,-0.008994754551584272,-0.02192677065197035,-0.04023065412460669,-0.01754933470652187,0.0205441325881095,0.009947750352944595
2022-05-22,0.015353700326272701,0.01610502851309814,0.016686918785014715,0.02056148533724489,0.023382975898492475,0.01814697206600613,0.030915086523883417,0.02603071377503774,0.019381807966482256,0.030732805799731366
2022-05-23,0.010383199869545834,0.018793827144026665,-0.043485111939738696,0.010897840060800412,0.013918267364432246,0.006301111566062723,0.038489724605270226,0.06619426178836196,0.0648968993855421,-0.03862664912821856
2022-05-24,-0.02679392868056496,-0.03540634107781049,0.009828088936262525,-0.03197702051595108,-0.03544382672236246,-0.07716363596084186,-0.010974844998014266,-0.02845835720441059,-0.0033582786817456522,0.013605040184680561
2022-05-25,0.015101014913785349,0.0015216842905809713,-0.007361996441069052,-0.0023617862618001695,0.0048225102018513155,-0.00644185053847135,0.03290931329062374,0.024121413628252597,0.04539193943718267,-0.007632770696474722
2022-05-26,-0.010166430550242467,-0.05148004322424793,-0.030002250303798772,-0.06038224595516262,-0.04209752387928045,-0.0905250420371857,-0.04526847011827195,-0.03618767572723236,-0.020224336684377953,-0.031718725416343574
2022-05-27,-0.018951579009923947,-0.061058280400497544,-0.03355153417123291,-0.04309447085123885,-0.04122853295902651,-0.042318886032632896,-0.05183367765713287,-0.06847631034758006,-0.05607872287680227,-0.031247078338985546
2022-05-28,-0.0005537098701822174,0.004527455384963908,0.01562531790308086,0.004292091760645711,-0.004366979106920965,0.010981626734491101,0.015492352392445952,-0.003603671791579721,-0.031181038624510826,0.025894435276688554
2022-05-29,0.008822775731106347,0.0123458358222992,0.005154650588664489,0.005050275158251516,0.019893309500457868,0.003305484600007347,0.053815085387094896,0.012379934850595298,-0.009237162399462484,0.010426499397816258
2022-05-30,0.04839140750049964,0.06006674174617732,0.07190208890630989,0.05151267278726124,0.04685890645377988,0.08798963913021396,0.04611434899558642,0.06771638781370548,0.09619447379632895,0.07817390532273549
2022-05-31,0.03602315663937539,0.033568863287815276,0.014252022707201495,0.03132638174676927,0.04529637301838285,-0.005439799610654106,0.011235866302425457,0.03362547250410142,0.023816378907704383,-0.0022118626519098683
2022-06-01,-0.019584430296216482,-0.03567191348459353,-0.060772038342094215,-0.025550398214081227,-0.005746574840375551,-0.02200610400129932,-0.015263527076379013,0.008734789602819149,-0.012954965409662123,-0.06686987077808482
2022-06-02,-0.034449504796141284,-0.04191908733462846,0.017391742711869163,-0.05302061740397601,-0.05652838798207771,-0.03225573480509958,-0.024017265543004207,-0.06570931472119579,0.006954369942937966,0.01650804977348841
2022-06-03,-0.001498975980611661,-0.01827799431118482,-0.04020642047804057,-0.00485434008556318,-0.003018768687864437,-0.0011368070324300206,0.047943434442057065,-0.014217442979354011,-0.013988086333948324,-0.030288577942174655
2022-06-04,-0.00988266196468146,-0.008983777434511175,0.005115100666770456,-0.003970528054750844,-6.46722464674454e-05,-0.0019422466953766815,0.006407493685752108,-0.0027957652960237667,-0.014512952695809211,0.007245291963256406
2022-06-05,0.0038977234252328685,0.015113637810048708,0.01015237146401804,0.002860368394946633,0.0025621303369645076,0.003836207755738563,0.019829159884833913,0.005310414014535247,-0.02123744672701111,0.0027541768499297348
2022-06-06,0.04645751539668552,0.04135518568191365,0.017522350692202426,0.03201197709883097,-0.0026591465495275912,0.04089144582823856,0.025514127263738473,0.03813193990107866,0.01370543402688984,0.04033169685306781
2022-06-07,-0.03970615285397727,-0.05252848628003903,0.012330612457478574,-0.04457890841916967,-0.03950858330965712,-0.019277731422121747,-0.0309236203468366,-0.04040682564126996,-0.02654449569923667,-0.007898147840066372
2022-06-08,0.015140785104859944,0.013393057336437586,-0.014815085785140458,0.005080912670418769,0.005864791541992709,-0.0001742938380644432,0.013056837936014531,0.0006676081901577646,-0.0038356417459803893,-0.026468904216066846
2022-06-09,-0.007277309558645584,-0.0027754666720349874,-0.004987541511039084,-0.020806824438003524,-0.013203530525295548,0.013042227870978529,-0.0037458825950578145,-0.009732855315528255,0.0020485805559369297,-0.003008096564780516
2022-06-10,-0.019489370794040894,-0.0310496294816085,-0.04604393850140687,-0.044425793545944,-0.027493278350175565,-0.032391318784656065,0.01633980450019301,-0.03515303532990455,-0.03287540996606353,-0.04578015201446384
2022-06-11,-0.026914192849625707,-0.08680289163497079,-0.06488762220587485,-0.05921134767784775,-0.050518948857893875,-0.07366720042021235,-0.05813059455441438,-0.07233900725191589,-0.0494567680225213,-0.04392960552548075
2022-06-12,-0.04416541129768348,-0.07598590697792229,-0.03409421134297608,-0.09459524441217448,-0.07071081304324345,-0.06559282421894075,-0.0808161283832507,-0.0839916433968817,-0.06325662635366225,-0.05142249273617594
2022-06-13,-0.13085749762579013,-0.15201620729862508,-0.11633899208414977,-0.13467786365377687,-0.1266533955888285,-0.12321087426780775,-0.09254745315302015,-0.11746395544161858,-0.11331104012161042,-0.17512513200998114
2022-06-14,-0.0900452778764187,-0.06323013419179624,0.04445176257083383,0.010127529212315078,-0.06597335376369706,-0.08167465124650963,0.1273482093753584,0.0004235393837284107,-0.1535211244429835,-0.003365465295546599
2022-06-15,-0.03840876850134123,-0.04887384967933439,0.06025919151819692,0.019046068334167998,-0.04565496056938745,-0.014998228793326795,0.001057438214370876,-0.013333057212190802,-0.08922431861182023,0.02494199448059753
2022-06-16,0.005191658254862119,0.007005282588409045,-0.1014694601648598,0.03878338060255837,-0.02852575675162683,0.016501399827166807,0.02121833282495711,0.034814235541758,-0.022543620261944675,-0.11121793326255869
2022-06-17,-0.03600141846810345,-0.05193646985879763,0.041210268646662884,-0.010544311743851509,-0.021646128962752087,-0.019241083928791092,-0.004374064289097035,-0.0008062008798117581,0.022685537205291872,0.013114871066731482
2022-06-18,-0.06689484313935345,-0.07538140706227914,-0.04445176257083383,-0.01940923245489712,0.02607818875332857,-0.059321539464147754,0.002547579763062746,-0.04092185509960622,-0.05774186300118345,-0.07844671120028579
2022-06-19,-0.003937420898736832,0.018655425661501468,0.05372539935616305,0.08803938434377345,0.0010049396178732906,0.04697996363349777,0.09630514597450279,0.017679361193525533,0.010338763020830477,0.08583971546627644
2022-06-20,0.051988650578032036,0.07313473606717036,-0.0030816665374080454,0.05234668112299712,0.021248815102797636,0.06630217668670912,0.07982806947962295,0.0532960517927199,0.05113007080040344,0.007307701163025371
2022-06-21,0.03429571801897957,0.03465473390606011,0.012270092591814219,0.01739404199776029,-0.005766498508386064,0.015267243155604682,0.019639003474417827,0.04665823994063789,0.06323101572763257,0.0046633592764546705
2022-06-22,-0.033409062131129375,-0.0519830288671308,-0.015361285161487048,-0.0289098956039604,-0.03407439658480271,-0.038691599858021064,-0.019528386627358785,-0.02222745315033059,-0.04922697881452098,-0.041079377892629054
2022-06-23,0.009896705145965967,0.013705102591649698,0.03945883674054773,0.05387144010024825,0.0045855764727003034,-0.0037819534515106668,-0.0025948149932526476,0.027124101285607605,0.022682921278046386,0.061253621234540034
2022-06-24,0.02755180646026467,0.07092687426552757,0.09639184567506576,0.019136051463544135,0.014916890069412325,0.040477187818270366,0.018801558235010063,0.06507463021941318,0.06724460935712884,0.03650881105986059
2022-06-25,0.0080773212589893,0.027513198547725715,-0.008141157583699932,0.019286470505876174,-0.03499716823384258,0.016887397449205643,-0.008478133455785297,0.025812193436946185,-0.004173838603258595,0.004183413353889165
2022-06-26,0.00497443420999133,0.015504186535965303,-0.019257816604414613,0.0309026476175438,0.026816569784427813,-0.0018199168448669312,-0.007238882206892505,0.0041414337442740035,0.03651244101644213,-0.024080875735700502
2022-06-27,-0.014903124348883523,-0.020450610471291597,-0.019635974516858834,-0.02981372466539689,-0.02563708562793643,-0.05029409296998466,-0.03777252354721217,-0.0338216411753991,-0.03454705042165873,-0.012033802416201667
2022-06-28,-0.016576818047298048,-0.01582706923548649,-0.043422161450277885,-0.03693992895539466,-0.03850595405153179,-0.051558381806963816,-0.03449049233783974,-0.03521261504473028,-0.047448966905141,-0.03289576707583031
2022-06-29,-0.027723771964090815,-0.058789614616856944,-0.02698814471764699,-0.03998600536825325,-0.04252543085544236,-0.039954216759150896,-0.033350232446135664,-0.05992777614601019,0.0025911514188363682,-0.016221307094721027
2022-06-30,-0.040027634434794734,-0.07007474386790591,-0.015314234973042407,-0.019158664068899434,-0.0374182404419523,-0.08960475262634349,-0.043517098096756524,-0.0812060044224614,-0.06040603944483269,-0.04656912755236142
2022-07-01,0.009159740880336997,0.017984393855252634,-0.0281708769666964,0.0027595274214897714,0.006062120554260808,-0.004695323518411509,-0.027772850335555432,-0.0036525578643300527,0.004362163220321236,0.013223116998597462
2022-07-02,-0.015538603427780018,-0.011320875624481808,0.0031695747612789926,-0.024758617235292046,0.01554901038128964,-0.0056337126209249355,-0.005690050229480548,0.003128174003336426,0.030784500665225423,-0.006147894086865335
2022-07-03,-0.0034918602255658016,0.007561472700576388,0.02191010963574458,-0.009307746528400163,0.006241144047340441,0.008178975999088234,0.00020851301860247418,0.00958602666246211,-0.006863963790411098,0.0038199761411199518
2022-07-04,0.017697745223477668,0.025105921131076236,0.015361285161487048,0.012483072398924655,0.013726033907156321,0.032026983707321044,0.022267291805497358,0.00757508091994108,0.02791558938720673,0.052073584708249854
2022-07-05,0.025322937228418496,0.03960913809504607,-0.009188426054406174,-0.008265000088387264,0.0005698276425620818,0.030004640412466976,0.008674361830733446,0.018621387850734195,0.027573414591672396,-0.007882702638454475
2022-07-06,0.008614518603684118,0.007912129187949368,0.02130978658675109,-0.008373922447709958,-0.003471482669302084,0.005564941408763957,-0.009156423581053286,0.0015860066994668465,0.013365934095209475,0.026694692762657013
2022-07-07,0.029218416205832654,0.04870676481155822,0.02967576814611661,0.014450802558416243,0.025454517389134068,0.02139513554049266,0.02162930691021625,0.02591306027661089,0.03463755112975786,0.04755153245813126
2022-07-08,0.04638649069672418,0.029583094034563828,0.005830920310793131,0.030646666478602924,0.022091769536764616,0.01345515923739704,0.029998674240074408,0.030568862864813084,0.010946052103510517,0.0038714106101664925
2022-07-09,-0.006364160937970098,-0.013040119580806753,0.0029027596579613846,0.0031147613154964837,0.005056648744814929,0.028676450965567035,0.0034811385764674796,0.02649629714373436,-0.02542998181165146,-0.011017718106268504
2022-07-10,-0.022504400100755717,-0.029977265502884265,-0.059719234701622215,0.017906749446951142,-0.019441304518312386,-0.024364730797361567,-0.03347981281654189,-0.021753924219726883,-0.0199122504332383,-0.03717310633566662
2022-07-11,-0.03192271834564231,-0.033522692038643775,-0.03443219642148421,-0.04934222807289812,-0.042994495581848646,-0.029961111086056036,-0.041142669271077015,-0.0560470916396647,0.04169912873121717,-0.04831125166650452
2022-07-12,-0.03535131592151686,-0.06593810149199442,-0.006389798098771049,-0.049190905990234235,-0.042965895079797534,-0.06931081328909494,-0.047557943332621644,-0.061803456935341394,-0.026149521450946622,-0.033839993403688595
2022-07-13,-0.007926468003393694,-0.004679465721959097,0.040821994520255256,-0.003522005795365768,-0.004298008096007777,-0.027123787015624234,-0.0033174114908658403,-0.005141650072317816,-0.028138063574756345,0.04534712999844537
2022-07-14,0.02866246090392721,0.05475820397384634,0.024317307650706388,0.027128010928906043,0.02291592440819734,0.04044195031850961,0.022916255732845503,0.025590784501760222,0.037040679197300364,0.03321674935737917
2022-07-15,0.029694031056363812,0.08017932902766667,0.005988041844622538,0.038592800878725075,0.028783299582615385,0.061219874241870365,0.02483394857612442,0.043522604821162325,0.06116846063933945,0.01441530975748151
2022-07-16,0.004081932337200556,0.029877070862944777,0.04665569164079919,0.02012419055356718,0.02086420599422567,0.04076387416666272,0.002103448724696033,-0.011188414853570805,0.025582510757296006,0.0405517764876393
2022-07-17,0.016964459207725824,0.07433524488197296,-0.017241806434505902,0.055783977084323144,0.03936647217923461,0.009050574750711249,0.028349119261541045,0.056431891715377436,-0.004436644522882283,-0.012832956541243945
2022-07-18,0.027099662030686034,0.07262977528441095,0.053609450605380804,0.03523665935015341,0.047691809785614936,0.028616205250097337,0.033386192108956436,0.04021253904852973,0.038069911889498265,0.08996620287914148
2022-07-19,0.03195217664842254,0.05997800039073553,0.019048194970694543,-0.0001739130439171177,0.054778426032208394,0.02120419699852949,0.018496679111047243,0.02519587230494791,0.005573326382741328,0.02693275720059951
2022-07-20,0.045752521787662204,0.009014871096216126,-0.02455785078166406,0.019241466275150998,0.030923606310229168,0.006723440081949583,0.0073455508701520955,0.00825275031129058,0.02450335552003846,-0.006227337031040392
2022-07-21,-0.02718213113920598,-0.024660561821951532,0.01371763622879918,-0.03024183078445386,-0.04095420739896838,-0.057764317165361234,-0.028533158192572294,-0.04437171262698669,0.014915394408041571,0.0052915811368130505
2022-07-22,0.009071045902164343,0.039928033952739916,-0.024828861653869883,0.01485413451162021,0.03361864949215754,0.01645615954799151,0.04463562382049879,0.03891137773353748,0.004123498128606684,-0.023307199405691037
2022-07-23,-0.02773027411119955,-0.026224720011210678,0.0027894020875784964,-0.03036079396943503,-0.023384552340365516,-0.0399161000743824,-0.019263837029345865,-0.01604499018334682,-0.024096743479118388,-0.0012939849461410802
2022-07-24,0.005890576636144118,0.032518006986999914,0.0027816429618767735,0.03606206368839082,0.04070185545181371,-0.00175182526553197,0.007763933424624447,0.006411930386618359,0.018061778300767273,0.01689152590208387
2022-07-25,-0.030716460366848608,-0.04425217030864825,-0.05129329438755037,-0.029599804339720315,-0.020789915996302533,-0.04583719359001481,-0.030569377091730132,-0.0396375780149385,-0.019372728315817156,-0.07159762733740038
2022-07-26,-0.0432250769397875,-0.08266910445575615,-0.01472780671024343,-0.06013564566839502,-0.07540133387646808,-0.0529305723786786,-0.0542927004144107,-0.06604495801517185,-0.021587328529101946,-0.009703320918177383
2022-07-27,0.028499702488103296,0.06213178110700657,0.06045005604833853,0.0319718666642288,0.03024358281809736,0.0632439763154542,0.033320708760437245,0.022361685263722286,0.06866546443440225,0.08994077029236713
2022-07-28,0.0743852108580203,0.10956851705803139,0.03836086787244619,0.10408389759042613,0.19103817948746382,0.07762408510870245,0.10684803953225064,0.10908606065525861,0.04232912256085264,0.04172643151142452
2022-07-29,0.024451924850158235,0.028970397297113593,0.0,0.021317564506243336,0.05096121837668033,0.03252639374974464,0.05305828656545852,0.04668114056031136,0.009932791574029487,0.017831139857369394
2022-07-30,0.006176723448099608,-0.0023337233462203955,0.03694351519168437,-0.0025632978995320244,-0.029290560402688293,0.02246562348701797,-0.0024970351004691693,-0.007078419364812127,-0.012235219473549108,-0.02087775311205675
2022-07-31,-0.012602482102975543,-0.004683849312426602,-0.010416760858255714,-0.009879146946125239,-0.012883074221559987,0.002799490354213674,-0.02390289096014442,-0.0022741737016338526,-0.02205242279982844,-0.00972020353844627
2022-08-01,-0.02159322414946807,-0.02315330497471635,-0.005249355886143725,-0.03102692428577125,-0.05408848663545207,-0.03295051835794016,-0.03724985339299103,-0.02542269689614418,-0.005434639801420005,-0.010681993219346708
2022-08-02,-0.01099578178344629,-0.03297001923757037,-0.01591545530589955,-0.023462434765309403,-0.038105590317981,-0.04244622468696324,-0.0009909821443239153,-0.039254754938387926,0.010706869966028876,-0.005952082320336061
2022-08-03,0.0088407943103892,0.019059906835399154,-0.013459153374004718,0.009867148713552432,0.023650764444988148,0.016467861383587135,0.011941764296852675,0.014447840488557073,0.0077748719301622415,-0.008265932449630142
2022-08-04,-0.014209290280208009,-0.013488861785943662,0.005405418566907905,0.005423016001964598,-0.005461085087406836,0.018249174325947415,-0.011826099097903331,0.00016229484952345885,-0.000773514403610065,-0.0046434830565313945
2022-08-05,0.009321842995886342,0.030397477184370914,0.013387080782459426,0.03844900675349461,0.011896714742070102,0.06291612861959273,0.013343488175055818,0.03580384621590449,0.0050390901993733195,0.03727321917340376
2022-08-06,0.0055344312832534825,0.028919099972048556,-0.010695289116747997,0.0035827739651743684,0.026122991006985785,0.010818543898372113,0.011025470011707839,0.02684128775745176,0.013096469110782216,-0.009738115643859402
2022-08-07,-0.004927608846879039,-0.014059985568298572,0.0,-0.007162057190866378,0.0011542970515749928,0.027882498807515255,-0.004201279488620813,0.017639406576119843,0.01974060207079109,0.00835546309478552
2022-08-08,0.03030146907187259,0.0359250683725465,0.016000341346441127,0.024103009245307838,0.02107257722014566,0.03635444177149072,0.015393571421143726,0.018528837224352834,0.006183557242019688,0.03089803869014318
2022-08-09,-0.014566653230165372,-0.014330999064716465,-0.02409755157906046,-0.03116831853612112,-0.03876621429971827,0.06823943664810805,-0.028612890093024035,0.007214298693479115,-0.022168755356197778,-0.029734045045755053
2022-08-10,-0.0018358421209079268,0.013192046777585453,0.02937460867990427,-0.009826175384310964,-0.011389034130408149,-0.026892202372344798,-0.000656544955877969,-0.03335373724339297,0.004219532162704098,0.04472913212389429
2022-08-11,0.04082028519013292,0.0746369327584917,0.0,0.036461009716380666,0.04959376804812621,0.04658459240593338,0.02653904702693133,0.052203976868379964,0.007498264377186814,0.0049067451776725335
2022-08-12,-0.016420594371416186,0.0031679012765568615,-0.00263504763800515,-0.007801332259568028,-0.017818201693192037,-0.015309584543505395,0.0018210867652621587,-0.011687614471307839,-0.011514703993612763,0.02486461223378278
2022-08-13,0.02112725581149988,0.04484131790980328,-0.005291017634415529,0.03427689183210081,0.019453241790296616,-0.018816271799476425,0.013868309028793213,0.026826496349873885,0.021140582739384683,0.004183739806290276
2022-08-14,0.0007346939105978834,-0.004546610509595261,-0.002656044058116258,0.006638950935607291,-0.009815628558532907,-0.015185525478013773,-0.005081199488701671,-0.004507020010357188,0.0017156431698248653,-0.010004394280423767
2022-08-15,-0.009964203404408067,-0.027202087804984565,-0.0026631174194836627,-0.037539616891451466,-0.039906042242952466,-0.023071120901311026,-0.01774873418256462,-0.0410242552645701,-0.00656543328793191,-0.008845989556636624
2022-08-16,-0.012189711033741446,-0.019438489648126556,0.005319161477599921,-0.01740645512660155,-0.004879107957648898,0.011782208226041924,-0.012330532538979533,-0.02489103764979994,0.02009663108687576,-0.010672288968645915
2022-08-17,-0.011158301938630544,-0.007454773608022158,0.00792606527242068,0.013123654905824012,0.0060497575109224044,0.004087208219356597,0.00047268608819539537,0.008009465668433968,-0.01841496208816018,-0.02423627049270749
2022-08-18,-0.012308631267723413,-0.0075107649213830285,-0.023969190112996364,-0.013878805561425622,-0.02865288980845282,-0.00038537438268893,-0.023395097330880965,-0.0024431509991358347,0.004077477616656111,-0.0053839804808060165
2022-08-19,-0.06917286230485509,-0.06737866613241028,-0.1050610696307347,-0.0817164674346671,-0.09975605057065451,-0.1409622051806112,-0.1141904841433421,-0.12274877384880822,-0.08901678255931955,-0.11045231738100902
2022-08-20,-0.031661601937956974,-0.07039279760185924,0.008941937375661402,-0.026564217175395477,-0.04232828975359837,-0.026108795867282097,-0.02099373243105429,-0.0314865835685767,-0.04047167622865988,-0.0011216309219950205
2022-08-21,0.009309390660886763,-0.0068217318809242755,0.023461486678997945,0.003088029497009259,0.0121317457771557,0.01961441913740103,0.03427512686776035,0.015445752405147228,0.04755937067470839,0.027256891705922826
2022-08-22,-0.00492600278309574,-0.01694423971649961,-0.0029027596579613846,0.007035689092970365,0.013163650481318179,-0.02602818260440376,-0.002882751696079211,-0.00916461340910546,-0.0025250886730665556,-0.011332536734146359
2022-08-23,0.005908298158756153,0.02808296874282501,0.008683122573460711,0.02230415901858951,0.08193903056493124,0.03580738716091414,0.02831634283940021,0.03730066095887263,0.00913462717986846,0.015375997765531224
2022-08-24,0.0038729896059503943,0.015267472130788384,-0.002886004889134819,0.0021237442500163795,0.03276884077313369,0.024781895647482344,0.0060082861689156886,0.028367610547739286,-0.008453664639231029,-0.00699705130271866
2022-08-25,0.005850957021296566,0.027497249457222317,0.008633147144702757,0.003071439811993315,-0.02023390593156904,0.02007830407347022,-0.0071602563450872125,0.00943499140009596,0.0033456867315830863,0.015344540831593534
2022-08-26,-0.019873932736768296,-0.03969252255104028,-0.03796076223922262,-0.025237369495061834,-0.04621382484432868,-0.046233931143581763,-0.025980699810532304,-0.049259805509740406,-0.017053830239884604,-0.08347247773191491
2022-08-27,-0.051062142866699745,-0.0884625130371024,-0.0029806281381379307,-0.04904686691448834,-0.07209124376935172,-0.0630265035681461,-0.03866708738940838,-0.0509621359565422,-0.045624579315199476,-0.006186292044491282
2022-08-28,-0.006232413662111469,-0.004029555486001257,-0.03338701603273697,0.02280354424369202,0.003780008280872771,0.010582965531939159,0.015063971837718348,0.013201365157770262,0.014548870368715328,-0.024368973552080675
2022-08-29,-0.0011510072583114095,-0.0006731740409042786,0.030397477184370914,0.017602234883649093,0.00033435784316360184,0.0072333335963659096,-0.0030326602594255014,0.00785111187858023,0.016867469072942676,0.046045222573230404
2022-08-30,0.008476317204067385,0.04412964950636411,-0.018127384592556695,-0.007686995646702499,0.004174335645349636,0.0045600295857246564,0.0075833153051636515,0.026822152341960948,0.013192441803849597,-0.021189615975208298
2022-08-31,0.002875559740509459,0.015979886219874118,-0.0030534374868902425,-0.0036260266677849984,-0.005950283605852924,-0.027481168184552374,-0.012760039272804224,-0.032952624953712206,0.0010755187758739737,0.007700272769465499
2022-09-01,-0.011452027169999823,-0.012121360532344916,0.018182319083190457,0.02466068002475108,-0.00958604734041213,-0.040680295108070474,-0.015867395770840176,-0.026351985988424254,0.008858764536586072,0.010610998420556683
2022-09-02,0.005941550794030803,0.02221608347935522,-0.009049835519918004,0.05879320968233692,0.013588195156891025,0.01772347852990208,0.030904418743056272,0.02339418761096601,0.0021286528545712002,-0.007889244616462676
2022-09-03,-0.012422519998557036,-0.02221608347935522,0.0,0.03025800321028793,0.00453976049974969,0.03262250081139051,-0.01039196141147869,0.021324168569003987,0.007688372654629738,-0.005423951318533682
2022-09-04,-0.0020686704821653024,0.0012828738128893846,0.006042314455962705,-0.018219009756584192,-0.0010051621883153672,0.029219775371204015,7.59690806209079e-05,0.015609381783101561,0.008785949809241522,0.010709600171798783
2022-09-05,-0.00045467176008706645,0.012739025777429802,0.0030075210639552985,0.008129108254107287,0.025778135817829728,-0.001841809586451859,0.000892204658784479,0.009351312326765893,0.010365582280834396,0.0008866044438207155
2022-09-06,-0.009392123870179958,0.03421795731034116,-0.03359094443603561,-0.025594069452177237,0.01514237517733985,-0.004817307364628043,-0.0017281821360799476,-0.021008503925497024,-0.017466173162028475,-0.042752304929990714
2022-09-07,-0.03662271367869785,-0.055325232758288045,0.04553138480795349,-0.06505714379662741,-0.07166926542002994,-0.07611340883749751,-0.046930117174718955,-0.061974006878283916,-0.051934772726109024,0.03209698992595911
2022-09-08,0.018556909290177614,0.05226244322774232,0.011799546931155147,0.04111682354885371,0.07786749756871902,0.028098739084596147,0.0457509614656324,0.03956728057403369,0.02822375953260181,0.0019143736329780836
2022-09-09,0.07347710647378491,0.04145982787112423,0.043048253568513495,0.05376468988953409,0.06565277378188838,0.06458004851450028,0.045459836759158545,0.056561865107684905,0.03449102828213313,0.0765279000145167
2022-09-10,0.03168083335376082,0.018081565819891843,0.005602255548669888,0.035053072770201865,0.011145044872299614,0.020286172128741065,0.0005090261349387504,0.024201201725689625,0.022469854254564936,0.021949264881245156
2022-09-11,0.010279399335473727,0.020029281875572735,-0.008415196925284585,0.006309772368317645,-0.013882109384804053,-0.008182072766532045,-0.004097731951133277,-0.018240705994615247,-0.012849009936274136,-0.004824496271634615
2022-09-12,0.023597217093925593,-0.017719812026910198,0.011204599012863081,-0.02313802248781993,-0.0100439351667303,-0.009103125292720726,0.00029194949481148313,-0.001491980881015209,0.024907629335784165,0.007339142064873627
2022-09-13,-0.026563203140719693,-0.04240918192509291,-0.0781874195717902,0.004039426346707842,-0.03860767100192852,-0.04968562622513861,-0.02506896961849092,-0.05161859739707042,-0.02537277674173488,-0.09050447500624692
2022-09-14,-0.06341906380279383,-0.03801806718752143,0.02967576814611661,-0.034187985997496284,-0.04685556516337641,-0.013833888019670226,-0.025176313878242595,-0.025768066218349706,-0.05717303519466199,0.01435259880993911
2022-09-15,-0.011538972156897032,-0.02403657782824098,-0.04485056616535177,-0.017968857100166602,-0.0002268173751831526,-0.002833027350642503,0.002242045990878516,-0.00782782862024689,-0.004165658327059063,-0.04743586273380984
2022-09-16,-0.014359737865342836,-0.0709611507940382,0.08497055995477698,-0.05105273413232947,-0.006135143673921206,-0.04227544544164452,-0.008110438061824432,-0.009985785267545566,-0.005020442138998327,-0.005087054717737516
2022-09-17,0.012156211332708722,-0.007588860152822008,0.04932506656250146,0.023189804949478976,0.025027183578353984,0.0016601245447294133,0.006443755044950983,0.00894647202442167,0.023816978566040703,0.023599219462221654
2022-09-18,-0.004069232713112214,-0.016760168857464564,-0.038151765964376305,-0.01047259218815011,-0.021980189176050935,-0.009618463680950207,-0.014270370482680761,-0.018756539467236877,-0.027043613014416934,-0.055038435519390916
2022-09-19,-0.04441515248200467,-0.06547792937950714,0.0697333380146753,-0.08556395058745947,-0.07531968465651584,-0.061017225174309964,-0.05694221209199046,-0.07751031092526262,-0.050906425211380224,0.01600713149904287
2022-09-20,0.009480233369641766,0.01714540695498812,0.07002860436048342,0.005736852773150503,0.024158561500979836,0.017972808610158708,0.009935857702849216,0.016612128718665797,0.017277200201225362,-0.031118231009745756
2022-09-21,-0.008848920217362277,-0.017897569457542062,-0.04445176257083372,0.00881046129557328,0.002436270612123259,-0.014455784456562704,-0.005129736062475132,-0.005326276965991195,-0.0035394257781815597,-0.02783369094445831
2022-09-22,-0.0021059289661522484,-0.033668061383925085,0.20273467968300252,0.001711027033405088,0.00580535227271195,0.016148155544263965,0.0034976155761281547,0.010721732005019913,-0.012178871660871948,0.05466623809661897
2022-09-23,0.004627203544748326,0.02231720171523488,0.04633255664099878,0.014295656854682814,0.023079285253329473,0.029700542346032144,0.010420040454349078,0.0161576253040141,0.015810155624212285,0.0030251160188878856
2022-09-24,0.0008390142075818119,0.012103022171244149,-0.036076056473809626,0.02753712876204739,0.031661386741295594,0.008873796357667274,0.009232041595492735,0.0112920179293714,0.004061577891421031,-0.017371255385164375
2022-09-25,-0.004886645039249515,-0.011342276603934387,0.006103782938017832,-0.020260705747116248,-0.03450224882991915,-0.013579770650129497,-0.01449958350648517,-0.008851299816969416,0.0026915646640706115,-0.011071580962823901
2022-09-26,0.001473762043682214,-0.002283975107831182,-0.056323539917044196,-0.015512029129876925,-0.008666983553344387,0.022670267397256083,0.025193381709871066,-0.014007112118350928,0.004921617752958518,0.018263507977533067
2022-09-27,0.03752407827788673,0.036667033147431916,-0.037162746383391565,0.01996365297457059,0.020289141371129915,0.02690407779694315,0.012029953803003757,0.03177293456959562,0.03892090721896224,-0.00459591064837106
2022-09-28,-0.03196442900506824,-0.03742951888776602,0.006659292089976843,-0.025036443092264715,-0.037674781677308644,-0.06719602535880487,-0.037304591734098835,-0.03924137452375076,-0.03169799640733295,0.013814967520108468
2022-09-29,0.014487362971083328,0.015140334631412067,0.07046671110525193,0.013851289492569308,0.022001219980817943,0.00923420678759257,0.006096159677885016,0.013677914222952392,0.02432913395207148,0.005378740197313547
2022-09-30,0.006628155287009108,0.004497758706831334,-0.010362787035546495,0.007161003299970048,0.029736610763746008,0.014627825974231179,-0.006685464822910436,0.01650679462300131,0.005324779496118204,-0.004132231229631245
2022-10-01,-0.010243301505955316,-0.01052641298698731,-0.010471299867295447,-0.01027259178211759,-0.0075061497741035765,-0.0029297068306952667,-0.012723911050134262,-0.0005924802581156463,-0.00716703678169317,-0.009774669609550202
2022-10-02,-0.005031261423694033,-0.015232586990110875,-0.054067221270275745,-0.009241687020617562,-0.012471092606758383,-0.02467537989216595,-0.00152461038659224,-0.023239291816989027,-0.049635893844759416,-0.014206554960013662
2022-10-03,0.00409953611171332,0.0007671653617533636,0.030636969461889874,0.005046363443492297,-0.010971930675264474,0.0029124741324899617,-0.004546401714106807,-0.014492830196014772,-0.006117013742792388,0.025661943049785307
2022-10-04,0.03200436216008917,0.030213778596496432,0.03390155167568132,0.03083392753288372,0.03158754422342991,0.027789461912236746,0.010384994016568339,0.0329319607120695,0.03963829659162332,0.035017272532916977
2022-10-05,0.009434738648348429,0.002229655327268709,0.02265802389258398,-0.004305100399462081,0.021884710518974337,0.005518826148788847,0.009080490500514404,0.001380623880335996,0.005941624873352147,-0.008275965074592051
2022-10-06,0.001340582609349994,0.013274531208696594,0.006091389393401925,-0.0020399356500200305,-0.004743170011753506,-0.011015281393065735,0.0029613424748724526,0.0085977720805821,0.002394129373074705,-0.008804353569447088
2022-10-07,-0.019186562265467444,-0.01476041558312069,0.04550735732050659,-0.022643038476823474,-0.02664995409045101,-0.021137605037404583,-0.015841268658216556,-0.010049859413348017,0.0017270513021854228,-0.01877439421374838
2022-10-08,-0.014314704073274953,-0.012719961999560603,0.0,0.0003386641612799224,-0.0037879798311264423,0.0027387404506100665,0.014564504574635873,0.01332264525963378,0.003152868962248867,-0.004630556287164467
2022-10-09,-0.0023115459117573067,-0.006042314455962483,0.03235296445176583,0.004616952009738551,-9.36070631469832e-05,-0.004960461843149133,0.015813627996602353,0.006116513684891078,0.0023361005911173294,0.0028890375687922187
2022-10-10,-0.006035145855307178,-0.0045558165358610125,-0.06979576193554204,0.0020389273704668476,-0.017028261941410605,-0.007386938621977812,-0.01786391138993837,0.005498615904403259,-0.012875392054677803,-0.02029421561756095
2022-10-11,-0.013438402140076633,-0.023874834428919023,-0.026451186087169787,-0.02998887564942354,-0.03795043142876686,-0.04181379064090063,-0.030536093762294936,-0.041463106474353584,-0.017690252264101147,-0.008668832808217175
2022-10-12,0.0024615719345533194,0.009309609518001416,0.006166514915664001,0.006582948472087402,0.006148956307151288,-0.004263911740539861,0.00705639671177849,0.01619176797124,0.012116136388340415,0.00626185696712156
2022-10-13,-0.004613860227010491,-0.017920230233570145,-0.014448135747386015,-0.024574496527095313,-0.03252297015207617,-0.036007385374015044,0.028223462028101665,-0.04157788811729457,-0.02465702996898944,0.004632291008705991
2022-10-14,0.025424218844603885,0.03400636798519496,0.014448135747386015,0.013823669373257186,0.010286077870124366,0.014878481227611484,0.013020337048156083,0.014182885579539839,0.01128825605537287,-0.006287999533503452
2022-10-15,-0.019451236610155576,-0.02150620522096336,-0.012371291802546813,-0.009656466809571995,-0.011283565761313952,-0.008550656215913222,-0.018719629417375927,-0.004959621254229329,-0.017083809145703732,-0.007142721283425857
2022-10-16,0.0010964054665567602,0.0,-0.012526259819180319,-0.005638671060189893,0.01270791135108329,0.022942176993112184,-0.007410843900308439,0.01746982408288167,0.008814940971087815,0.011563188451432893
2022-10-17,0.012084895915279503,0.0222657950789813,0.010449415874341117,0.012274163051470666,0.005232540979193345,0.009385432695747653,-0.0025030788612694366,0.0028259181900049946,0.015358077794410008,0.01654241162613168
2022-10-18,0.004064523384299079,0.0037893186683506386,-0.0316816359801152,0.0026148363194824498,-0.005113937038666805,-3.805175038484876e-05,-0.0025505495448392423,-0.010303496124675071,0.009356404890527692,-0.013186027625790686
2022-10-19,-0.013439672982826778,-0.01755100374103158,-0.03271829462296749,-0.004964329152778557,-0.014889296706911637,-0.005781631332116177,-0.013644304070985491,-0.014457255107960698,0.011968564858829467,-0.015648153713634372
2022-10-20,-0.0049037606743720374,-0.006952519314881833,-0.008908744889109532,-0.0015369503322197886,-0.008424665327082081,-0.009479108460485719,-0.013155872327313745,-0.009439422251560803,-0.020053398910310882,-0.005739809337523383
2022-10-21,-0.0030902211314156602,-0.0015515906914185251,0.030839448383079726,-0.005662308161996421,-0.00993819149142805,-0.0034252904828502295,-0.019805165853695073,-0.004878729700957152,-0.02444786447574998,0.010809157214309195
2022-10-22,0.0059102136002433525,0.013878403172077114,0.008639362590707744,0.01696864508734741,0.01682456605627447,0.013879887482192377,0.006602529496501308,0.019472103412820463,0.006447539615940023,0.004065744481385636
2022-10-23,0.0045785719943278735,0.009146405226076126,0.008565362858922954,0.010113285070540545,0.01057185913047487,0.0018718012952296803,0.009153919101251518,0.0033640714852762876,0.01391583222976589,0.023006499808010616
2022-10-24,0.0047643798046621555,0.020278576973487006,-0.032505570404931294,0.010068630809354051,-0.0011293367036486757,-0.003862042120589493,-0.0029993959882022025,-0.006394040917152566,-0.0031495429172867517,-0.013982474414445889
2022-10-25,0.012118870718794028,0.03219005071840453,0.015300844955300597,0.012691738999591973,0.012280511696958207,0.009892861240210049,0.0036576329985171796,0.0006659021369959106,0.009017068076135004,0.053946085013627965
2022-10-26,0.047350251093746465,0.0947209624642884,0.01933465170745563,0.05059727531816005,0.038942501310099686,0.03553205153768335,0.02589765300207869,0.03883184981487364,0.011440904972647381,0.04243638381380954
2022-10-27,0.004226282067257614,0.015594857957906605,-0.01500564061787013,-0.011309215005291584,0.0001134583412731871,0.00257772151618596,-0.005059627175315384,0.0029600883590963356,0.01025391286885835,-0.024042094311608864
2022-10-28,-0.011604225778260258,-0.014940193450073025,0.021368334405698852,-0.021434564285302216,-0.009073557563263002,-0.028990221901935787,-0.0131623524703941,-0.011510507831904437,-0.010932573807808765,0.022700162125495638
2022-10-29,0.019137945671989343,0.05103148001244584,-0.008492620045653654,0.021524114652966553,0.03727934219917817,0.019856063275743185,0.014678778980618201,0.031502746335277276,0.013405282139992813,0.025949088946138232
2022-10-30,-0.0028426219425750077,-0.002490661312451792,-0.02591937755207452,0.003896619523042766,-0.000704449518830863,0.005787318994155299,0.0005810334257669858,-0.012571447532259139,0.005566571846282287,-0.010099089552015883
2022-10-31,-0.010281370876805696,-0.013178728545447882,0.017354014693151565,-0.018164152293898006,-0.01996344714831899,-0.02899454136663504,-0.011664312364993545,-0.017951082359701775,-0.0019127547471162742,0.0006927603627513435
2022-11-01,-0.0004875908234485138,0.0006315124933591321,-0.002152853361101048,0.0022320020154023013,-0.0008665286539972783,-0.02731830575053973,0.000923070533580983,-0.0020092816404457814,0.009013090647911781,0.0028766604364331982
2022-11-02,-0.004497025860045412,-0.013986241974739855,-0.02841721272357689,0.05396513737535269,-0.0005029308836190793,-0.023055324274461775,-0.012512691607772464,-0.023181089106510733,-0.003929462262189709,-0.026266084208403484
2022-11-03,-0.007721286547072381,-0.012886776276356926,0.008830079448272077,0.06391255243596561,0.011503895342617199,0.01065266918964669,-0.0026363922231253945,0.029577597621830876,-0.0003622605095170428,0.003971969191351121
2022-11-04,0.021587085577428056,0.03504659409173794,0.10426101032440938,0.057793685010250506,0.03916992623637583,0.028017155852471554,0.020857351204846886,0.03948878796148181,0.023009342269527444,0.05847477157549541
2022-11-05,0.03036015440788198,0.027178942875078604,-0.02202291208743734,0.05170832898352451,0.023620611354544963,0.032235724327044135,0.026155099657918512,0.03600492218349505,0.0445766251295332,0.0013783850515309837
2022-11-06,-0.005404783454126871,-0.014114993471654458,-0.04767742317150481,0.0015150097044793753,-0.018562847613087463,-0.02206061091227829,-0.013496309392875272,-0.003403242992120692,-0.008818510391305878,-0.027523842328742276
2022-11-07,-0.02133820720376356,-0.02313326040896424,-0.012820688429061367,0.00779834629709697,-0.03339732077759017,-0.0359969647672429,-0.02143325627780701,0.012123494180888983,-0.011658377455200153,-0.013810278999521586
2022-11-08,-0.059608144574088584,-0.08030628868668721,-0.13077023118319475,-0.09562924875525614,-0.05944263461074595,-0.08217097100286885,-0.06706714853957418,-0.07639346030512284,-0.06791625721570504,-0.11502135653101142
2022-11-09,-0.11071177515429831,-0.16263988992370226,-0.21217451994363568,-0.130246852924933,-0.12209720251282619,-0.1773641551875964,-0.11105232454055836,-0.16301061188086718,-0.10780085918750171,-0.18649695861708437
2022-11-10,-0.035085204021013894,0.043399315534554894,0.18232155679395468,-0.04099459633614044,-0.008641259862569584,-0.0559542712654415,-0.050359786273210805,-0.031786343888675184,-0.01982109356003292,0.1340644488397409
2022-11-11,-0.006107885089802423,0.024410060198569283,-0.03337922207383459,0.10964432707762084,0.030391088627945706,0.04480064815332163,0.012816647761085154,0.030062157583172766,-0.0011681880397675926,-0.02772048879496758
2022-11-12,0.0022577396555014673,-0.007564332588926526,-0.059157030847765024,0.0003180368782187415,-0.003578962731988433,-0.0011556390043052645,0.042432388163039736,-0.050607947601624126,-0.011245186537148122,-0.01958982759119543
2022-11-13,-0.01176027642223687,-0.0594389165386735,-0.06287785095243059,-0.02460098652256537,0.00902743173707865,0.029446283621902047,-0.016671045986733635,-0.01192857086527388,0.01401546541437071,-0.028152872682865038
2022-11-14,-0.01171794031420248,-0.009716675638572703,0.10092591858996047,-0.029858680816986727,0.0027970387434326227,0.009979974096733901,-0.01153627752735309,-0.014324327288153249,-0.01063253887035387,0.02248492288794246
2022-11-15,0.02229056814078234,0.024116924478312818,0.03922071315328124,0.028193458674433458,0.029236786728348285,0.018599723704731286,0.01817745171717622,0.03685380705145125,0.021176283692162734,0.010376743014173684
2022-11-16,-0.0077542887800046145,-0.023303585677884264,-0.03655759573379758,-0.0007046913829427126,0.006344495665027594,-0.029378419888656193,-0.02142437514902573,-0.018773579034392807,-0.0008615849078674742,-0.019985273962229044
2022-11-17,-0.00546400230584787,-0.020534602441707683,0.01844584579075148,0.0206245505517737,-0.016876538152239107,-0.013778062782342282,-0.005538889820734916,-0.006515259816506802,0.0151990216986988,-0.0025461808814348785
2022-11-18,0.007796609003621668,0.007441125694688466,0.0,0.053740065329676234,0.012896822740882108,0.001795854841390998,0.012816886173778741,0.010551146339284667,0.010706013881427445,0.0031605375823478
2022-11-19,-0.005631455093494608,-0.00412712100465118,0.00520834510713819,0.006031160618388931,0.003674878020690109,-0.006464966044084086,0.00017935151664172366,0.026860100135688736,-0.0011855810735292849,0.0015236075486182443
2022-11-20,-0.003128951346337061,-0.014161002989497185,-0.06436537595490321,-0.00660593750902283,0.0031296845922064165,0.015120632393379019,-0.0021800190729388547,0.014349894601070279,-0.0019088851597599543,-0.038797070349509966
2022-11-21,-0.0337083023117124,-0.06141142455313542,0.013755375068485343,-0.024591204333017203,-0.02154357788934469,-0.048271696567677935,-0.03748657011881784,-0.030623552834287082,-0.02121875722900235,-0.03018209892342405
2022-11-22,-0.00606460328863534,-0.010762435721792585,0.0269558099885282,0.0652758421392674,0.03157976184809019,0.014123901719140353,0.002396167280674266,0.03860403748554342,-0.010357424400347703,0.0274319080099108
2022-11-23,0.03239324472023419,0.046683950061488844,0.015831465216680662,0.17631052919104206,0.07422415965899454,0.10680341455424847,0.04969515592489371,0.15482617323290881,0.04570095289338383,0.037691203329902834
2022-11-24,0.008042371390255099,0.031345217615657894,0.05103148001244595,-0.0012863558032547573,0.010741540304728403,0.004254385754149048,0.010771464406624354,0.01765583426018047,0.0029623945945669306,0.004967919413708444
2022-11-25,-0.006586325510248514,-0.0075345689219394885,0.017263067423780587,-0.024219684497189142,-0.009249764422536444,-0.022854651583326557,-0.0053963962640124485,-0.03360513566785839,0.005280871370954898,5.335437325015846e-05
2022-11-26,0.003993228926809422,0.020790769669074116,-0.0297788753556113,0.012411123421274262,-0.008720374656103758,-0.0005935493235664779,0.013474024886992453,0.006168212081989921,0.012914438892523528,-0.0007947000852333019
2022-11-27,-0.0011479323376395456,0.0,0.0,0.0011455202304437861,-0.006386979614724453,-0.002591999548802626,0.0062871494227896285,0.006370985399088092,0.0014367818563627566,0.0013537312119478173
2022-11-28,-0.020027534704199823,-0.03603238563769118,-0.017789541563498323,-0.05609447044141458,-0.036491552231252555,-0.059298057927506864,0.0005180388644991929,-0.04723736509389509,-0.021823419489562568,-0.022050888394071322
2022-11-29,0.012198637184283712,0.02859740715017356,0.02281467776617141,0.04823172683557608,0.023844880167705362,0.020035437138648415,0.03834482410079376,0.06457477338068252,0.019405828714215367,0.021921491886608635
2022-11-30,0.02912156798085519,0.05328136661293659,0.02719574280848991,0.024992236719421967,0.010343013545494273,0.04782153596490257,0.0017074158147361018,0.024359834556879623,0.018451425492434836,0.04775664066679042
2022-12-01,0.009482651967729794,0.007050557996666207,-0.03474294844387282,-0.009379726474588956,-0.009509833212312024,0.04240811998494287,0.0016571973489609704,0.029800707380072122,0.019811582142486017,-0.01908162514779832
2022-12-02,-0.005702375758874112,0.0,0.0,-0.009637972428373942,-0.011420152396171446,0.03353114623591624,-0.003934400221205614,0.016062550286383814,0.010494619403238481,0.008425649222694176
2022-12-03,0.0007072136079759872,-0.005479465764625324,-0.02040887163120708,0.0003258071901885984,0.007642889512814222,0.013691103983429542,0.0006409876176496354,-0.0018088373228759558,0.01461766165520828,-0.014007832091925465
2022-12-04,0.0025300828418153287,-0.008671713781617463,0.005141399500418586,-0.0013821522045942558,-0.003385621559511165,-0.010021775852043113,-0.0030424058455298386,-0.01029747226201172,-0.01418161362764625,0.014400372446692344
2022-12-05,0.009125538612424933,0.014151179546242787,0.0,0.05830165115140673,0.021548423605157296,0.015338819021382566,0.0077304693624205,0.041510612548226966,-0.0013849362719424718,-0.01134984836128261
2022-12-06,-0.010242692925290342,-0.018117864636348457,0.005115100666770456,-0.01856115304493322,-0.018414528168954725,-0.007174976645375253,-0.017153896585588857,-0.004783723043578103,-0.0009983431108109286,0.004696848795168407
2022-12-07,-0.006670036238903165,-0.01360565205577835,-0.020619287202735648,-0.026223013362685954,-0.01053925785565557,-0.02600280125127208,-0.0170132305635593,-0.024730781257717105,-0.008141705691763867,-0.018615126520741043
2022-12-08,0.0026615423075124767,0.004823160475429411,0.028243212313394994,-0.01914400435020891,0.0009990283010967715,-0.01284345504384099,0.022835628437815725,-0.023708944376229724,0.019014152484877478,0.026104133152536235
2022-12-09,0.0151242697677052,0.02377291035250284,-0.015306421282675564,0.015610568473261033,0.009764988052499923,0.03079141406091379,0.035278310144744474,0.04886969446783107,0.012329082096594668,-0.008569768435618741
2022-12-10,-0.0016886486092655417,-0.007072721035368268,-0.0077419741536154385,-0.011054573003646873,-0.011100277586299612,0.008595295146884396,0.005588598195930938,0.008070515937933731,0.01464643595421844,-0.0008145556946423937
2022-12-11,-5.828015271092113e-05,0.003935463560235775,-0.01303799433812991,0.011454968237834429,-0.009048678653548414,-0.006831146108835728,0.009836107463658816,0.006397131427487324,0.004378357815610023,-0.003732875707816774
2022-12-12,-0.009251193094556243,-0.015037877364540542,0.018205964496572524,-0.030696602404786333,-0.03236431899804071,-0.00768915298008066,0.017223754952260695,0.00031772593228573953,-0.00021946085870716558,0.0037941205006717382
2022-12-13,0.02692827519142682,0.03217225294077153,0.01788042527784839,0.024439902697707794,0.021741616571135047,0.017067301264464874,0.042114937188524326,0.026706144489426098,0.002139350905313364,0.028431925718948037
2022-12-14,0.023205523711556708,0.02214676236331581,-0.023048395436291003,0.008990597857109428,0.01692252622204382,0.013978756773357137,-0.01842404623764171,0.009297619443203953,-0.006191393131121714,-0.004601801955802287
2022-12-15,-0.016357745297934656,-0.031456371881317224,-0.020943173845243246,-0.04647157049394579,-0.008430062967036633,-0.0013401548501703608,0.019023104877722297,-0.022352608048583633,-0.01075589617835071,-0.02924483441535841
2022-12-16,-0.027910934152650668,-0.04300025504960203,-0.07126302002149065,-0.05607260338682085,-0.036144341136838065,-0.054527353320913186,0.020995480212513407,-0.051329579795377445,-0.010088383610805884,-0.06614383889732167
2022-12-17,-0.023729626118319302,-0.04238274535450248,0.005665737535677451,-0.07953272829346769,-0.028497134046549633,-0.05819697635123111,-0.03934303454535071,-0.06484351721017889,-0.0315870416301367,0.019402183803510553
2022-12-18,0.0022132504922165452,0.005080451232418959,-0.0085106896679088,-0.003947526315072558,0.0073954645611049585,0.035644928259970676,0.015670405929861797,0.007317647531957849,0.015426337427745018,0.0015293189706007126
2022-12-19,-0.0034116447874765754,-0.002536999246588678,-0.034786116085415264,-0.019516023419853923,-0.015369752955836091,0.0022507014232129308,-0.042853372892692754,-0.006074785036560559,0.005370021716422535,-0.024111572672254056
2022-12-20,0.006513902376308778,0.02177640490016941,0.031933047103008816,0.02848760172784104,-0.003435697969107032,-0.028244944801724348,0.030814392535487567,-0.00705553256144098,0.009193826723477905,0.032904333135208574
2022-12-21,0.00249866273136945,0.00495868784651865,-0.011494379425734946,0.00768739812232333,0.0021598280534300685,-0.0031434303427304577,-0.021434484847345114,-0.0008972634069897012,0.008995012461325835,-0.008038579527806178
2022-12-22,-0.003034903695153801,-0.003303058329257702,0.011494379425734946,0.0015395523096994879,-0.003251422882474486,-0.039718896121749836,-0.009335138918828534,0.0028307246680978615,-0.007657301794258942,0.0034326363300909435
2022-12-23,0.003034903695153801,0.009057287112510082,0.011363758650315248,0.00387647468247021,0.012629046544540223,-0.02166203614954121,-0.002599907329986717,0.01280283370961266,-0.022841540370353464,0.0004488967831974833
2022-12-24,5.9415941315421605e-05,0.0,-0.005665737535677451,-0.0028869257598751474,0.002311166110576579,0.00045296694115881664,-0.006484318566082781,0.020486859598078944,-0.003754264655973394,0.0015721594823858709
2022-12-25,-0.0006537695992268056,-0.0024620447397758483,-0.017192400540372743,0.009585826518891949,-0.009938592799572099,0.009714405029443984,-0.015639724622375173,0.004886762080114959,0.010604154268368582,-0.0024063842056243345
2022-12-26,0.0017820022535683933,0.001642036493744392,0.056194558343642065,0.05001519921604558,0.010241781664104721,0.006457243348132025,-0.004046354610471425,0.020334206017458722,0.011336075665441037,0.0062003799059411335
2022-12-27,-0.0025551905039407075,-0.0008206812114286421,0.00544960476756462,0.00020068232056136281,0.0037480278908263998,-0.01864028784981997,0.0,-0.009733957907116952,-0.0012890664282796394,-0.00975236939848756
2022-12-28,-0.009986030901368181,-0.017391742711869718,-0.033152207316900495,-0.030990261010252595,-0.019388668603345316,-0.04174299658506797,-0.053079667942730335,-0.03135653151566231,-0.004559325444541074,-0.014731117572416963
2022-12-29,-0.002949055731843231,0.0,-0.03720028368609052,-0.016185875811431494,-0.011508733506456537,0.002495044038375749,0.020534009927590358,-0.0021783976541085437,0.00725213152820281,0.0060994064358368405
2022-12-30,-0.002474277838146577,-0.0016722411923622005,0.005813969865419821,0.009986926685085606,-0.027597161306991858,-0.005022691513678623,-0.008244660818073957,-0.027208883578758947,-0.004134688195283509,-0.0022048984802083282
2022-12-31,0.001207729615400055,0.0033416906619034847,-0.014598799421152497,0.02698959711515414,0.008546840810676137,0.0074591930661798145,-0.006620866597762731,0.00719743715398824,0.006792964752032837,-0.0031863209485969435
2023-01-01,-0.0006640707781251365,-0.0008343763521194703,-0.0029455102297568647,0.016258418940981123,-0.00728748580552363,-0.02460953565617663,-0.006203072955316635,-0.012168410275333219,0.005940146679733971,0.0032002628999201477
2023-01-02,0.007939891335933424,0.01161838795386494,0.029071814821976627,0.04897128100962167,0.016898583418897495,0.02943876048978522,0.013087864599898413,0.031808592541393566,0.009862805126476637,0.008809093871354534
2023-01-03,5.9910733025247964e-05,0.0016488049901841606,-0.01443026482902865,0.022269049987894363,0.011186035896139757,0.04271910275451507,0.012255464423755136,0.0029662609810165996,-0.0031285452900426947,-0.0012486641865852022
2023-01-04,0.008174026001629642,0.028422538506133854,0.01156082240107592,0.00990094027509425,0.017538901946640095,0.02005847454453935,0.013160098114520569,0.03304656453328603,0.015101137647689278,0.02098816043251439
2023-01-05,0.0002376567060089485,0.0023990415344661287,-0.0291565842914554,-0.014928415718697075,0.007531124657804256,-0.011486887013746117,0.016169982644592906,0.01689330605908257,0.011096006516378765,-0.003436083199451545
2023-01-06,-0.00017823723423049387,0.0023932999058402515,0.020498521548340864,-0.005307534568474104,-0.017844222242143992,-0.002526567443464689,-0.016754853229408617,-0.0050093339957366645,0.019237676187790598,0.011076943137714679
2023-01-07,0.006396610296693694,0.007936549595736864,-0.0029027596579613846,0.02026222217493867,0.014257565449992349,0.03492368123963718,0.011054465076878017,0.029106361470589537,-0.00197881380900089,-0.00142837979631949
2023-01-08,0.0005312085118269749,0.0007902015425003128,0.0029027596579613846,-0.00038100994371337293,0.0025100513227531707,0.0005746438563494216,-0.0037099771261397407,0.014188569457679101,0.009126559409856405,0.013615924794665446
2023-01-09,0.01696740916101902,0.0402531123583314,0.011527505171067265,0.07376907040804426,0.041349088782471455,0.050752180493818244,0.029594662153786366,0.04684930031024459,0.014169236655219741,0.015150420112563623
2023-01-10,0.002896537768396712,0.009815103332659447,0.005714301263438637,-0.009307754316435712,0.011732202534779468,-0.013099623954189621,0.00526352520955875,-0.019598063253377873,0.005914034589676653,0.01274916277913718
2023-01-11,0.009556779702048601,0.0037495357014787345,0.06346957394866626,0.008013050207498651,-0.002184675608035924,0.012530659794961263,-0.05080457563545959,-0.015813152229861238,0.015686181665784282,0.03318794259290847
2023-01-12,0.049300247880591286,0.04964523048916547,0.005333345975362613,0.03106975939701151,0.05866392390779751,0.020928193627681946,-0.028612028744225082,0.01869523591126887,0.03647493086514686,0.03484392461853858
2023-01-13,0.039042391786237474,0.0085106896679088,0.02365419089788967,0.005941956586569042,0.06069586295584806,0.0012253947861085024,0.0329457300013436,0.023144148526613062,-0.011744253205017152,0.04008415065481152
2023-01-14,0.08757944709601517,0.08134563945395268,0.0281708769666964,0.03925287565819069,0.04209249672435611,0.039446775777015386,0.058002815034173594,0.04187476947423985,0.07036805938872881,0.05807824112185678
2023-01-15,-0.0015389057572026132,0.0006508298309784166,-0.0281708769666964,-0.010839597406267387,-0.014228417252036607,-0.028617424337193054,-0.009716386917707265,-0.012755818977566946,-0.019095226676761,-0.008207824185568313
2023-01-16,0.01234052107875705,0.016134586861035416,0.005181358741997655,-0.005809564205468298,-0.004395434543975618,-0.03501108388614238,-0.003949115460635255,-0.01604817324000196,-0.024299768913736308,0.012689660309007422
2023-01-17,0.00748286702554779,0.006381642589520453,0.0,-0.0025480070740853122,0.0011691711103285485,-0.005673254910858905,0.005381299562039921,-0.018832043746339622,0.0011240889916415142,-0.0022226187780720608
2023-01-18,-0.0032136133516740273,-0.003824096438403757,-0.023530497410194195,-0.005359274337275899,-0.006410926153509244,0.014281564272429215,-0.01520933298590954,-0.014570575838683819,-0.002149751146419021,-0.03734764286228831
2023-01-19,-0.013246489018481356,-0.021950526250211766,0.03891541624967365,-0.03241346657744604,-0.018590376051907498,-0.0011767103256348221,-0.028137145034359268,-0.013455431350394065,-0.058431352269496806,0.01892002287926786
2023-01-20,0.021308197342868596,0.02641055275774118,0.04963798109177142,0.02419745108024518,0.011239766020247899,0.042055694876721006,0.008950529943533514,0.038056544466823716,0.04251972262398862,0.06777196109406525
2023-01-21,0.0718717586809241,0.04960719476274633,-0.024511031014349705,0.05005094838373658,0.05692871401484556,0.05591656219927055,0.03524533790830198,0.04720980527641139,0.042482654160290956,-0.005366127317396163
2023-01-22,-0.003458166242618077,-0.014011804020215735,-0.007472014838700969,-0.014169052201144616,0.0004398334876780652,-0.011916089162874677,-0.0065904744259333015,-0.006507822757500392,0.00913440425644918,0.0018721561451169322
2023-01-23,0.0011832505708166963,0.0006133088202053827,0.0606246218164348,0.01008691311585963,0.027896968307733694,-0.00918318429118159,0.008956018934515697,0.012461636603382953,0.005676062994623088,0.009692258204694326
2023-01-24,0.005808257043275589,-0.0055333679456550655,-0.04573600932268418,0.004516140305074856,0.005663279106548735,-0.008527893506515838,-0.009833537638097134,-0.017602046255194015,-0.005444101533131018,-0.027680365946920915
2023-01-25,-0.011386153227842755,-0.040899062841360134,0.029128272923023557,-0.022116134604438287,-0.03620988994968943,-0.05494048574212629,-0.06160148543022226,-0.038987571710253466,-0.037016936458829086,0.028593843509097994
2023-01-26,0.015861211203251457,0.03223027790491351,-0.01932427282640281,0.008178939064380941,0.02516792825040781,0.025084318562031527,0.027462382487764447,0.013594532439215712,0.02340462003998045,-0.004392323602070647
2023-01-27,-0.0030826031139810084,-0.01440676342753111,0.004866189651172914,-0.010296860194925372,0.016265265588097932,0.00753180687380306,0.028269216580042222,0.011887329761598231,-0.002583847233619707,0.0024887631088379436
2023-01-28,0.0011733775058271334,0.0,-0.012210163906931415,0.008874320609404407,-0.008690781114125024,-0.008490914105752978,-0.010470346483474113,-0.0007045699479255596,0.04377461492677881,-0.007710043591337978
2023-01-29,0.01752278178828348,0.01689123675519255,0.017052788382719397,0.07348315729735244,0.02140378536461096,0.03178754368038428,0.006499971569635221,0.10764464858298872,0.014466956494938898,0.0359345801880373
2023-01-30,-0.006207610318471168,-0.008097210232619112,-0.049515064527380415,-0.024311622820533785,-0.02580022128540005,-0.03778095576331664,-0.02030060300116343,0.02204693234382482,-0.011571039798920602,-0.04483102913684789
2023-01-31,-0.013968096678089736,-0.01322021142813501,0.030002250303798772,0.012941325652696456,0.005660767358968144,-0.0065152546016751245,-0.013405777858284118,0.03869143758684057,-0.03614736955825837,0.016752415823917843
2023-02-01,0.008715124426808885,0.007575793808458187,0.019512814223581643,0.02356728804690711,-0.004894126710512481,0.0019414054809332448,-0.00018811578582056399,-6.617914697493177e-05,0.002579532228466519,0.026859357350319968
2023-02-02,0.02780026204754371,0.0502864984303697,-0.01215081778251259,0.03936867875613537,0.042142544609919064,0.04353716255827367,0.02441553618635872,0.03393133283380667,0.010611496665529963,-0.0031289509040313135
2023-02-03,-0.014378392927715922,-0.013245226750020933,0.0073081933067246085,-0.011703194723024168,-0.004671336862961617,-0.017218136837854114,-0.010195461184316468,-0.001969119095544869,-0.028693970934963176,0.004739136423511425
2023-02-04,-0.0037126378872827104,0.0108500160240661,0.0,0.00234759630439374,-0.0004994697761757649,0.009699065543953722,0.006516788713744948,-0.007899329174642311,-0.0015265589475328412,-0.002357537864046577
2023-02-05,-0.008328730581894206,-0.009638628837769225,-0.03206193245966282,-0.018301244042327802,-0.013235958952373394,-0.03366258500746211,0.011861014192528607,-0.02714506175962139,-0.01354572442550861,-0.018631894800311244
2023-02-06,-0.012493655482582966,-0.010955678660974577,-0.015151805020602205,-0.009205361653070732,-0.017907523277862047,-0.028955848541572404,-0.01262142669532551,0.024298268946765234,-0.0251251590083994,-0.010879356911976501
2023-02-07,0.003268617671182028,0.004274815670142651,0.027605266091888847,0.025320394071914443,0.00030620437514095045,0.02829598576908099,-0.013413363641510578,0.039992312603802205,0.002667100750252338,0.03890107845279367
2023-02-08,0.005077805324955165,0.01571979166070303,-0.012453461071286642,0.011591658751291867,0.0006569027273739536,0.016756877591789454,0.004568666019925338,0.011158429184837892,-0.0004260183252311478,-0.014391610478238448
2023-02-09,-0.024496744327924702,-0.02859945452436463,-0.040926427709217506,-0.04435660375296013,-0.031034974453053366,-0.037207033462267614,-0.020298110384871837,-0.053502214974786355,-0.029279889729694197,-0.05766866291648576
2023-02-10,-0.0346652031296415,-0.051943278160840656,0.0,-0.0358281792930466,-0.01589022238868143,-0.024667909892948092,-0.03352107386460723,-0.06169474981610179,-0.0441838173300475,-0.009886786945800807
2023-02-11,-0.003312327636246337,-0.01045761164395742,0.002607563407080904,0.014391977992556981,-0.026966964407418637,0.027157565655266058,0.0016919855436099418,0.04231709430984765,0.024134459642922934,0.013261720391792409
2023-02-12,0.007574576578358361,0.007853443505569935,-0.023716526617316047,-0.00213176516207092,0.006119705424939781,0.036230826055942966,0.008708752760993477,0.03402845627945439,0.017506204726665864,-0.007676440614565294
2023-02-13,-0.008404375630213679,-0.023747817850036768,-0.008032171697264334,-0.024191505757858778,-0.02020678162473466,-0.04141899252953385,-0.020514043218748945,0.004087634228352677,-0.018313571996458222,-0.00669702984535725
2023-02-14,0.009821097755525088,0.016551188817997442,0.029141134907499477,0.013744353934924014,0.019967184147348327,-0.025474291166564633,0.0020061180925896593,0.03397856657810294,-0.011033920829362387,0.023653603320315852
2023-02-15,0.03531018901417582,0.036742773125850725,0.04592643812592323,0.05038825398459856,0.022095240200116883,0.021955305333121622,0.021321412308272336,0.07045092750332493,0.023475448860994952,0.08040481691033996
2023-02-16,0.08169618305838355,0.06730368189610658,-0.038124057841738335,0.04417178789155507,0.04697590610977809,0.044289638091303374,0.031728262385946504,0.07553626132893232,0.02098602253253734,-0.020867801815954934
2023-02-17,-0.02484395453152466,-0.010110106930295792,0.025576841789649696,-0.019243647566703714,-0.02434194205515805,-0.030532534266211275,-0.013821348627152119,-0.03069387984680194,-0.03224195415866049,0.034660698219232344
2023-02-18,0.024722070199603152,0.01306431882772685,-0.002528446353358693,0.0029755686015286997,0.032818896594237756,0.03124568545206552,0.016492640870804376,0.003999731378411475,0.01550341082773432,-0.0007984212851290806
2023-02-19,0.001380486637687639,0.0005897965372980707,-0.023048395436291003,-0.009516916644951579,0.012764661892242124,0.018704934671247564,-0.0029528964508025446,-0.019045303169410666,0.00965272170690401,-0.007902457727915646
2023-02-20,0.0004867759304296726,0.0005894488823781074,0.030614635819606884,-0.023598322869668564,0.04063632179767218,0.058652081919576826,0.018302623675957808,0.011236462462497876,0.016718098993239394,0.012944100411235837
2023-02-21,0.001701852187570907,-0.00828407104342066,-0.01774444529907193,-0.026134428166085577,0.03776134926689778,-0.015272086326361123,0.036296861637011624,-0.0185642442066154,-0.027103357794310057,-0.020231787440224025
2023-02-22,-0.027958059822083214,-0.028935110859451996,0.01017820491575605,-0.004506159848085112,-0.05080226786065456,-0.039106213567100756,-0.03929716391769267,-0.011008197873342063,-0.022426280318177838,-0.006632561770548051
2023-02-23,0.004693576766667817,0.013365934095208587,-0.015306421282675564,0.009634322103104331,0.0008018819818191858,0.008890815750914882,0.0017089678762656213,0.022881789529314744,-0.01511486288860553,-0.0082565771651808
2023-02-24,-0.020767787095087087,-0.014589924456097414,-0.026043138536020027,-0.01824701468413359,-0.036427808998875655,-0.013525107159479965,-0.023439302598785794,-0.026834701058021437,-0.019578914153518312,-0.029300508680798032
2023-02-25,-0.025061821033888876,-0.021665966644245138,-0.002642009462838657,-0.013956049266759862,-0.02124188163554841,-0.04392261026720412,-0.029485105330451233,-0.013612873289092775,-0.016481194046595427,-0.002901613619847865
2023-02-26,0.009154963108366942,0.007481331652289036,0.0,0.02389619211731908,0.01369501039190446,-0.003641292684261721,0.010117966886829866,0.030088688244346073,0.003796286338114463,0.019871743225158056
2023-02-27,0.008176940480966621,0.017241806434506124,0.002642009462838657,0.0033585343028237347,0.007068576612396349,-0.006180503179511021,0.002237271943700936,0.030311624595730002,0.0017764298441091952,-0.0021160120555858697
2023-02-28,-0.0031600999949503716,-0.0048959706122069235,-0.002642009462838657,0.000264389394237341,-0.01769484559269152,-0.008473579352518357,-0.003924547876087203,-0.011266338285559563,0.00033231423940094373,-0.018538294323713345
2023-03-01,0.009026715469051538,0.010375436376832248,0.015748356968139254,0.025844791870092365,0.005878525266499679,0.001894238924726288,0.0031312499992255383,0.004814659004043875,0.010622189458621811,0.025829850368094043
2023-03-02,-0.00680506198754216,-0.0018231545615154943,-0.015748356968139254,-0.008807711628577408,-0.013096384637615976,-0.01313018466716942,0.0019460634407675315,-0.005447361489938629,-0.0026664136754313006,-0.009265959532799073
2023-03-03,-0.04388160948674269,-0.04414767255784735,0.002642009462838657,-0.06911539798345956,-0.052611103518219515,-0.09527137485965698,-0.08074901918626409,-0.05561781139028188,-0.04041361619532147,-0.04540034561258466
2023-03-04,-0.004021273458727492,-0.0025461503252453,-0.0132804076678944,0.0021698378910093297,0.002168931122734641,-0.013142454183777907,0.002987907701159642,-0.0016887223590744682,0.004062331113782847,-0.001997318885957
2023-03-05,0.004021273458727492,0.0019102202561196435,-0.018893949359961693,0.009337590525251294,-0.004055671563100383,-0.006995177873154734,0.0008816742007233813,-0.022708656794765858,0.01654364745550918,0.00027893657301625296
2023-03-06,-0.00017838030728789533,-0.0019102202561196435,0.008141157583699932,-0.025552193464758233,-0.01265393049236696,-0.014788702028815326,-0.016490854444256797,-0.061502533449790064,0.015976645536595946,-7.378499863186505e-05
2023-03-07,-0.003798123379981533,-0.0019138761822841133,0.02929636948843084,-0.018240567746960146,0.00017752243284618885,-0.009456952844127287,-0.007910198787423717,-0.015542574893648187,0.00025144581475178285,-0.0070620334038817845
2023-03-08,-0.012478482526063317,-0.0051216501200546105,0.02334736399699111,-0.02556593299690313,-0.02979257358317078,-0.028379383587537,-0.02370505257955724,-0.024180404174328096,-0.01490425984234367,-0.01723415148777363
2023-03-09,-0.028600965556028868,-0.024034934171401012,-0.04725288485054557,-0.02854155645949774,-0.03608782973311797,-0.023580005368608603,-0.03357523416585151,-0.038705614859359194,-0.014352824713044221,-0.07437275244579844
2023-03-10,-0.07083375563096617,-0.07365290957476489,-0.0026917916657114294,-0.1284557007807976,-0.0597212234591753,-0.107608671718189,-0.07281932332674401,-0.1420635381165698,-0.07326618532645668,-0.004044046847329952
2023-03-11,0.012884788856915463,0.023777343946956186,-0.019048194970694543,-0.04435824036441982,0.02004296534894756,-0.035889956670876355,-0.015271660708954915,-0.07769561114722867,0.010507798806577817,0.01205174863349967
2023-03-12,0.018705863221770258,0.026595498646220683,0.016349138001529595,0.006618443508110694,0.02827224603449796,0.015359825668901372,0.011209818204137356,0.008082914702151278,0.04183759665627029,0.07166983212668754
2023-03-13,0.10835413828500151,0.08695529645797162,0.005390848634876377,0.12174428709421647,0.07344652190934031,0.08040285333096664,0.05885959200811852,0.13881369023492907,0.04495069984481237,0.07709325036949366
2023-03-14,0.07572043725955702,0.0481730706601855,0.0053619431413853835,0.05115679620070157,0.0491279730884866,0.04035440849128147,0.043047529581342836,0.05228575792087886,0.014289825103040776,0.020478833346825098
2023-03-15,-0.006762391383363209,-0.011232751862968016,-0.04093340892625308,-0.023212015506478778,-0.006063952868417211,-0.01671129030445817,-0.013587991105810548,-0.02218931721642914,-0.02803132746784165,-0.019198238983992866
2023-03-16,0.0015022028362352557,-0.014371504837653148,0.016574965094212635,-0.0326536063365106,-0.03080390392467347,-0.046908509739524984,-0.033074415030700965,-0.05744368375617093,-0.0049751010098848525,0.027167253867025565
2023-03-17,0.06380546416854216,0.03787434929243538,0.040273899137939995,0.04587560143930869,0.04218984094501188,0.0483518994080927,0.026658414444991507,0.04124563840200057,0.02568892140756862,0.07342941931004532
2023-03-18,0.039589552659588634,0.045410753180607166,-0.018592833076615967,0.043501444317628035,0.03547502567145866,0.05051383969756529,0.049412311156066924,0.05549514326508209,0.00801225194322619,-0.013909013307035423
2023-03-19,0.003396581121961617,-0.00556484463340734,0.042000923974630844,-0.017962510803495313,-0.003440889126372859,-0.014735226930607581,-0.014947480060255813,-0.01975377163677461,0.011717980838302111,0.0356332488036184
2023-03-20,0.015340942706822958,-0.013483350337287092,-0.03932354620391443,-0.02927438061752685,-0.00478795811008581,-0.02143027804932096,-0.015888273833714717,-0.0014046919011523329,-0.007912014879156715,-0.022262358670499083
2023-03-21,0.0029757125121854244,0.00282406287661896,0.22207346025436547,-0.017071449334988387,-0.0195594753471795,-0.018912028736171926,-0.0032467560988700406,-0.0019170739723488595,0.0013371471190639639,0.02636411442029818
2023-03-22,0.003716148062764546,0.006745388139531627,-0.10132394363288566,0.019795065242516507,-0.0015844604343220325,0.015281246923263048,0.014120585988624867,0.008292546578009485,-0.010938668968704768,-0.03318280768280246
2023-03-23,-0.009820515469005642,-0.007309563048712775,0.05081924839621299,0.09507952078386861,-0.027288014082393452,0.010493158889716803,-0.008514173414315707,0.05179861399985963,0.010267057565189752,0.03661929862222735
2023-03-24,0.007928434865984713,0.007309563048712775,-0.04373539350780786,0.02492900495194217,-0.007170744023493825,0.0188428662991158,0.004729950992763854,0.028872431740218474,0.04054669914680531,-0.030684042690477753
2023-03-25,-0.017119077406839267,-0.020374219195137044,0.04373539350780786,-0.0009957141824443738,-0.010343059940182364,-0.02947593424817274,-0.006238391688536016,-0.036143375964247326,0.01570392423757383,0.0012777164484525372
2023-03-26,0.007929222014267268,0.009106494348794847,0.011198325310029622,0.010727312933255462,0.00047029378285490253,0.01565959201003775,0.003971900637600445,-0.010221725636121448,0.006661611125125866,0.014159334822569036
2023-03-27,-0.006077066993311675,-0.011969364898472001,0.06258784474920165,-0.024025961070468504,-0.027895180412830456,-0.005691251962482546,-0.019071327468385135,-0.037068328538746975,-0.02444090784054964,-0.0323123777423131
2023-03-28,-0.019269407123470472,-0.004597709248629123,0.07261253296370918,-0.04202063498474562,-0.009542976378851264,0.004864441199913916,-0.016775003852874004,-0.023990803521880544,-0.03753250026331223,0.01622601745085106
2023-03-29,0.03749781455607426,0.03564733873023762,0.05672598140077756,0.04358859197335896,0.019117500253938324,0.029878101787241373,0.017972458708500838,0.03795151323094803,0.024206930851796926,0.029507816571404888
2023-03-30,0.01168858276212248,-0.0022259330281544365,-0.016682499959936092,-0.01627004018849476,-0.006759533840804188,-0.0003479424591810165,-0.007290433262678864,-0.017152183124819587,0.010308293229384091,-0.00816085142867351
2023-03-31,-0.006606747343996133,0.009426185680545096,0.007448824012990629,-0.0048670587916452845,0.0050861244073932,0.029151199615182755,0.0029113732002539194,0.002385798619565449,-0.013742609790043048,0.016811420334002847
2023-04-01,0.008822756270680188,0.006600684031352166,-0.05530484519062584,0.03659661716804674,0.02032871666270175,-0.00487392637478079,0.006714145770271962,0.033579684163734136,-0.0018015145256216059,-0.0029511117671852105
2023-04-02,-0.00584961848436194,-0.007152712750863266,0.015564516541111684,0.0030161061265783218,-0.005447994047552029,-0.017341322690159533,-0.0021124615243754974,-0.011245454248498987,0.01677099095816814,-0.010821436223949377
2023-04-03,-0.010623467767194583,-0.007204242851847731,-0.0393751652348302,-0.007394846533648192,0.012766300168912004,-0.024570996208827633,-0.00672839200963482,-0.02081100037471373,0.0013132803415700778,-0.003427276965844328
2023-04-04,0.0028178577972148844,0.02417700178368687,0.011976191046715767,0.005780206785658493,0.00820683832468827,0.013611543006909699,0.005614775145752038,0.00782458878950898,-0.007677847082695699,0.014485910084665932
2023-04-05,0.010241234817241818,0.0352036351929792,0.0059347355198144935,0.006635624665764617,0.006504850738478396,0.026967390071557684,0.02217630099389245,0.009828640679637068,0.0013848534679841151,0.007943322617336435
2023-04-06,-0.012130819492709222,-0.014252022707201384,-0.0059347355198144935,-0.021264050165409998,-0.011285297787017257,-0.008380781250923786,0.0003813570910535802,-0.021966301587685422,-0.004445915441109172,-0.011206950008860517
2023-04-07,-0.0023580703341572473,-0.008542497223114509,0.019646997383796494,-0.00956713854179192,-0.011988250612041895,-0.004468601679598283,-0.022000694635197604,-0.012482481735079709,-0.004306389579737946,-0.0033882046232864838
2023-04-08,0.002036842527342486,0.002142475377647557,-0.01568659616769963,0.0007722774845717595,-0.0015166757381539497,0.018952688261275608,-0.002955447419735524,0.0009424987582731248,0.009718668695091637,-0.0017238182740086927
2023-04-09,0.0006423524594580954,-0.009677494882065929,0.0,-0.0026724106236635237,0.002656658562571579,0.008518622775941953,-0.005319459321071918,-0.010416667797433554,0.004560235662219192,0.010421542141227036
2023-04-10,0.020270487118807523,0.010747013700592056,0.02536721387842311,0.012101109920362951,0.006717776484364002,0.008881189821133173,0.004900529262299447,0.006784055803954914,-0.0013457513397581167,0.037197718663575685
2023-04-11,0.05114295971782035,0.02219964316616352,-0.0038610086574595304,0.03778685838288531,0.02356509765225212,0.0160717292407071,0.016978900868025892,0.023100602263131265,0.010709414324395539,0.010305359988281637
2023-04-12,-0.003127185754829398,-0.01156690078179512,-0.02150620522096358,-0.030591525512365436,-0.007549430856709449,-0.014105963554909895,-0.018516481020265818,-0.030872986883642817,0.003039771094463184,-0.004096863150307328
2023-04-13,0.006807378228025129,0.04042000998066797,0.013739175883303978,0.014108859685259212,0.016223086164250056,0.047296437481846976,0.011516121708384564,0.019847748782263253,0.009777507040714006,0.024476977232399832
2023-04-14,0.01220309527047192,0.06345871031711692,0.019305618894153387,0.032936085299544615,0.018524953144533285,0.02301329123995055,0.01577774227082296,0.027518532470418577,-0.0014823975723938787,0.015016872613445642
2023-04-15,-0.006954952252478108,-0.0019083975257601082,-0.0038314223115559765,-0.004064666891703261,-0.0014001281974147517,0.013295273355932835,0.0005715452288672651,0.02333668017923607,0.0016606293294625374,-0.00162546602305369
2023-04-16,-0.001581444715467839,0.004288784272217683,0.0,0.022001493746595102,0.013958411916790148,0.006710100811473385,0.006914250508940345,0.006095594154412076,0.0032333796097088197,0.003844023995416279
2023-04-17,-0.02045306299887173,-0.0071582267001710775,-0.021339316034995504,0.005483686890292994,-0.014011143209434529,-0.022171036194953864,-0.011659800242846075,-0.014624753331417217,-0.008767209784663166,-0.025730494051542152
2023-04-18,0.007677259157397032,0.002391773443470413,0.04035129552356742,0.023970706381419404,0.0013701107265413626,0.01052242147792537,0.004827172392400936,0.0035079470654473255,-0.002363350622097471,0.02469956862036149
2023-04-19,-0.011656357309254517,-0.035500932050749334,-0.08035663013726657,-0.047256705130566345,-0.029623426264978825,-0.058368399140278804,-0.03052428068085744,-0.06112560590277649,-0.018214483450154972,-0.06086359370804573
2023-04-20,-0.0317879371680263,-0.03578109088768944,-0.0331980694095958,-0.06897809072263783,-0.03345621036710966,-0.04728553606244246,-0.039244275182287236,-0.06375137307732093,-0.027842556789949846,-0.014541419516840293
2023-04-21,-0.02482603621012558,-0.021785093907142006,-0.056414089280091284,-0.015641378901356084,-0.018340087262220806,-0.014064112974272014,0.01396314690754119,-0.030129876098171415,-0.00605681973143124,-0.036356155422696546
2023-04-22,-0.018513366855684055,-0.023343234998829843,0.05218575317057017,-0.03022427900449287,-0.010319687330237137,-0.019697403240587885,-0.003573593820068499,-0.029687965864018562,0.0038946286487897552,0.02135868407543029
2023-04-23,0.00457899553568808,0.0005366246439475475,-0.014941579998199006,0.0023647798097412576,-0.0031879249343864657,0.00860829710305433,-0.017973887895250673,0.015512598331358873,0.025617417292097322,-0.010761924997376937
2023-04-24,-0.003050332817624124,-0.008079763858411582,-0.006472514505617477,0.014597457001428005,-0.006198392668561148,-0.005982877761113947,0.0,-0.0024155324416668122,-0.0014265473322430111,-0.004633801644178703
2023-04-25,0.0008724735176102172,-0.00869098354742004,0.017167803622365363,0.01639872651555674,-0.015797242115929144,-0.013169183328829881,-0.002943776044013191,-0.002742003379209823,-0.004049785403670292,0.024646145725535362
2023-04-26,0.047196979888965984,0.032208903369618014,-0.01933465170745563,0.018715414185956902,0.01632148416132928,0.023468710999426712,0.011169697342157558,0.030495282593088202,0.019237368364056984,-0.002125690382356993
2023-04-27,0.007768705450619251,0.0,0.010787591128997298,-0.01914205451218365,-0.01987933253818852,0.00029424746423867276,-0.016134833443822494,-0.024839396301920225,-0.02047400614220951,0.031063817997406318
2023-04-28,0.008766278786916715,0.004743091896012963,0.027514963285269256,0.0030274511820822525,-0.0036386862676129894,0.012835509259278677,0.005142007251493386,-0.0014558801171515867,-0.017293722123438826,-0.0051059763399390334
2023-04-29,-0.0013646755896363771,-0.000525900616906938,-0.0020898649194591723,0.009582352789776927,0.0151053761990676,0.00497808305494285,0.00649305235383002,0.010245706449092395,0.0036599349678017035,-0.0015757548733024151
2023-04-30,0.0016373873690653795,0.002101945072372935,-0.01051534399952303,0.0003769568539908619,0.001441937139948557,0.003121682471030507,-0.007908898263170983,-0.0052487320553717964,0.0013569224500953325,0.0022513077268673243
2023-05-01,-0.031015604367141236,-0.03308732989097862,-0.019210836265677655,-0.033522062216290394,-0.01963526256406123,-0.033314668055912655,-0.020246081177305975,-0.031121107078721177,-0.011900030653825056,-0.03710165461489723
2023-05-02,-0.006419322269433536,0.001084598804804493,0.002152853361101048,0.00611385058809244,0.010360585118037058,-0.007501869870184752,-0.00307711115250342,-0.010875717406410246,0.0036330826226453894,0.016346376348730374
2023-05-03,0.010314269032530632,0.012389062314160704,-0.004310351501122245,-0.003057966782776589,-5.073352218509797e-05,0.00013640517815183273,-0.006213176725731628,-0.005274317638255255,-0.0051960376445565615,0.012616347759964341
2023-05-04,0.015015923433296052,0.013294532420534466,-0.004329011089585499,0.008046982000591285,-0.00040596086418265287,0.0025609603970866424,0.0009724080017483594,0.01719429325559574,0.02022011599868012,-0.007433529990667154
2023-05-05,0.009374263857662157,0.020392863563140295,0.01293121467224878,0.000759236946716868,0.006215102332726374,0.00512939938376622,0.0043641722800318306,-0.0036083358816063615,0.004026082125814234,0.031337144686546026
2023-05-06,-0.005071109034286536,-0.001554001866733934,-0.019460073554712354,-0.03217265943346348,-0.007332345229182913,-0.017834937225222003,-0.009693620126495883,-0.0375641825731714,0.0018762809203378694,-0.029151813603101928
2023-05-07,-0.007620595145557019,-0.01147040730531046,-0.008771986072837024,-0.019705071079331837,-0.007241481294362195,-0.01602834353061322,-0.007724649881166279,-0.022362358935682725,0.004523037950376896,-0.005793439298962255
2023-05-08,-0.03372252949435506,-0.026569044247712448,-0.0589740024595512,-0.03974532668053232,-0.03740508014725474,-0.05793125406610544,-0.06565309101978745,-0.05714558604159636,-0.024629460431252248,-0.0323508913472601
2023-05-09,-0.012210867616889942,-0.007025157236166812,0.004662013105811269,-0.022193286646350785,0.04872859646159089,-0.021201783754835724,0.1908180440939944,-0.04720745093993317,0.0010338270398513316,-0.0016537985657496534
2023-05-10,0.004844550328193975,0.0027078272705853834,0.0046403795565022055,0.018362293242405237,-0.0012152618105902846,0.005681833467431119,0.06475910500699733,0.023350343197701573,0.005120836745129864,0.00015886445176249708
2023-05-11,-0.015776408639318618,-0.01855948468817381,-0.023420274208098557,0.0011334127520354897,-0.041192915319545165,-0.020121525706831456,-0.11187405081981039,-0.02143989196792706,-0.006824946532725917,-0.022571715456811248
2023-05-12,-0.029334594058179064,-0.02172182314683546,0.02110277606773603,-0.01321966712281153,0.005099521726291911,-0.0072833084359018585,0.001990333326935545,-0.0383928565541245,-0.010424224980495111,-0.002067509498946407
2023-05-13,0.01155388349811659,0.013978421623840553,-0.016374634871790028,0.014401531246496901,-0.0036135001649180154,0.013200394757903577,-0.01430434917954937,0.01443141579422802,0.006824354131480526,-0.0001313797771462788
2023-05-14,0.0019747756850723164,0.0011098780273615105,0.002355713692459127,0.01438092218789322,0.005502752110994713,-0.0014683392053864708,0.03694067854752703,0.00938395861874497,0.0018993729948713067,0.0018581230556495854
2023-05-15,0.01694111268881926,0.012128042813274398,0.004694844304207635,0.061896973698949864,0.031083275421442735,0.018411475659767085,-0.01195645162382597,0.029564514367530936,0.0026634816163984,0.010484712947519625
2023-05-16,-0.009154643982549615,-0.0038429912791677623,0.029990713683682335,0.02213692141346879,-0.01653551392230046,-0.007572251281073861,-0.01926655989393966,0.014366976797538289,-0.012789304216182629,-0.002707981837883011
2023-05-17,-0.0025147012253388112,-0.002202644062342607,0.01801850550267836,0.04356806005981362,0.008626435130484111,0.012309607226544728,-0.02383205013610734,0.03874777273676244,-0.0012127844773690555,0.008524197145456824
2023-05-18,0.005649211028780243,0.0005511160238693691,0.02860481058166342,-0.0038477798470299973,-0.004466852653540521,0.008577863467211788,-0.015702716452393517,-0.00925092757356083,-0.0038259410797527593,-0.014684531679534985
2023-05-19,-0.011330517039978005,-0.003864205746829441,0.015070252920998173,-0.00596296916678174,-0.00873443227862758,-0.0030295853040360754,-0.004900066573410022,0.005520044002024438,0.0015281671917417583,0.0021383144698159384
2023-05-20,0.002751851797933469,0.003864205746829441,0.002134472528632525,-0.002585206865466816,0.0039718225868838886,-0.014079676600213364,0.038630719520082124,0.0016975819198776776,-0.00465793567717121,0.005768051425469878
2023-05-21,0.0020774603108986156,-0.001102535944100147,-0.02373358433209427,0.007930721549898045,-0.002657648338851182,-0.006112710433364477,-0.00537433753341876,-0.005874564679029692,-0.0016084760833958711,-0.01055687704022823
2023-05-22,-0.006208082985523333,0.0,0.006528858882463573,-0.012232368388643167,-0.009288019341134657,-0.025671996264360786,0.005028476335597443,-2.2748728916166527e-05,0.006464703805740157,0.005033058224872988
2023-05-23,0.01520984081187926,0.020202707317519497,0.010787591128997298,0.004574663510839017,0.011169812260509282,0.010594566431396224,-0.008860121081503802,0.007050025233347856,0.00409583899056809,0.014336688261566977
2023-05-24,-0.021794473080495536,-0.01910017137341935,-0.026088436084297895,-0.04979905885993485,-0.025150649792552215,-0.029139809543140327,-0.05373928011581075,-0.06124742973987196,-0.011738630503738356,-0.029472450835109854
2023-05-25,-0.01288244332149091,-0.01219527309381796,0.0,-0.02782434043518034,-0.012332982459883901,-0.008410907236908738,-0.020306053057653095,-0.01768714034725427,0.004571466907881572,0.0028748038195729464
2023-05-26,0.01013854489072763,0.013846801132291198,0.032505570404931294,0.028375070740413122,0.01206763897118357,0.015586874932664418,0.0074883345242442445,0.015475228787386719,0.002205160171650178,0.010945221871585531
2023-05-27,0.0057797120922558065,0.005485477276670814,0.0063762171392760525,0.009009429999361274,0.003796545293550224,0.025746890325474947,0.011527950512825846,0.014219551565925581,-0.000860294803276318,0.003854643985324202
2023-05-28,0.021472763414083218,0.01250356055940216,0.023037668067017347,0.02039980054541335,0.010841996041057733,0.02474127958274197,0.010363103824924114,0.01936423715824187,0.016389719052038565,0.04295189826937573
2023-05-29,0.0206626410893076,0.026127852581034894,0.02251886353534982,0.01575792861184855,0.012345782341268041,0.014272788453270735,0.033346889840396354,0.011316814636565642,0.008521507606745082,-0.010362001036101631
2023-05-30,-0.0029103733961282074,0.0021030501967782556,0.057045946877000375,0.006676562399230868,-0.010003544826481026,-0.0014477127194285622,0.004343876983971207,0.002597016041980371,-0.008417307020522458,0.0013367483358095456
2023-05-31,-0.020943935387801815,-0.016415512907221874,-0.009606221805439796,-0.02141032277986543,-0.016927704518782782,-0.02849024674638434,-0.04018764702295474,-0.02019427577624766,-0.025231316385692537,-0.015185251511187658
2023-06-01,-0.011196008095625487,-0.004280370366172903,-0.01949379468100121,0.03396460022122838,0.0011757583005582717,-0.028605557526802272,-0.010019540565177731,-0.02104095137689921,-0.016070253642087806,-0.012732235744257636
2023-06-02,0.005262584876465581,0.012786535423593648,0.03291681501314192,0.018255663562914748,0.011664705512258067,0.002032679927465253,0.009562118890662497,0.015003604967525508,-0.009211250821476114,0.01844103851176726
2023-06-03,0.0036894965110860767,0.005806297653022874,-0.011494379425735168,0.011058771905863907,0.0038088975418428817,0.004830550881191886,0.0005183954253347167,0.0055922512336508134,0.007023512151310918,-0.006474924528300008
2023-06-04,0.0003682020734565583,0.0005261773338967046,0.032230277904913396,-0.0010240656296902628,0.01111675267483303,0.0034450151232965354,0.006593664216520523,0.011253744743572547,0.01471205538077669,0.005770735657893766
2023-06-05,-0.02633399721135632,-0.026113927282303884,-0.04776457086709762,-0.04838772759349208,-0.03389710172318505,-0.04583567808820099,-0.04206068500037485,-0.05012211358534957,-0.029360768206184495,-0.05473636762957668
2023-06-06,-0.013584942269265099,-0.00922165471745462,0.03650741634246313,-0.03044902609188238,-0.018784998390251495,-0.038722621198323814,-0.036312661610276464,-0.04392152078919631,-0.012047292755244854,0.04387239472137772
2023-06-07,0.02276484119697919,0.014069496153580552,-0.019048194970694432,0.01350612678816443,0.021353763107666346,-0.010473074425629836,-0.0011470709983667504,-0.005538766281480534,0.01764981821549938,-0.03347857818234701
2023-06-08,-0.008575349676323896,-0.008634700167623244,0.009569451016150698,-0.013166806330671577,-0.008173570236440497,-0.010824989234869076,-0.008727926957052823,-0.011196307681432316,-0.010681488481099066,0.006612083559986104
2023-06-09,0.002037659661304758,-0.0016273396593753375,0.020735898479178227,0.002180212897697764,-0.004125455390523669,0.0019612909512827237,-0.0016222214744239238,0.0027656814868377566,-0.01272710814605027,-0.003637188418405657
2023-06-10,-0.02643191078265872,-0.043267980248515414,-0.05168614452027931,-0.11471985791027706,-0.07788892019001725,-0.16528690257696077,-0.1484624168058808,-0.22306611897068107,-0.03655606346369389,-0.03570628062316494
2023-06-11,0.00011611030492097996,-0.005685063634608412,0.02330202520284419,-0.016306373353978998,-0.0013415513454129169,-0.019037276875901732,-0.009849632537166197,-0.054599689758302095,0.0004225926852345907,0.0007692693018643837
2023-06-12,0.0014309197065927037,-0.006865015519680107,0.007648220838256892,-0.010617417218746539,-0.0014407681395764982,0.020981935755567616,-0.015609118871385164,-0.01784196249309078,0.011724669295436918,-0.0019451300534232274
2023-06-13,0.004819100638577822,0.0011474470564767358,-0.011494379425735168,0.012468103400300024,0.022902058382825885,0.028410321591212373,0.003227840938285098,0.011415688454948114,0.0020929010850769814,-4.206835827247346e-05
2023-06-14,-0.006250020345170526,-0.008638118785634141,-0.07811777926395203,-0.012624129925126404,0.0012084823600249095,-0.006274808962091427,-0.012974352324332639,0.02278296326066309,-0.027584992256354468,-0.03628924012413037
2023-06-15,-0.028141022210085964,-0.047374163123691915,0.0,-0.04472841489038881,-0.014743835329682042,-0.02355311954142625,-0.027651159240186907,-0.015096792912167256,-0.014431553002713926,0.012404552359978283
2023-06-16,0.02519539781752478,0.019219810849016916,-0.008368249670516636,0.0255081624520761,0.016852799204502666,-0.001094957223577886,0.032219281744406025,0.027389776899842566,0.014180413641208922,0.02752375514151595
2023-06-17,0.02737484543287927,0.02988795571376457,0.006282743179495176,0.020389858414477047,0.01713335697653129,0.042461550504715895,0.010604636861057504,0.03042444097081809,0.004562364418892351,0.007579744276220879
2023-06-18,0.002112729979261374,0.0011540682181063744,0.018614808442231956,0.006047087152570185,0.005989656947550159,0.01497634908327905,-0.007755181078392237,-0.006056524424995935,0.0182679766907059,-0.004757956289083154
2023-06-19,-0.0006786051155813766,-0.004045079193808476,0.010193768189542984,-0.0026758895196534738,-0.00976553881114306,0.004129077589979158,-0.01858774747750669,-0.013206020702633658,-0.00455212379851222,0.012887266625234872
2023-06-20,0.024217867021153694,0.009221967373342466,0.0,0.007235520284377905,0.005136933625859541,0.009228556087350182,0.008219608836324,0.041276362318502624,0.01600321974619856,0.044497887745325926
2023-06-21,0.0754847965318568,0.05252603969510439,0.014098924379501665,0.07564890343776298,0.17174189206648194,0.02574961282655197,0.09602505782469262,0.04805978266231081,0.026479624693853232,0.05657509479958733
2023-06-22,0.02737314245234934,0.03266689395474831,-0.008032171697264334,0.02995318170330208,0.06616961627050433,-0.0009214722090997718,0.01644188070832797,0.008616758990146689,0.02902289151908466,-0.007148071650613375
2023-06-23,0.007214274455526137,-0.005282632464427728,-0.0020181641562371233,0.016377264065048358,0.12475700859140115,0.024838306656473907,0.12031732915331439,0.011335580111088372,0.025094089331933134,0.01806755244882119
2023-06-24,0.009745610430513807,-0.00052980133689573,-0.01629363948610052,0.0270896419773079,0.2109123670731563,0.04170793289618491,0.1647564345396786,0.02590323011015805,0.02780310983050338,-0.006551880521621811
2023-06-25,-6.531038764023833e-05,0.006865619785981991,0.004098366392282227,-0.018605655630633322,0.04774170170148029,0.04423872880417612,-0.025105921131076236,0.01906654356484161,0.03145502216879148,0.0024056308740636467
2023-06-26,-0.011099184641844673,-0.013245226750020933,-0.022751756983416027,-0.012016552267415825,0.030388336585430942,0.00707181633162568,0.013392203216311849,-0.013277031193852373,0.013011221354576996,-0.012809204252445028
2023-06-27,0.0074349784875185065,0.0010660981819974324,0.012474174225175716,0.006463087446895166,0.09394454327711443,-0.0063129031907513955,0.013161633437865916,0.026601641557844502,0.02559101311710066,0.014957600383484149
2023-06-28,-0.006642794659450502,-0.011251123240362482,-0.040047501129275354,-0.030224911893795614,0.014767117953996767,-0.029659077735353367,0.0031833955431310734,-0.038243149975283774,-0.004932842070715537,-0.024587284349697924
2023-06-29,0.0034913246491399264,-0.0032379952737757733,0.021277398447284823,-0.014530552620409587,0.03274262013040552,0.011149894205385369,-0.003531776246364249,-0.018203699116853045,-0.013144730895710666,0.013401634665612505
2023-06-30,0.005377767420155166,0.02139118998131817,-0.0021074823395647035,0.15806227575667808,0.23002422474221618,0.09319420401513323,0.11936317444814337,0.07721927197423106,0.016194710340276863,0.01345171848709903
2023-07-01,-0.002127973826853591,0.01678948147654946,-0.0021119332031435123,0.07565042495900798,-0.022016411524083068,0.03604399975703876,0.17446470614661802,0.03076590558649306,0.005590389806632956,0.002268870845711035
2023-07-02,0.0009827044815988728,-0.0015620935225379995,0.025053502445550158,0.03527455318149286,-0.0043946614440857346,-0.022665467032759956,-0.02473806635253961,-0.009433409013857919,-0.017864692647189706,0.00183732725140473
2023-07-03,0.009190522257240374,0.01960847138837618,0.010256500167189153,-0.004014209497204213,0.0032678197180215918,0.011531313025685108,-0.023875297335774093,0.004556057891672349,0.025191514440675356,0.015454933637537138
2023-07-04,0.005338522749248398,-0.00255820042303867,-0.0020429016298002534,-0.02638052619599307,-0.0370626743775615,-0.009148096970916786,-0.04735234939980426,-0.015447201796710885,-0.0028034582494687044,-0.009062290616583368
2023-07-05,-0.012599205500034572,-0.01600860420448047,-0.022751756983416027,-0.03475668055876735,-0.053623562823108095,-0.015057965148155716,-0.0734213947151483,-0.043780990755661886,-0.018549326296776414,-0.012213093743135062
2023-07-06,-0.002683159883366315,-0.008888947417246662,-0.027573326904099638,-0.022738703384457715,0.06814149004293757,-0.029017226174714583,0.03140472867224231,-0.024353373408076973,0.009936172570678359,-0.019785016462465776
2023-07-07,-0.010838339695236954,-0.022305757514297753,0.0064308903302904286,-0.04094694418487865,-0.01509778483301183,-0.031702989345609556,-0.016231570232805748,-0.029626612838527855,-0.00907373181001958,0.008313163159021641
2023-07-08,0.0012909420703479668,-0.0005372011947617494,0.004264398786457457,0.006279665234885101,-0.029089376246274057,-0.06333012458453213,-0.015291500234346778,-0.006353751965027854,0.006573476295088199,-0.0012408186864725224
2023-07-09,0.0014544495490067533,0.00375436214653746,-0.004264398786457457,-0.007156401357387487,-0.01280116585202773,-0.005416679910600131,-0.02874181926697572,0.0005657540311996279,0.001884744008441075,-0.0023628376706366083
2023-07-10,-0.0003634141143784575,0.0,0.019048194970694432,-0.02323816662034961,0.007419723388243149,0.0030938790257057924,-0.018166004759359033,-0.009902107683473549,-0.011978999839749704,0.008888258126168225
2023-07-11,0.007964760377820568,0.004273510777381695,-0.0020986366569212267,0.024042729981852418,0.008822842460152636,0.0011100705340831851,-0.008069782273362858,0.005068008988236894,-0.00723129534303002,0.0059963184146099024
2023-07-12,0.0026517833221166853,0.004255325570138524,-0.010559760215002267,-0.005065081481283151,0.023321610866415377,0.009386176090867338,-0.006498009491997081,0.005548278163175713,0.00023762303958640985,-0.006230219307331808
2023-07-13,0.003361896271293574,0.012658396871922939,0.5434099600989952,0.03270423981544468,0.003894407519225318,0.04230055058244364,-0.007174103065884285,0.013649467408243243,-0.0022810729709403788,0.06401739911238202
2023-07-14,0.011050194263063418,0.03805086288170223,-0.11762891683046395,-0.0025005159670516974,-0.04047964577810692,0.061791773315687415,-0.0225880977449191,0.037295728204997936,-0.0019680954949947704,-0.04081841164067157
2023-07-15,-0.023410804743988933,-0.023999109426051213,-0.012561225872973314,-0.04805191178375878,-0.06314423825927484,-0.02329691736762518,-0.05849245763995725,-0.03536092459954965,-0.006672604872752785,0.0008527503369073486
2023-07-16,-0.0005609913193485028,-0.0015515906914194133,0.04932506656250152,-0.0014886218219034575,0.00587025858241752,-0.013074165823403927,0.008813764834849636,-0.017251483880149188,0.01557752423611447,-0.004480401863760974
2023-07-17,-0.003836364132386194,-0.008838113157716876,-0.012105057026275512,-0.02675791476635947,-0.03510852991012925,0.018571462619616508,-0.0030295196412719605,-0.016039269776527476,0.0018356688229275164,-0.0022156243229094486
2023-07-18,-0.007550217969383155,-0.0073375591263173945,0.051428603230189884,-0.008051950519274875,-0.025845968719777623,-0.006226217550435731,-0.017287206261400456,-0.0159622500709502,0.00820405518973022,-0.007731814812602877
2023-07-19,0.001134505777528716,0.002626741725718418,0.05622967649867813,0.015221060111392681,0.024867584437156864,-0.0032390235043600057,0.04972073726704407,-0.004965544460334925,0.009844821715756069,0.004603462120440938
2023-07-20,0.00033343336643198995,-0.002626741725718418,-0.03587273942993399,9.696551806115394e-05,-0.0016626053882831116,-0.0013049222876868605,0.015648292422288712,0.0050885986658677496,-0.013459330581049755,-0.003047611318940824
2023-07-21,-0.004644721230087967,-0.004217191279106025,-0.026804412659713783,0.0005600611905522968,-0.003937847509638992,0.0003184307758403726,-0.003732272794828795,0.010161071693269186,-0.01689760013005781,0.0014913307016399813
2023-07-22,0.0009039019045005148,-0.0015860431556342647,-0.05449853462611043,0.0115510450662617,-0.00033498374416573995,0.008748906726320893,-0.011466266322790464,0.006737302046592841,-0.004064796646823687,-0.013214159958611305
2023-07-23,0.0019389569140884078,-0.006369448285480139,0.008163310639160926,-0.014894519782996163,0.007007143681531325,0.004000194319408568,-0.01758433675230542,0.009302672719719851,0.012424722804772692,0.013334808441756607
2023-07-24,-0.016772022831185396,-0.009630893060961654,-0.047165468442430136,-0.022771714188434267,-0.012033092938191103,-0.032978448684156,-0.028146265292762873,-0.023835199566196508,-0.014044186272824888,-0.026894425019177604
2023-07-25,-0.008938073354627818,-0.002152853361100604,0.009894073645198509,-0.013508305815639332,-0.030681064462385166,-0.029006648014092473,-0.024525115474460346,-0.029335104691971647,-0.004026138251544964,0.0035691637401082943
2023-07-26,0.0034892109425648243,0.0026903432961047358,0.005610112890766739,0.0037681673954113037,0.009507425485728582,-0.0015731430955057135,-0.01659456711935503,-0.01016430311628902,0.0054733120510128686,0.004057871019510273
2023-07-27,0.0025919119619199904,0.005359069631838409,-0.0028011222797116875,0.014195323831048157,0.027167466593075673,0.007708131663021867,0.01565774571402434,0.011143503093451024,0.0035137545443184592,-0.004679025697043926
2023-07-28,-0.0030701030425213105,-0.0010695188185261273,0.0,0.004030027471215725,-0.00691409324371417,0.010942438808511756,-0.007927044646316883,0.01298597339821761,0.000943905140200485,0.004945952866286518
2023-07-29,0.002081876487849854,0.003738322110606873,0.0,0.002298725767308163,-0.010507297386239678,0.002102014108619432,0.019644880924510222,0.006739888542377059,-0.0010604227360220264,0.0025837758217370776
2023-07-30,-0.0007162224688439522,-0.0005331911616588414,-0.011283617602027285,0.032200638050661645,0.024271791261115894,-0.013343660020545212,0.031825890484525665,-0.0026346392613008085,-0.006127063053758874,-0.005343817344259705
2023-07-31,0.0009207632754471007,-0.00588394315897478,-0.0071174677688640164,-0.013687307944421079,0.021115906906973514,0.0015283410510331663,0.06589548290675484,-0.01057715669016046,-0.007109005330454998,-0.0025257909663753964
2023-08-01,-0.010898730129728307,-0.013502770641215633,0.0085349024498374,-0.015630980307407505,-0.03636117566207453,-0.007130036203099266,-0.03410259914243596,-0.020470960113134318,-0.0027693177488039566,0.009050663067245779
2023-08-02,0.014743122229075922,0.007584001681038899,-0.030196399231016635,-0.014871714114877754,-0.02751812560603728,0.0018373453865137002,-0.015154821140860086,0.019435324752482774,-0.002995752020453324,-0.014939409266789383
2023-08-03,-0.008970505436193932,-0.007040375682328737,-0.028129167721836157,-0.04465850982606945,-0.03239231416341237,-0.009523881511255716,-0.03704833588692269,0.0012551777724230107,0.004608489882962807,-0.000705711609876758
2023-08-04,-0.000479780680896269,-0.0021762794225947957,-0.04295138719559932,-0.04177560968366123,-0.00908360780689943,-0.006422629656467116,0.014656313482451555,-0.023704484542306226,-0.009458123447946498,-0.006457271962446498
2023-08-05,-0.003571309726206451,-0.0016353233407313539,-0.014207026644349363,-0.0044375462010828315,-0.004149906185734409,-0.01648069578940925,-0.01919020717872355,-0.012700327441247161,0.000885214157193559,0.0012349446164474642
2023-08-06,0.00037833841101964083,0.0005454049767052993,-0.009584737912987362,0.006510510437555794,-0.00217684868642376,0.01634503818898425,-0.010340426445475615,0.027173928738532638,0.005301134286952447,-0.0018927193992261948
2023-08-07,0.0005156854433145952,-0.001637108141899546,-0.004827040748315914,-0.007128733490296746,0.037711396231859595,-0.0042486001062846945,0.009475820833038107,0.034376197677789655,-0.006858630048637515,0.0023047563311831
2023-08-08,0.012568900735114852,0.005989672140741753,0.03330997888153281,0.00968989306285728,0.0204461287436013,0.004655517711085633,0.006951423832544545,0.0033887471179903095,-0.0018810183173441075,0.01995572898370135
2023-08-09,0.009088668019298751,0.008110344537453962,0.006220859875102458,0.007596684437609191,-0.007848914777590643,0.0005422993625310291,-0.001025769070134519,0.0048645622060567995,-0.0033240119288242553,-0.003978191499372841
2023-08-10,-0.007020414955240639,-0.002156335067346582,-0.01720136235854658,-0.0028405041297618894,-0.009043236109936181,0.0012190993721170607,-0.007014447287509107,-0.011193406995044342,-0.015792483080575792,-0.005357944653136215
2023-08-11,-0.00349478682951343,-0.0027019740837301853,-0.0031595602903685127,-0.005789474083475632,-0.0231359165053453,-0.0013207581038425786,-0.002041187952686041,-0.002671950730487982,0.007519793984386958,-0.0014700949047963263
2023-08-12,6.797634425836918e-05,0.0010816658707408777,-0.007942853513936754,0.006040431607243768,-0.0011687848586054983,-0.0022730752268276255,0.007945510792262134,-0.002124221533004622,0.0025830437001124196,0.0003508458994723185
2023-08-13,-0.0006799714673988433,0.0005403945011268618,0.0,-0.006328983320117665,-0.001231317534174714,0.005622368748033679,-0.0013337781237039437,-0.008759903105754585,0.007904779257156491,-0.00469213524516654
2023-08-14,0.0003740415229707139,-0.002163332374257365,0.014252022707201495,-0.010820457505893444,0.0026049351388435227,0.005758852024587924,-0.005604598718552456,-0.003082626096317931,0.0023926318388740597,0.00428587649770229
2023-08-15,-0.002075995776811723,-0.0037971295962089258,-0.04173960617276523,-0.011037140478530993,0.01153773134806979,-0.023065272930995917,-0.009411371456637507,-0.02763462708634945,-0.00931937864138721,-0.011198483421194894
2023-08-16,-0.0073172726130081855,-0.008733679968754515,-0.036732009268730104,-0.04299361482967701,-0.049738740503440404,-0.0583720062219073,-0.06573603136348583,-0.06691802769979205,-0.015074714260149058,-0.01382297467381477
2023-08-17,-0.03151513996350275,-0.031182927436687713,-0.14624550032014494,-0.051941776556751584,-0.07304564565646654,-0.03134217657240557,-0.07535625245029154,-0.033425315328193594,-0.024290738191247385,-0.08199920592221055
2023-08-18,-0.07023323666768277,-0.05343896215556043,-0.00592301830312203,-0.13293886406400635,-0.10338775788043897,-0.07998632464481314,-0.06530589603784787,-0.06975519501495642,-0.05382808825102803,-0.01382611258141786
2023-08-19,-0.011809580984364132,-0.005384398291234049,0.02927038230011325,-0.011098031689507515,0.015456324506233798,0.00742411978100721,0.06806487664119265,0.008778292398280652,0.005537947607971994,0.004926922068735351
2023-08-20,0.004602823515007515,0.004190368298626623,0.039590467271008456,0.008996541330848373,0.0033978244162353732,0.010093987137947291,-0.006503876459507563,0.01599495963511055,0.014118755801192151,0.004598343445991304
2023-08-21,-0.002183699747172696,-0.0005975500625972074,-0.03192759452543936,0.022362852414340217,-0.004893336828042827,-0.007591160060410829,0.01248253275430633,-0.012948183661019907,0.01011489750298189,-0.005848934703285735
2023-08-22,-0.0031498508737879405,-0.01202660316579962,-0.005741642567675287,-0.00445705147885711,-0.013507233676982366,0.007551146455779811,-0.01647076948890236,-0.008789358531484659,0.00012173348497412917,-0.008329794219973152
2023-08-23,0.007015958389800403,0.000604777762612585,0.017126964792800625,-0.00888216446086254,0.025756476358241187,0.008724981147183897,0.005520454348415971,0.0027998504858683937,-0.023330377869092978,0.020108696946966376
2023-08-24,0.004726158890544951,0.006628526830907866,-0.022901764286684445,-0.00021463504459351412,0.011404242682401922,-0.011088622253224045,0.0035768906213915486,-0.02560170442116494,-0.03686026632439443,-0.011465547106238816
2023-08-25,-0.009206092866405058,-0.007233304593520451,0.015325970478226814,-0.007695897610936697,-0.0032510696197789457,-0.0035760962269315577,-0.018641914531128734,-0.025121032126263376,-0.0009412982706171746,-0.0027989505570147344
2023-08-26,-0.0003070545813645964,-0.0012106539008955863,-0.003809528416667707,0.00866139273202915,-0.004597637103114671,0.0007645106498510579,-0.011340893454156564,0.013267192944048656,0.026454260838333354,-0.003017286715250478
2023-08-27,0.0011126245656623013,0.0018154316635081713,0.0,0.0007043763498275624,0.01713193038819849,0.00072373450145502,0.02239109304591347,0.0073082885128261665,0.01363592698429894,0.004802405477237315
2023-08-28,-0.0013429773904221065,-0.003027553024037566,0.0,-0.005187243061601343,-0.008409738560399838,0.008325376297018572,0.0060324630642072385,0.009996208770496118,0.0030273066664205928,0.00042777306667218795
2023-08-29,0.024801240858925766,0.019219810849016916,0.030077455237277895,0.025761232606390294,0.050709495744585276,0.02414025748201931,0.03623411305647517,0.01404942240253515,0.0005713322176825741,0.05245926006634427
2023-08-30,0.024639624665210746,0.018857364915503716,-0.022472855852058604,0.014632918867252265,0.0703613240362051,0.011258896716782374,0.028893473819582738,0.02362950608591019,-0.005395907520302501,-0.013725358263318554
2023-08-31,-0.01598737407524453,-0.012926149425539712,-0.03272669350255708,-0.01702003856853196,-0.016377827573456294,-0.019345668006069516,-0.01760765756102245,-0.010712455241118413,-0.007075214639253424,-0.04528166116371857
2023-09-01,-0.03652994365228501,-0.029405058886206703,-0.025769513179051518,-0.045559907273516664,-0.04139180838835266,-0.03895401929271891,-0.025049963222968152,-0.03439598542322031,-0.008157770592720937,-0.00725461633924418
2023-09-02,-0.006181444501226707,-0.006108754488320933,0.002006018726865788,0.004865044121782347,-0.03149207166961521,-0.005274899270671707,-0.020099565748489034,-0.020006943813472677,-0.012761181753884188,0.0024248862882458866
2023-09-03,0.004446771822927076,0.0024479816386397957,0.011952333523841174,0.006398274012344274,-0.016891084295872716,0.016911659610800545,-0.012007061280563835,0.01381231993320542,-0.00026329741017594444,0.00247535802021126
2023-09-04,-0.0004244891722517963,-0.0012232417427435749,0.00592301830312203,-0.003974599005501567,-0.00458787022670748,-0.008094916101776484,0.0022295822213580507,0.0016010312497001244,0.011766215050826645,-0.004577432078967547
2023-09-05,-0.006311367822567249,-0.002450981619140258,-0.00394477829101636,-0.013332273070588485,-0.009338014178087661,0.0005687820093212004,-0.005254010050288915,0.002377288284201029,-0.015588266352489555,8.777215323796383e-05
2023-09-06,-0.0004662185872543745,0.001226241723244037,-0.005946499187726273,-0.0034086708285334666,0.0019865203278612853,0.00982123686955294,0.0002633571467307583,-0.0036657218445785844,-0.003048128406485162,-0.0005576411199967879
2023-09-07,0.004033358192325309,0.0024479816386397957,0.003968259175620603,0.0024268969060301515,-0.004476534272400912,0.007452853345636612,-0.00032920727186969145,0.009410187260896041,0.020498625405539705,0.012556914583162992
2023-09-08,0.007518977373507596,0.0012217472503230908,0.0,-0.001537937406263623,0.007405021314129456,0.004023829655821487,0.009438051379333068,0.012270564575677767,0.0046998591104232545,-0.008553426927472074
2023-09-09,-0.005817441714130567,-0.0018331810816611949,-0.001982161203991195,-0.0010954381656951284,-0.0034934397743588974,0.004799406313088728,0.0042637048106879405,0.009019870480849956,0.0015710264126305162,-0.000754276068875015
2023-09-10,-0.0019337877313354568,-0.006134988567516153,-0.00997017231984998,-0.0213042147683824,-0.01339800885365694,-0.019256717452684757,-0.02645935586369763,-0.018199003581414797,-0.002640735910248715,-0.0059157673306096115
2023-09-11,-0.012347999915117924,-0.024923408452456997,-0.05139877405644222,-0.02465772589303139,-0.015771460119164082,-0.007206217168855389,-0.02611679039357817,-0.031153946792439324,-0.012919485084524673,-0.03278561440943939
2023-09-12,0.013856675081839853,0.002520480225335575,0.014659948410684631,-0.0006155638009950337,0.043290427306646784,0.014681234894832418,0.03534507165159484,0.006704378975583403,0.0011968628046536978,0.027838152666348037
2023-09-13,0.008353109754336785,0.006273546297237864,0.006217636610870603,0.015489592692237153,0.02371652661731627,0.010673139948917054,0.021767699366250337,0.008660789511389932,0.013581644662265191,0.011467387942007079
2023-09-14,0.013327438145827486,0.016129381929883557,0.012320484388040565,0.026486688867996655,0.01900260649409713,0.008087945771714011,0.004870113317037905,0.00609615018051235,0.011675823324701184,0.011372102470227574
2023-09-15,0.0025311208994924783,0.0012300124552000469,0.024194728587056957,0.018310548889579614,0.05049998596826111,0.007282155741956675,0.01766740258483157,0.012428291687843984,0.018678713798406577,0.006442128539781322
2023-09-16,0.002223605039292309,0.006738157193977301,-0.00399202126953746,0.023444864483516348,0.008629037376969961,0.019775855940763254,0.0038490708803209372,0.03039263864471131,-0.013317028993125923,-0.002919785847289802
2023-09-17,-0.001130028747642342,-0.00550965581096996,-0.016129381929883668,-0.019753957742694617,-0.023524891279461002,-0.01689333602652443,-0.023738947122456278,-0.016901386643969563,-0.006563226237281228,-0.003899353256601401
2023-09-18,0.012137253322308084,0.006729912216198564,0.022111453607431164,0.02431979221901681,0.025111819753253606,0.0010108079548150073,0.015930729412470868,-0.002660890306837249,0.012114783940839757,0.009853386054865965
2023-09-19,0.0068277381279049365,0.0012187691941294432,0.01968567507103025,0.02389112496271739,0.007787321655995605,-7.771819386803713e-05,0.006894616008256804,-0.0017905789876566658,0.00554127410087446,0.013325871013559976
2023-09-20,0.0031015791211661536,-0.006108754488320933,0.01547419658259741,-0.02328188892583949,-0.011305948128674359,0.00916781076380735,-0.008705203673126327,0.004261640329820349,0.0007193366126765355,-0.004464567942610742
2023-09-21,-0.012539116657434235,-0.01855340789574811,-0.02723903816218376,-0.019650985222338768,-0.026630366629739832,0.002653388470561069,-0.010033315251989805,3.79686758473774e-05,-0.002758004030733119,-0.02276029136316815
2023-09-22,-0.006441728578469252,-0.0056338177182553295,0.01176484157958635,0.005265778491486017,-0.010170307540326995,0.011341410349440917,0.0009308746078007246,0.005150356003550627,-0.008477724299594591,0.0028047500981855933
2023-09-23,-0.0013535363197423322,0.0006275494401117854,-0.009794397592287618,0.002375994329224085,0.0014195419565972145,0.013202258825570024,-0.002923931716050099,0.011604238595670502,-0.013398545675091356,-0.0011920045080380248
2023-09-24,-0.0005268704020711112,-0.0006275494401117854,-0.011881327886752668,-0.003009516967942716,0.0007281716507288039,-0.01001778422604982,0.005167306691455931,-0.0006722940419052748,-0.004222384879848384,-0.01067506820242592
2023-09-25,-0.013644327648778543,-0.007561472700576388,0.005958309583630639,-0.005486684563839717,-0.002474109432356819,-0.009889772505181416,-0.018317719689292744,0.0,0.007353255645835333,0.002340963137147156
2023-09-26,0.0017157567835042187,0.0050473293272439435,-0.005958309583630639,-0.0014619885644995279,0.023152620364474963,-0.0026027726551483,0.005170659151821244,0.005885876029639192,0.0002425628509561406,-0.00028539260474147454
2023-09-27,0.0029670226034053115,0.006898741691156118,-0.00399202126953746,-0.004070593672521383,0.04553679945346811,0.0031760028227512116,0.0131470605374715,-0.01240812720386808,0.007497290956647973,0.0037951566952862947
2023-09-28,0.013093785546779202,0.018576385572935727,0.017839918128330967,0.004319593782745379,0.056678721192687576,-0.0008790873346913308,0.020939358901528315,0.0036786828272177274,0.007919259878523377,0.02671066615220674
2023-09-29,0.010664580156529269,0.021245108613736186,0.021380795024950383,0.022388133606972893,-0.005367498830773698,0.018638315129023475,-0.007583780073512347,0.018781637376590776,-0.006249357245034837,0.0015039694622611677
2023-09-30,0.00040791352798841274,0.006584878627483803,-0.00966191091173696,0.003175112239109268,0.002971820927503366,0.0076273457338627,-0.003861130853182182,0.01626704482015695,0.004945215557428995,0.0018965593395954272
2023-10-01,0.006982829991615702,0.0041679131487777354,0.017324783657306053,0.01128166046049106,0.007599710937034487,0.018086345445665675,0.011068652809190116,0.010437005416266132,0.006490190484256253,0.03597126656647198
2023-10-02,0.03234910343352837,0.014745180157709648,-0.023167059281534397,0.008289258793921839,0.03506284479097932,0.01625462099620867,0.15351878526539764,0.004215797597973747,0.006765284845055675,-0.02114835126297443
2023-10-03,-0.020272545917633167,-0.02850549299792693,0.051390945869489446,-0.018646109267259625,-0.027328127126720503,-0.0182684991232529,0.0527044237265879,-0.01838611168714044,-0.011903570166426292,-0.0023638594017008074
2023-10-04,0.0008726321318768271,-0.01029376331332088,-0.011194146743152666,-0.025197361867268953,-0.039951585236283726,-0.019131372229234334,-0.04560183560711373,-0.024184353367231903,0.013486792387365831,0.005171348872405446
2023-10-05,0.0046412208481037,-0.006105025066802661,-0.017029739844802383,0.005378065239854735,0.004181281532785519,0.013544560182417786,-0.01571995441063523,0.006711061319880862,0.010466812000244019,-0.015363284129284338
2023-10-06,0.0021320813930802984,0.0,0.003809528416667707,0.010211231789186037,0.0010783026224698844,0.0017676307309177908,-0.021250268399398475,-0.0006653852086389023,0.0009654792023381376,0.018534485965648884
2023-10-07,0.00833997213067228,0.004277427847778625,-0.0076336248550711305,0.004899314587071046,0.002278363245168613,-0.010652958152293834,-0.014768760458911512,-0.003407789348194079,0.016036363634416517,-0.0018876492815476098
2023-10-08,-0.0003580507754232798,-0.00488998529419149,-0.007692345623155683,-0.0029886271520780383,-0.007342170524528235,-0.008327313379410839,-0.01713371276169573,-0.008346112011380136,0.015486654171875891,-0.0011512186184869933
2023-10-09,-0.008559663842612864,-0.017929382914499747,-0.02938507215974384,-0.025034357497355053,-0.03598941191565519,-0.032663587103239244,-0.04872006848879895,-0.018427436813020837,-0.005139936900170561,-0.019751481400708926
2023-10-10,-0.005614227760556645,-0.016352565646513995,-0.00999009307508636,-0.009123146250328062,-0.026174996009075358,-0.008989961501877808,0.009834625726216295,-0.009381111434198619,-0.006901132151249989,-0.005952453703361726
2023-10-11,-0.018365282216629808,-0.007638483988785083,-0.018237587549780887,-0.015317795201265305,-0.012469738744963266,-0.017469931851437526,-0.014260277603600713,-0.01891281786201704,-0.006811078572901863,-0.015724123883634533
2023-10-12,-0.009590795049961187,-0.010276262557384896,-0.012345835822299311,-0.018967970985284133,0.00019684578133993824,-0.010919890114021946,0.014676634486938678,-0.01306176453527419,0.0038565770218204065,-0.008161897781651106
2023-10-13,0.0019031631828951845,-0.0019386112695016777,0.006191970247921064,0.005072799688798035,0.005085786683086901,-0.0034648114916899786,-0.003425221892598085,0.0015082360469720335,-0.0021888156372273926,0.005382318780107198
2023-10-14,0.002420362001513965,0.0038734715957975396,0.002055499182096021,0.004188861820544787,0.010712947203998624,0.013827598527236251,0.010949176933972016,0.014567760282520936,0.006141428687804762,0.002041102205147638
2023-10-15,0.0021918834818013266,0.0032164710908340055,0.0020512827705573278,-0.00014582810133312307,-0.008016956727504798,-0.0009557565141546931,-0.0053260866820861175,0.0031220755925054355,-0.0038282434895391404,0.007703958248598042
2023-10-16,0.034933910335791296,0.014663954187014383,0.020284671171505786,0.022020473416951347,0.05243863480302302,0.014948079662052471,0.09591415201839304,0.008806186285136963,-0.006105786621456666,0.04003864921630118
2023-10-17,0.01726630929445072,0.0,-0.012121360532344805,-0.0069830797630912045,0.006342608968226138,-0.017341475036487086,0.04652981737029016,-0.019658185988340904,-0.004428626281168135,-0.007364885364184559
2023-10-18,0.0005986021059385394,-0.005712487765391572,-0.008163310639160981,-0.014340851229754925,0.003912135218831381,-0.009590956161257491,0.02673256858679185,-0.01788458765713763,-0.0011979735164935335,-0.0029449502078282563
2023-10-19,0.0026015131564491867,-0.008309411824927615,0.063513405722326,-0.012120768104929347,-0.002514437467932673,0.0038634948250444445,0.06476708290581845,-0.005065541104237514,-0.0015243602296957093,0.010261825301444816
2023-10-20,0.032470385030784144,0.025349899895526384,-0.007722046093910362,0.03418943645383621,0.04638706152575889,0.019923908816726232,0.2006045232371716,0.024131138267986962,0.025144181801025844,0.030483225177762918
2023-10-21,0.012530772761310871,0.00934295179898914,0.009643276271804169,0.018580369753019355,0.011809475849781315,0.005301510581103841,0.052596934107204785,0.01758844209683419,0.009975498149247919,0.010873504238789522
2023-10-22,0.004119987740089925,0.013547005206144824,0.0038314223115559765,0.004560692938661681,0.005088692064764366,0.0010960621155229333,-0.049987519552644244,0.00558972947878722,0.012751590138877944,0.0017297511060423432
2023-10-23,0.031618115848695894,0.032493833476445744,0.04120433059832129,0.029163077595502962,0.015929948120653847,0.03040169409375615,-0.005225655971436982,0.02205161019766866,0.003540742710073097,0.08588890192747733
2023-10-24,0.09887517262492906,0.06531530639551786,0.023573167718066834,0.04393726090206318,0.03952481830289667,0.04239197857406429,0.009413322833311533,0.05062748409631013,0.005215643637467515,0.020981951347712524
2023-10-25,0.007103735200642447,-0.008354267469858456,-0.007194275634027081,-0.0060605371575173095,-0.011914215654861948,-0.0005094058255195044,-0.04272721630993681,-0.004981285721640916,-0.00986346639494684,0.014122273223092563
2023-10-26,0.0003494976007605288,0.009462915033521924,0.0,-0.0015208908107746666,-0.015356887427152799,0.013304606954785303,-0.0295476500354388,0.006017425657489639,0.01279238591583276,-0.0034231633391712535
2023-10-27,-0.010891631604435403,-0.012263252903840893,-0.01454571100237878,-0.020709889399357806,-0.0317698371677162,-0.018193521796619816,-0.059518868519923274,-0.01214357094288765,-0.002296097332194158,-0.009190550355787863
2023-10-28,0.0035850758351383405,0.001681143573303956,-0.0018331810816609728,0.005239903058427586,0.008812655847474815,0.01553231980890768,0.06351072634738397,0.018550882935351343,0.011935775198955056,0.0035260816520121807
2023-10-29,0.006257696307702787,0.0011191942970150137,0.021779445264039965,0.00393764925992901,0.0067802394863099025,0.00459870035133525,0.033983950334740776,0.011185127989180366,0.011996821726600437,0.012481870307553322
2023-10-30,0.004072732902304921,0.007799482434823979,0.03700862874509325,0.009544452362097111,-0.0031969570747651943,0.015825084435293846,-0.017590971057836136,0.014975031713438725,0.04298989732306513,0.0038203502758165087
2023-10-31,-0.0015398698511788211,0.0005547850350344774,0.03568772944307186,0.0034508791930534244,-0.0045322664154836545,-0.0011649869815291147,-0.014657913164287883,0.02616691161773632,0.004436463372345045,0.004974127233364101
2023-11-01,0.005538252648049635,0.005530987551533251,0.016556669594447737,-0.011984038699704769,-0.010796503878805375,-0.011189176322951244,-0.0192533410791782,-0.02051406325450955,-0.002955454259493173,0.02296928599266934
2023-11-02,0.016489956535670203,0.007692345623155461,-0.004938281640582576,0.02038726780774347,-0.0034477648567472485,0.007047797379447829,0.025393693413959806,0.006167782710484904,-0.0020494090238507567,-0.015590568645025726
2023-11-03,-0.01787888583676356,-0.012668855755437747,0.00985229644301161,-0.010707327508104214,-0.01595474723863788,-0.03740205790370155,-0.017462156757153124,-0.024762643053651612,0.002622491697937157,0.00024577622348154193
2023-11-04,0.006666595158412392,0.018127384592556695,0.008136741393061753,0.007429390246723955,0.0026747613401774117,0.024155412360775674,0.008360170704988512,0.02885346487638918,-0.011666465776468016,0.012928914110720058
2023-11-05,0.007850368368842453,0.023137970608869907,0.06281499457922274,0.024382778082376433,0.006081034646235217,0.022461673591596565,0.02165112294994298,0.030192110512459625,2.3658559667794066e-05,0.0073184364489247145
2023-11-06,-0.001113633558361471,0.0063626937878282774,0.08459852420939706,0.02214051038963749,0.0009695430534488736,0.022999103027036227,-0.01657067171752402,0.012400106400429767,-0.01574366287602036,0.0056498938395197484
2023-11-07,-0.0009432749488169634,-0.004237294475514908,-0.041404914968122264,0.005469625759725538,0.015435552206152003,0.00909439069222362,-0.008933467701648823,0.01105592664457511,-0.006105131768761929,0.0034772847193575984
2023-11-08,0.012108956687979955,0.0015910902322415765,0.00291121020745827,0.0029076732496768898,0.0034654109818843537,0.014092593953093147,0.003730276922393916,0.007388642306093374,0.0033555053270779567,0.009078672446539926
2023-11-09,0.03312333932011313,0.03744587257599097,-0.03249916739295439,0.0015527530429171321,0.005530397482471194,-0.00026850142802681276,0.037542549242052914,-0.0011528855436955254,0.00823227699418716,0.044421721910902434
2023-11-10,0.009466882454574943,0.06902690187609206,-0.009049835519917948,-0.005075806719669451,-0.022962122573334298,0.004788623633653621,-0.013169828779398873,0.0022724736522627964,0.022365555383021096,0.012656317869277345
2023-11-11,0.003837323989905883,-0.01826973893017403,0.0015140048312150545,0.00971965179761991,-0.008852191974015433,0.00854890861406421,-0.005023878945249027,0.03264646170589014,-0.004679816545785975,-0.01223734909284957
2023-11-12,0.0,-0.0053515087580056075,0.0,0.014057361274008251,-0.0038028309851263487,0.017272380539770094,-0.008685980789690628,0.02378880600837796,-0.007489788899696315,0.003957237749819598
2023-11-13,-0.005408927077239056,0.006321440938798162,0.012030220276542214,-0.019055130833613987,0.00031675173475242957,-3.255579249250573e-05,0.016839503178080584,0.002745886669710096,-0.00394713959986337,-0.011095767980986437
2023-11-14,-0.01764582697500039,-0.0146486994429047,-0.05847819758701539,-0.03004565302458939,-0.007906486530337986,-0.03431027316911717,-0.027911604565473258,-0.04502308664014487,-0.028319346689538172,-0.027733861447641672
2023-11-15,5.519982337531815e-05,-0.01386847388767709,0.028126854162876858,0.010634241110532017,-0.0077592968440391985,0.010690629474074509,-0.008158277974651629,-0.0017035779247840388,0.003049805651619053,0.05518331958139733
2023-11-16,0.019784768863223334,0.01041934506795883,-0.060335757532494705,0.008858849353451603,0.015585549090224582,0.006081672423104312,0.020464310600523117,0.0012937224719102858,-0.02071927494543857,-0.04598478420878216
2023-11-17,-0.016313308467150733,-0.032608858612282354,0.004897968975547173,-0.03420620099677585,-0.028641432809955347,-0.024721603799824354,-0.031043346805825767,-0.03246507737484938,0.012758072597426562,0.007609635880143628
2023-11-18,0.0037060973335485414,-0.006138126688785661,-0.004897968975547173,-0.011225455065591028,-0.014334511784697135,-0.02737067323578568,-0.023099125389819175,-0.02590348253559327,-0.013516934838151862,0.0004757908347290396
2023-11-19,0.003910795210163798,0.007666789406850505,0.027443207296603378,0.003492813106584336,0.0059863837316482815,0.005534395163196759,0.012575581109096845,0.0032373828858922593,0.003701775611719249,0.02400962342941071
2023-11-20,0.017639718265668236,0.028609228489210103,-0.025807883955872635,0.00837315211163947,0.003569463909051329,0.01320686081020117,0.011857266814107259,0.027475519767217182,0.015270102239940186,-0.0018419228757782236
2023-11-21,-0.0038692043864063663,-0.009945382819887882,-0.05026183478088825,-0.013292468151027137,-0.004389263652034181,-0.024341550624329855,-0.01601747216594429,-0.02385009795855142,-0.0006107467178990689,-0.045169429314992016
2023-11-22,-0.01341574427110892,0.007964203370478096,0.048626511440157505,-0.02289864658284202,-0.03388174036555469,-0.018492149036691607,-0.029224078879235726,-0.056970946060423966,-0.009045947770355056,0.04784488905882611
2023-11-23,0.01800876076605462,0.022549975117040155,0.014622518867541956,0.02219184612356795,0.020179296658536572,0.021751136029235063,0.018094765287118175,0.03284424237050576,0.020665333783011164,-0.0037892803630743543
2023-11-24,0.008538850045804125,0.011566394005948943,0.0032206147000422014,0.012318835289766739,0.006907809246574637,0.022280804073687044,0.015205219681523552,0.02020134686492403,0.015406353891307845,0.010473896702803742
2023-11-25,0.003183364318179116,-0.0028790806835665705,0.0,0.017701327458006233,0.004669673723365797,0.02507057449581085,0.009752491805856245,0.025990869874746192,0.012803606487194585,0.004219802564586317
2023-11-26,-0.004140353066850011,-0.002887393728835619,-0.008071068833791661,-0.00912940037024601,0.0016687383382958387,-0.010296748752087304,-0.017241261969550337,0.004148307737776413,0.0003169720973694723,-0.009010868714623754
2023-11-27,-0.011717316585285076,-0.020940623966425598,-0.022951827178202377,-0.021843569621649905,-0.015093124710612749,-0.02526421412717017,-0.02932546640535616,-0.030539230958303687,-0.021450452002301112,-0.012434904143539427
2023-11-28,0.0073193618720850395,0.0004920049299741436,0.011541760440171522,-0.0016478993017816634,-0.0074757677467243155,-0.011755430471491746,-0.002123259233252295,-0.005047730051242372,-0.01075480130701223,0.014352344846567888
2023-11-29,0.01355800075929281,0.006374132883224526,-0.0016406894574599318,0.009904206719939523,0.004786101262831188,0.010129048120848694,0.024031811842653017,0.0024434749651374155,0.004499254691757493,-0.0005961212326610621
2023-11-30,-0.004251897969258067,-0.004408530284766066,-0.0065898096790555916,-0.003142017348067405,-0.005199073999033743,0.013928520251153209,-0.016348197685282173,0.0024041683811990566,0.011184228423092968,0.0006626721141866909
2023-12-01,0.016171302448587,0.024728532775723622,0.011503824481484626,0.01848002477121824,0.007193599755783708,0.005279753387113839,0.022383939815799447,0.01242910785253093,0.014377315429946691,0.020826331184157
2023-12-02,0.01267936046683893,0.011428695823623158,0.009756174945364737,0.013353989844619996,0.010641369920270094,0.025591254542053576,0.014565208728668289,0.028029960625932215,0.00822374982549956,0.024634120898765488
2023-12-03,0.016600536764579843,0.02478499561043801,0.00805806132976239,0.0006957296397072099,0.00716760739898703,0.011458047125975757,0.03233071315634772,0.006289830924643525,0.0016145346566593943,0.012245306717209914
2023-12-04,0.04618314786954869,0.030029553995942315,0.0,0.018248983427489485,0.07967616048995829,0.0006545359573908449,0.047797426922074226,0.0206329276274988,-0.009867692527614658,0.03659380316269001
2023-12-05,0.02301201967837585,0.002238639842457424,-0.003215436853974407,-0.009799828630244534,-0.008617417193328869,-0.012278170671299549,-0.019926426061445568,0.0004363953811346022,-0.0036001889062982073,0.038944892928476804
2023-12-06,0.03483169909207895,0.01465065050485137,0.027007201411311132,0.014487252049087296,0.018815614403607128,0.001687708261678189,0.014981920374835589,0.0044155673595946965,0.01225576713698917,-0.008753922172418882
2023-12-07,-0.007113235166528398,0.006151161749953893,0.00469117357588017,-0.002368218002839484,-0.016688881558022395,0.008068145127715809,-0.009040646578314604,0.009326524477182296,0.010718054592984139,0.00833989521789924
2023-12-08,0.0019033428895749438,0.03401835022751243,0.047228883602479566,0.03137517518001953,0.01614839618901609,0.0211593161043937,0.00933217760413907,0.031259637086185954,-0.0026571947587408218,0.01986387024593661
2023-12-09,0.008713558781431985,-0.0008470987376520966,-0.016504500671463307,0.026698828185683254,0.02327062527141166,0.041637307032317494,0.017548196157154194,0.04000533461369926,0.011896448651794067,-0.008345034713027388
2023-12-10,-0.004643865478684006,-0.004246290881450676,0.0,-0.0006044977386796546,-0.016239162359433124,-0.004662013105811713,-0.014482554143486315,0.006789550815208045,0.0060290923043959666,0.004020675766957638
2023-12-11,-0.04312821658081134,-0.04838599053945014,-0.06403436181254907,-0.05644803421090572,-0.07062746031127709,-0.06230874634411521,-0.05480905507646705,-0.072781348238383,-0.03484197666887745,-0.05774173721752085
2023-12-12,-0.010320602125183598,-0.011680276547704871,0.0,-0.011748409858341802,-0.010114050607312741,-0.009397819001101926,-0.009127789871266057,-0.0012544557766660525,0.001980565255259137,0.0048477974788809775
2023-12-13,0.0013229583273446366,-0.006346349496288539,0.014411778661303276,-0.007521015391852792,-0.008659412278772649,-0.013253206035794829,-0.008774260546388302,-0.0007350464328990114,-0.016665621681764442,0.03155742566849895
2023-12-14,0.029628112960475406,0.035734038690923065,0.004758137446416899,0.012796115198890234,0.019340896883780268,0.01521285126974048,0.032851651444823826,0.02872051125252728,-0.000901861419355221,0.008360204107518143
2023-12-15,-0.008271772158526147,-0.006603589922610453,-0.027267126340339565,-0.014087557836288234,-0.009798117064535816,-0.007059401299330137,-0.0012305707567548119,-0.012461967040350519,0.004965067047646876,-0.031767882537483416
2023-12-16,-0.004977188379852393,-0.008873172680487151,0.00809721023261939,0.0014718340873329794,-0.008864642757410834,-0.0058315065719392045,-0.002061064804459445,-0.016748875502071936,-0.004242318661034972,0.0040658042592376376
2023-12-17,-0.007595934737414822,-0.009852296443011,-0.016260520871780315,0.007340623941917812,-0.006574668573795073,-0.005122167896551844,0.0009502340919000929,-0.004700974967024152,-0.005310324482307394,-0.017892411714582224
2023-12-18,-0.013819797680845625,-0.023219800321284012,0.004905978768854458,-0.035083449250512544,-0.017291217363243128,-0.03426393152480234,-0.04623810365402736,-0.04926918248371415,0.013830324770628621,0.022721082176468954
2023-12-19,0.03155616069458844,0.019612943390290738,-0.013136477905369981,0.012559880459036776,0.0132236766463798,-0.0044852552591896355,0.026256011937400014,0.008986001816313038,0.014400578007184528,-0.010791895510900318
2023-12-20,0.010409362198517513,-0.0022609098484656087,0.01964056587454638,0.00014086292651871446,0.005885564117705577,0.002910699745723999,0.008805385245755915,-0.006433372677697502,0.007968864371268758,0.028235026138315078
2023-12-21,0.012981217088050556,0.006317710544079702,0.009677494882065374,-0.01195922094904489,0.009949120399029177,0.03058806425918137,0.0098623136826812,0.0214540216832102,0.005139291581470751,0.01484743314392567
2023-12-22,0.0016222827471743528,0.03143938372511901,0.0016038495819745147,0.02266290127348558,0.019080331868006617,0.012990920469587053,0.014084881383286785,0.028767315893245105,-0.0037103438709458203,0.013442866827094946
2023-12-23,-0.0025374052086597487,-0.00043601483141131325,-0.0064308903302904286,0.007413920418653852,-0.014250196290308992,0.0,-0.0036378213214418587,-0.004490795280613469,0.016489686539142845,-0.0026441929339728887
2023-12-24,-0.0013054981641840158,0.0,-0.009724549891994783,-0.0001521680491531896,-0.0033959109362093898,0.004115025629135349,-0.006206771022959412,0.04240160822539529,-0.00240260188564001,-0.013857876993798257
2023-12-25,-0.007014667509350758,-0.006563138850776973,0.050804575635459426,-0.004186774817673822,0.007110426061904818,0.012376354534932243,0.007587503030161535,0.030640026168379908,-0.016796297629082524,0.0139789859404722
2023-12-26,-0.013921230669250662,-0.01726852740837259,-0.039468421849123136,0.009209899986567294,-0.011835580242549604,0.001285241324407771,-0.004911256626851657,0.01848355504343946,0.008042466699629713,-0.022310588272839382
2023-12-27,0.002010661857596574,0.021211577424026018,0.02071787250374718,0.027185032759252437,0.06364138134761443,0.005419355388278646,0.20754516385010735,0.02714119313405039,-0.00021853649646441653,0.03061501767338548
2023-12-28,0.0028454166040052797,0.04111928307596102,0.003149608902896228,0.019802889963336234,0.08258033728464742,0.03707164472385838,0.3492158982685565,0.02016492426288652,0.010794774418060982,-0.013925292091480301
2023-12-29,-0.012161124629006537,-0.01949214255988352,-0.022258470600942715,-0.0049239780877226025,-0.036147272685830956,-0.06996956733288417,0.050556009635529975,-0.07104762533733933,-0.03456453915914093,-0.017094331373765925
2023-12-30,-0.007263811232855133,-0.016828876130157155,0.0,-0.032774425060285495,0.055702989666518654,-0.034787913498937506,0.05910103100405806,-0.05373278835896045,-0.0310153846566239,0.0014087769762181068
2023-12-31,0.008017923537057214,-0.0008707009692443535,-0.012945164592036984,0.0030638321839315807,-0.028370591382047117,-0.00922541754210826,-0.04074631877016888,-0.00839456081151102,0.005821559786324926,-0.0017569517939666213
2024-01-01,0.007556770137053803,0.0034782643763255905,0.02572489123843591,-0.0016056391306564777,-0.005508151982284382,-0.04223207000707374,0.08965392531987515,-0.016068573900812844,2.4160571157061383e-05,0.03858670765145966
2024-01-02,0.05570001119497725,0.03245374484973773,-0.006369448285479862,0.011764602666554325,-0.00036119270022982874,0.02312536944601762,-0.016237966811307736,0.035046203976356605,0.028022213087231407,0.008860866823116709
2024-01-03,-0.028963472873417828,-0.03723948380761577,-0.07459961424818734,-0.07024243336504732,-0.06385882671538567,-0.054193428123475496,-0.08987843980701271,-0.06720698040667639,-0.04971620332668003,-0.05129899182625586
2024-01-04,-0.010848277762473657,-0.02115548268154921,0.010274062976185161,-0.05244825237594242,-0.041738330326206885,-0.060367717511875085,-0.08154179642646575,-0.04979433542637546,-0.026057519505206628,0.03151996972534832
2024-01-05,0.007016768069075141,0.00044533512203326353,-0.018917159132205152,-0.0026052592188809953,-0.005802523353507283,-0.051821196584644014,-0.032595406829054596,-0.009887782092584896,0.005975484258207153,-0.00705756111592315
2024-01-06,0.0014613542959160952,-0.001336600778180319,-0.015748356968139254,-0.0044644978977990135,0.007111799975251465,-0.023220290694468293,0.022742288697552127,-0.01868118020489984,-0.03435183320698698,-0.0084069862179188
2024-01-07,0.0057787847942556425,-0.00044593088810263026,-0.030441025501235286,0.0033502406333330015,-0.0019983909680068024,-0.004674436767754919,-0.0504870052892441,-0.002159376709796934,-0.014978823504144145,-0.010371662744134369
2024-01-08,0.01658099382821554,0.005781648304673759,0.049655590445860764,-0.006465770913071545,0.006752254269256852,-0.06962800767930766,-0.03379820601169925,-0.05518938291533493,-0.008017818899464402,0.06434261075147418
2024-01-09,0.03978437306251692,0.01758287055786667,-0.01921456494462548,0.018126648239118914,0.0418739664598915,-0.05604613267973102,0.1623476217253561,0.018544061237330656,-0.023811130824040738,-0.014110224455262
2024-01-10,-0.017891809604824616,0.050966443592026955,0.06155789299943348,0.016943469454482774,-0.015516397772480595,0.014394411999766987,0.011100824306547352,0.004042597095499367,0.007647804522363799,0.03839122058859523
2024-01-11,0.01671179251856536,0.07765093423006597,-0.0016597514183643858,0.059574679589088575,0.08240098803366447,0.15266731147006496,0.020584196052350734,0.07613086207943143,0.02698248956330307,3.714045655911491e-06
2024-01-12,-0.0316005141587965,-0.0011500863832365482,-0.05286823565281085,0.02864308944622973,0.044700570109986515,0.0235832568768668,-0.004419243234239367,0.0025670531341135394,0.01870007465500656,-0.06934501411110894
2024-01-13,-0.051511387103476025,-0.022106775781030485,0.0069808311413401825,-0.02214802152397155,-0.07870775563662136,-0.03562930376242024,-0.08802191222308586,-0.026895042819373494,-0.009427249894464751,0.00962584144282097
2024-01-14,-0.0019614717322031794,-0.0035356548323077774,0.0034722257107491217,-0.006355244937927829,-0.008880281067684237,-0.0034929325000252476,0.016954008293993184,-0.0020200297890116126,0.025683801923332972,-0.022192504771822996
2024-01-15,-0.0040518599109198306,-0.008298802814694639,-0.0017346058122083008,-0.013668857284902636,-0.007698723326703849,-0.0011527870969008092,-0.01627171151549245,-0.00243630557154928,-0.010394045487899461,0.014701978906652258
2024-01-16,0.007435326171448153,0.00987174847915373,0.0017346058122083008,-0.012149535562200775,0.00282184762873694,0.0014087816370818018,-0.009297996512988682,0.007188857469309529,0.009150918385422813,0.015331798617205905
2024-01-17,-0.004529437362471356,0.0023547891571880086,-0.015720847786948267,-0.0049043323935666905,-0.02578528215046294,-0.01881851206334284,-0.035224861469788316,-0.012044824168799373,0.0036167095565566854,-0.012568383736228483
2024-01-18,-0.011011875980836194,-0.016601171775389112,-0.028573372444055778,-0.004117461662806576,-0.02310052818199093,-0.010619568827460402,-0.034294649193733484,-0.019205553629579875,-0.0063442481922200145,-0.03109758859147682
2024-01-19,-0.023701763086492633,-0.014856727788840729,-0.01276225161385125,0.0024436279050030763,-0.022207282460950495,-0.006700487929867993,-0.06349484121938609,-0.04083665824440175,-0.024357497516137805,0.007037466171833984
2024-01-20,0.008371681844746348,0.00040444894383462326,0.016378892084039753,0.030044934174537907,0.007394178828016074,0.039120339644657776,-0.020685385704782178,0.01960277668025512,0.025738165825410775,0.001406943534487226
2024-01-21,0.0021599317219411773,0.0004042854310171151,-0.010889399799268284,-0.000799130812567661,0.012819051891256983,0.008259783918471708,0.03551602344371663,0.03874636428500278,0.008047808352097618,-0.004429385547439324
2024-01-22,-0.02281725951398883,-0.03412458549410857,-0.03907473840665332,-0.019816652836689208,-0.022022524866296855,-0.032235967398832166,-0.030586742290796387,-0.028838032905779354,-0.02034250522893899,-0.05315541497677145
2024-01-23,-0.033088274759114356,-0.05590449518035445,-0.019157674032933225,-0.05704733694938113,-0.02436799410057766,-0.05978089838789691,-0.03625389144011315,-0.03450928090498273,-0.030097743753304762,-0.005969335623413841
2024-01-24,0.011895001771684122,-0.014254138892100698,0.0038610086574595304,-0.0074492203571905335,0.022883288631162735,0.0061782666901346595,0.017933574754980697,7.368382274997032e-05,0.01389775257573067,0.007558772226902377
2024-01-25,0.001026604159021005,-0.005398123769557728,-0.009680617710723483,0.001098063248961445,0.0074987733318971905,0.014918500183964234,-0.0326373947035421,-0.013276664516998604,0.02032362852698366,-0.006167019530078477
2024-01-26,0.02364340028881351,0.010320935232773998,0.032538755786773677,0.012270836128529083,0.008880533726466133,0.017551003741032023,0.0033424280337950307,0.029320277958968077,0.02043632247971683,0.03982081106356894
2024-01-27,0.022117576114421666,0.012863339930755835,-0.001885014695771292,0.01399460672467967,0.01588865068478107,0.00660800240290893,0.05092920829739622,0.008375802603358018,0.007831149512410818,0.005500240881714191
2024-01-28,0.010061811079923544,0.0030803104663803538,-0.011385322225125338,0.009339785337092898,-0.005543134585668241,-0.004474478613785582,0.0002333482046203983,0.005628566314364036,0.004360299510102195,-0.002277297230779851
2024-01-29,0.005004968188879744,0.0,0.022642476749759832,-0.0005591113218557098,-0.012991746976192431,0.0009763458814906478,-0.008850347264641734,-0.006743694399847566,0.02483399090758187,0.029775322766342427
2024-01-30,0.02233259649763042,0.023877843789535724,-0.04972343535243062,0.0044055522383414925,0.015252392843802198,0.018763595642771413,0.008836622406865224,0.022738361121338535,0.004307762442101293,-0.0072105790269798575
2024-01-31,-0.011208750777237597,-0.003868476777920904,-0.01183445764700275,-0.004964976340554372,-0.02209112835856164,-0.03517683501320423,-0.04171737649765106,0.04922064164594442,-0.013826116370441177,-0.011540510847922292
2024-02-01,-0.011335812418861835,-0.01825344030935039,0.003960401216096865,-0.015911990416490163,-0.006302746814614402,-0.02835512599459511,-0.010096156633406572,-0.10790549665858507,0.024922256300811796,0.010547743518804609
2024-02-02,0.014382007614692327,0.011338978880518269,0.007874056430905885,0.016132853107054146,0.007891242387376707,0.014323791241455996,0.018020828598601213,0.01631949182860115,0.005517123602213125,0.004069337235202752
2024-02-03,0.001044265338268957,0.002165909445376535,0.021339316034995504,0.006837282343387763,0.009658136026950537,0.00987426401573721,0.04870971307537264,0.007241373119911465,-0.0032922822210927905,-0.005212342550541038
2024-02-04,-0.004905902723663758,-0.0052060855111992765,-0.03317377368199825,-0.007352704522369358,-0.0001045253192630824,-0.013447496091961497,-0.02534727886922461,-0.008747425161333755,-0.006845810763791427,-0.0071220840427912435
2024-02-05,-0.002380231212676165,0.002172497052600697,0.0059347355198144935,-0.0043844503691223835,-0.012394401613464723,-0.015074035833205546,-0.00989568905303706,-0.005899069571459137,-0.003211223354687043,0.002106110850263576
2024-02-06,0.0035915055280213437,0.014649120216231104,-0.0019743343037176286,0.007311461100151462,-0.0011012843781887938,-0.028495726061173787,0.010644326982943042,0.0013672562778834774,-0.20558140071223097,0.01473084451028761
2024-02-07,0.00698273399664906,0.01990326129042863,0.01568659616769963,0.0018048824756293769,0.0030805450855693195,-0.040800023938862395,-0.0008734654254043406,-0.015518611492293832,-0.07447406803045009,0.025709612051771913
2024-02-08,0.03690003390758534,0.017868748856947114,0.0,0.00997790983247171,0.026137756837802506,0.0322790914106883,0.04471647483045604,0.005833754998871399,-0.0020062111331657917,0.01803240074446677
2024-02-09,0.04064819424307409,0.01917252282340165,0.023077947282544753,0.02840510634605753,0.026238031978270016,0.01210971069386968,0.044059532414381763,0.01623646445466953,-0.009736329782346509,0.03394814413344349
2024-02-10,0.01292287745432219,0.008449054486527885,-0.003809528416667707,-0.0033210180110323506,-0.007933945876023252,-0.003013707464075477,-0.012490743374609536,0.004721392245732314,-0.03190742762553178,0.010503557998905677
2024-02-11,0.016358612512611614,0.007583353044521068,0.003809528416667707,0.018179258433352885,0.08392542690192073,-0.0023983127382130043,0.022945120047820566,0.01352768738755028,0.0038129536609341486,0.00495405819640915
2024-02-12,0.012859988769212904,0.008709477065441895,0.011342276603934498,-0.004346379292964997,0.029742241434717265,-0.01822197256463909,0.004361455716836993,-0.0023803524060816983,0.012001217778579765,0.04056973899179184
2024-02-13,0.01752504801710586,0.042444642627819995,-0.0132452267500206,-0.010384892229511777,-0.010220541111943149,0.020045214601231987,0.011563122283954286,0.012594579727778221,0.02978220762676642,-0.006731768537553862
2024-02-14,0.023798082270985788,0.023152639857993762,0.02446029757016066,-0.019342852634074426,0.0030600703206609126,0.006260025699529326,0.0006920244461934288,-0.00292815521317058,0.025446305238959077,0.04444142021432462
2024-02-15,0.024244200819875772,0.034467406069385476,0.045421067977905794,0.006636922938098699,-0.008332499899433188,0.039876425659672865,-0.0017804599277981836,0.022804191243973815,-0.014390426388803945,0.008487269963147526
2024-02-16,-0.0008455197567478479,0.003204560335375639,0.0035461030067506227,0.0018698664426022304,-0.006907417341859734,0.03100744132062294,-0.01856091654425107,0.013092055800592917,-0.013369660440266884,0.0005186358714919237
2024-02-17,-0.0076420217915149635,-0.012520285175567025,-0.021467729624106036,-0.0027846618923978994,-0.01240845639857735,0.03424319917421803,-0.027272210216506387,0.006293763144610942,-0.04188227050443505,-0.008223231228841499
2024-02-18,0.0021673093221519224,0.010741241831412118,0.010791471632764393,0.006684412070312007,0.0012578688436164498,0.10246168282295587,-0.0014520941226505713,0.024685922978335384,0.006302149383729194,0.013421054569224822
2024-02-19,0.007567988825938343,0.036367644170875124,0.010676257991341642,0.009176776196052394,0.006484402949562096,0.0028988328348704684,0.010980826340962757,0.0023720047870900984,-0.018419649936233462,0.0016850120075861952
2024-02-20,-0.004903997443101105,0.008888947417245774,-0.00532388125274974,-0.012378008201912039,-0.009667596001175838,-0.018384875544725787,-0.012240149718536486,-0.0013356486558877556,0.004005121131972267,0.011487914125851262
2024-02-21,-0.007644187512699574,0.00102058182017295,-0.03071605523044696,-0.02329810562441814,-0.022513254282649164,-0.04683830034512315,-0.033204318213279294,-0.025516595381823493,0.013826680683970416,-0.007653471707522286
2024-02-22,0.001998933274400372,0.009812293242750236,-0.009216655104924087,0.006035109098621483,0.00557610557385857,0.09462083982003655,0.018534448438177975,0.023610208410035582,0.021296490419987713,-0.009273315772102109
2024-02-23,-0.009075744920034268,-0.0064178568538064695,-0.0037105793965356293,-0.006735501638889474,0.0014756445310144528,0.010624319427553264,-0.0141392492740815,0.05687009565372314,-0.00258963398728973,-0.01019525881082295
2024-02-24,0.0012318041620513753,0.005744229344331941,0.012927234501459717,0.019069951963537335,0.014611687660782913,0.02359948290946967,5.348094074264509e-05,0.07718006031757962,0.008708233920736497,0.0157947254003048
2024-02-25,0.008967797642666753,0.025612575856725606,-0.003676474729308654,0.004115937897767097,0.003991976505278494,0.001989906407451336,0.006064865802561492,-0.12375881270565703,0.0058811411136847624,0.0130431057237832
2024-02-26,0.011973655025123264,0.02240717224994704,0.012808958292581107,0.005263095177710397,-0.00018653514749367162,0.01886882210005325,0.00958843517387109,0.02512892334750516,0.04422046847936656,0.04227106948155246
2024-02-27,0.07639886760111203,0.03842992578443827,0.06510654160157969,0.05542528449312645,0.10212793745196524,0.028807137744759626,0.07146168719728152,0.03486399389848005,0.04335350656682113,0.03397040056512779
2024-02-28,0.04815851088891421,0.021098474107404286,-0.020654779030745973,0.00020131390945810068,0.004363193459985482,-0.016714836197027516,-0.00012255202348665506,-0.00726592610951915,0.013587304206237327,0.07306490779154018
2024-02-29,0.04776712394459359,0.037415290572663906,0.02235690710127647,0.0828156794868633,0.03248162619716588,0.018092341752681484,0.022180576744406544,0.025570809232573932,-0.0034376756316589763,-0.009233984933121775
2024-03-01,-0.003840696691202794,-0.00760682427483772,0.02186798663658074,0.03721038117106268,0.014473572111185717,-0.000722953814086047,-0.00025176082854461157,0.012271960829843387,0.020757015435796333,0.021743807057003295
2024-03-02,0.002228755081310041,0.0049802358685262504,0.06599336915475362,0.07195994472086653,0.296081084503923,0.06760747172233961,0.18329627803695736,0.07997519020918764,0.016807592697319684,-0.0024762028901950117
2024-03-03,0.003092636519342662,0.0035005870052824406,-0.025237932589862677,0.010926903599131066,0.1332600189722868,0.030994020028287217,0.12366177572291992,0.05801795095303364,0.033799155285169746,0.012857654607078217
2024-03-04,0.04793282391720055,0.02530324759873004,0.036082345603991484,-0.013966183611072047,-0.048876203801673235,0.000904539916012137,-0.03526302724679731,0.02473762389143097,-0.002655234468640799,0.06366736655358274
2024-03-05,0.01559097358512851,0.037887539894660094,-0.09192608182008438,-0.028657257990408525,-0.048743570602157504,0.0246964146476647,-0.008571061537557156,-0.002394840651712471,-0.003982498603482654,-0.04661679002951402
2024-03-06,-0.005827654634476431,0.02750240743312915,0.03322564762832042,-0.04221720712321897,-0.06954983953410832,-0.05315683358326462,-0.07917906523689311,-0.03705635173476418,-0.0158275895343003,0.03699830412820404
2024-03-07,0.013660219952923214,0.015569650841575466,0.02739897418811449,0.028844085113600926,0.029816897902865236,0.07663427772478126,0.04108172436676938,0.04322492708176995,-0.006789052565896014,0.019897240835351937
2024-03-08,0.013343150519892433,0.026358115066814847,-0.014411778661303276,0.016648763659555144,0.035017971642894,0.011197398920602453,0.048749587608408085,0.005672251909317083,0.021560593055885313,0.01352149897158661
2024-03-09,0.008812185102561543,-0.002809349312919096,0.0032206147000422014,0.011882180246799656,0.008291593711863499,0.020357233086761628,0.02204987002185721,0.027665428519108914,-0.0071902643012489165,0.005919782152046693
2024-03-10,0.014656111594847587,0.0017886806864186866,-0.026060106669865024,-0.0033498601714816445,-0.011631745286280193,-0.029062049114462418,-0.019008914967992396,-0.000421402284286998,-0.004410825698635712,0.005323843675627771
2024-03-11,0.02350834301622129,0.01545312574808655,0.17098137165173222,0.07569487473743308,0.0059628348966676015,-0.007615911149431831,0.015085501306366211,0.027872620661754333,-0.003218879488014359,0.043980999264288556
2024-03-12,0.010309008161183186,0.005765149443318407,-0.044072519787703046,0.02970970177182508,-0.010946370793965876,0.0059548797418429444,0.0021110830715169726,0.022648054900324066,0.0030257627207408433,-0.01329507137011987
2024-03-13,0.01402248247094029,0.002994761409681246,0.0,-0.012440949060807505,0.019529012853179317,0.022165394366445046,0.0118940631249842,0.008660501235199902,0.007764174195497908,0.02596441720470466
2024-03-14,-0.006584919947338008,-0.022172740050407924,-0.028004777805115066,-0.020016785193144315,0.0064303637254683466,-0.010126299413906192,-0.0403905126713866,-0.03621532546445838,0.0077994368564926475,-0.11243651209701433
2024-03-15,-0.05106005143480452,-0.053373901869886,-0.053735105691002594,-0.06550667511463626,-0.06732486297183193,-0.07403577617771351,-0.16864091323432095,-0.07254724406843538,-0.03156951506988026,-0.05106005143480452
2024-03-16,-0.005363745549708199,-0.012167244871045924,-0.050131757710040525,-0.013105134365068771,-0.01826035223917799,-0.034118310865240975,-0.04424648972911971,-0.010028756105409542,0.002212390282940291,-0.005363745549708199
2024-03-17,-0.01799532521210523,-0.026741772709550915,0.024571260730505362,-0.029483247217426012,-0.01947857657340535,-0.045977039192797164,-0.05090481015653037,-0.03824958033952708,-0.008787359558974472,-0.01799532521210523
2024-03-18,0.010995399569486253,-0.0036389123429394488,0.06726538239399554,-0.013904660480344333,0.002447507494608203,-0.029763791769487735,-0.010661569288108907,-0.01418151013111002,-0.017457964963299766,0.010995399569486253
2024-03-19,-0.04896357766697079,-0.06877256084806227,-0.12385285702345927,-0.03825434546984585,-0.06114324213469846,-0.09252912437978233,-0.09097408254168027,-0.07735159939529757,-0.036349030897004475,-0.04896357766697079
2024-03-20,-0.009921195283812523,-0.011176675778063583,0.04683129968409899,0.002893039645771367,0.002976129178133391,0.02229409965097684,-0.016054624860700528,0.017052788382719175,0.00157714658491237,-0.009921195283812523
2024-03-21,0.04290847145908927,0.06440561437147174,0.04629717440834402,0.04872752636257793,0.111620074818644,0.09237332013101529,0.07670418744281804,0.05205593504558115,0.02450294951736609,0.04290847145908927
2024-03-22,-0.032166226269739084,-0.030068758507466598,-0.049570499753313124,-0.01979443147218607,-0.022629078169400074,-0.007996857737388119,-0.025192793776150246,-0.009411635865756995,-0.03127545586163194,-0.032166226269739084
2024-03-23,-0.0004646624311099856,-0.012998705920695741,0.016260520871780315,0.020286062056827703,0.09427452725403196,0.005372909263224646,0.055928552659224806,0.005376886766559341,0.0007107294253119179,-0.0004646624311099856
2024-03-24,0.00985092947030175,0.002672607381475345,0.02075094410503897,0.030404554787663685,0.0242190525992223,0.01042052245977354,0.025490417460615866,0.0188564143078489,0.04320008494976335,0.00985092947030175
2024-03-25,0.04663506263171868,0.041248949625297016,0.012559034776493838,0.022805544787569687,0.05713521202703209,0.028366629889124084,0.035061645068802605,0.028518268435225647,-0.0010892935002848603,0.04663506263171868
2024-03-26,0.029573443637161745,0.02778346240059726,-0.012559034776493838,0.016540034276911975,-0.009715822570146138,0.03733871511992426,0.019834764930959814,0.03134110843306814,-0.01406622946764724,0.029573443637161745
2024-03-27,-0.007834559049960887,-0.01449704786986139,-0.03537346297258093,0.041181660907373185,0.050555883294538084,-0.003819677564509405,0.003697850107109879,-0.011142685385423512,-0.019184272311503214,-0.007834559049960887
2024-03-28,0.008260913442185824,-0.0022490872567519915,0.02425341192850322,-0.0045139220680194825,0.09212608727368732,-0.0017703392408345842,0.021012180823904103,0.0039023162203060124,-0.00686546658164211,0.008260913442185824
2024-03-29,-0.004614275387318401,-0.005361943141384273,0.006369448285479862,0.05211834375195146,0.06333933740548137,-0.013590647225547148,0.038002372877877555,0.01861952202259287,-0.01637456445857932,-0.004614275387318401
2024-03-30,-0.0012140690653890118,-0.004537727582137663,-0.01438873745209962,0.03419312714386802,0.013367597315955493,-0.010736374984637198,0.03043877045186072,0.006623133492004829,-0.016562306046566277,-0.0012140690653890118
2024-03-31,0.006538531403753822,0.023596600438397175,0.01280017476696177,-0.003645139906836903,0.015158371253108704,0.004216357784717406,-0.0067630200599477774,0.009815313972698192,-0.022584360502234446,0.006538531403753822
2024-04-01,-0.010060518808939989,-0.01877594740522781,-0.025766320764229134,0.0075943258252682,0.07725817975269234,-0.03867126186776737,0.0036880996010095757,-0.027791650224215037,-0.040035284553825434,-0.010060518808939989
2024-04-02,-0.04905840047431376,-0.05914057504394066,-0.04504514635919887,-0.01925674847540826,-0.06439782009869432,-0.05279057005796606,-0.10825058777661756,-0.07110630164210674,-0.023800754521781542,-0.04905840047431376
2024-04-03,-0.005543611493148859,-0.0051151006667709,-0.017212128881121336,-0.012424970021158721,-0.027667479321206834,-0.0024884157312956567,0.014518758511312235,0.006277100935185853,0.04263354964211352,-0.005543611493148859
2024-04-04,0.013196595229052477,0.006015055729761798,0.027398974188114433,-0.009711621501701906,0.05559653478438786,-0.0033275493666735656,0.0686605618385121,0.009452100629518068,0.0449509450604193,0.025156315410805874
2024-04-05,0.00903286672109438,-0.011156455230180384,-0.0067796869853787856,-0.016008259965660798,0.05774629031266265,-0.013642378280143586,0.004735983482338391,-0.007515830938491508,-0.006873091832717115,-0.005491227791505793
2024-04-06,0.007879633509530137,0.01205560110223658,0.01015237146401804,0.017480033718381804,0.024905031692505908,0.008448127485046975,0.028561352998352163,0.014267534255581804,0.012205946015161118,0.012560220787873888
2024-04-07,0.019806373808862077,0.016047892690012944,0.0,0.027861517076532394,-0.012770894413398182,0.012090207358108174,0.009291904030678921,0.019451614846059062,0.011005705344357963,0.006103299803024598
