Date,ETH
2014-10-04,-1.7790743097007393
2014-10-05,0.03711766295650254
2014-10-06,-0.0040568006956144265
2014-10-07,0.028057952795157437
2014-10-08,0.15527934811863264
2014-10-09,0.21259744234368028
2014-10-10,-0.06353583202389312
2014-10-11,-0.0867463710254448
2014-10-15,0.009493742192251131
2014-10-16,0.1102305276394358
2014-10-17,-0.019943680967335398
2014-10-18,-0.5499504182582229
2014-10-20,0.3463978764211827
2014-10-21,0.13815033848081737
2014-10-22,-0.021739986636405917
2014-10-23,-0.02382956283298393
2014-10-27,0.11814024230422515
2014-10-28,0.0071174677688640164
2014-10-30,-0.08276508610817862
2014-10-31,-0.05381044889757214
2014-11-09,0.02091789866168081
2014-11-10,0.003179652917379705
2014-11-11,-0.003179652917379705
2014-11-12,0.06324389366002986
2014-11-13,0.07485507715672052
2014-11-14,-0.09447834834085994
2014-11-15,0.06348995328972107
2014-11-16,0.002857144800779865
2014-11-17,0.025353470686456603
2014-11-18,0.8433161708743471
2014-11-19,-0.8990847304252413
2014-11-20,0.08725644499722801
2014-11-21,0.018692133012152556
2014-11-22,-0.14799681425288003
2014-11-23,-0.06494760275505768
2014-11-26,0.13455378306221488
2014-11-27,0.009964495259431827
2014-11-28,-0.012829826732718208
2014-11-29,-0.045495740220134584
2014-11-30,-0.022780028331819913
2014-12-03,0.11863605967808216
2014-12-04,-0.20021604667050513
2014-12-07,0.15128944754622609
2014-12-08,-0.017341475036487086
2014-12-09,0.10375573013580053
2014-12-10,0.0013131978249604215
2014-12-11,0.03355153417123288
2014-12-12,-0.024407120352235162
2014-12-14,-0.010457611643958142
2014-12-15,-0.13334368732129664
2014-12-16,0.20679441331268014
2014-12-17,-0.20230002372484082
2014-12-18,0.140606454719501
2014-12-19,-0.011757156986043682
2014-12-20,0.049978369806241485
2014-12-21,-0.03692335410459785
2014-12-22,-0.010430342278872462
2014-12-23,-0.00789477784700826
2014-12-24,-0.024065332489247027
2014-12-25,-0.027436563227155097
2014-12-26,0.08271379211863936
2014-12-27,-0.009003276249958864
2014-12-31,-0.06954673469690092
2015-01-01,0.01648388972168935
2015-01-02,-0.01095901378971953
2015-01-04,0.001376462708723325
2015-01-05,-0.0712552046212443
2015-01-06,0.12871924193545448
2015-01-07,0.09057644315412589
2015-01-08,0.17776393471670676
2015-01-09,0.14660347419187544
2015-01-10,0.07594407034994821
2015-01-11,0.052643733485422034
2015-01-12,0.018678167214390973
2015-01-13,-0.09708822146404217
2015-01-14,-0.1606973480535726
2015-01-15,0.2503561148390944
2015-01-16,-0.15365366192438282
2015-01-17,0.054158750262147864
2015-01-18,-0.07081849550332309
2015-01-19,0.0765679979945843
2015-01-20,-0.04352151263863632
2015-01-21,-0.10735851832049934
2015-01-22,0.0
2015-01-23,-0.032916815013141885
2015-01-24,0.12214794874108445
2015-01-25,-0.07036264942355974
2015-01-26,-0.05080153140739206
2015-01-27,-0.09265883048270465
2015-01-28,-0.18816383241818302
2015-01-29,-0.039845908547199715
2015-01-30,0.3620803625056404
2015-01-31,-0.0009438415047064719
2015-02-02,-0.03850331237868168
2015-02-03,-0.17080811123846937
2015-02-04,-0.22635008372202997
2015-02-05,-0.1094239101150829
2015-02-06,0.3369374611004109
2015-02-07,-0.07733320340317032
2015-02-08,-0.02544666566116427
2015-02-09,-0.11024067461842674
2015-02-10,-0.12717956305246603
2015-02-11,-0.07285184838599518
2015-02-12,0.17674069343236531
2015-02-13,0.001471670611456255
2015-02-14,-0.2567915854324425
2015-02-15,0.2829178900246625
2015-02-16,-0.03498899185006532
2015-02-17,0.010332195237205355
2015-02-20,0.0844383191465744
2015-02-21,-0.186378357489569
2015-02-22,0.16040287108630835
2015-02-23,-0.03667547855840664
2015-02-26,-0.251930381487938
2015-02-27,0.0678831987265136
2015-02-28,0.07002860436048358
2015-03-01,-0.07870168561391239
2015-03-02,0.1320058393156856
2015-03-03,0.05783672487155245
2015-03-04,-0.029241849594497327
2015-03-05,-0.010440064996683318
2015-03-06,0.04399536484490002
2015-03-07,0.29054740392506745
2015-03-08,-0.0619667237491998
2015-03-09,0.00795910966756859
2015-03-10,-0.07402086034566129
2015-03-11,0.27170140046343105
2015-03-12,0.01750390152887138
2015-03-13,-0.287986532798173
2015-03-14,-0.0012187691941294154
2015-03-15,-0.006116227017436082
2015-03-16,-0.09789019229266091
2015-03-17,0.051428603230189884
2015-03-18,-0.14053344813542745
2015-03-19,0.33287320659049324
2015-03-20,0.05568448732838089
2015-03-21,0.012954839873466815
2015-03-22,0.0009896091851661713
2015-03-23,0.035943645860516196
2015-03-24,-0.06402974473382098
2015-03-25,0.0060852114755455666
2015-03-26,-0.01528302798017703
2015-03-27,-0.0790165403182243
2015-03-28,0.07283732395226622
2015-03-29,-0.07506201897437736
2015-03-30,-0.1774337443523598
2015-03-31,0.1774337443523598
2015-04-01,-0.11306146043568507
2015-04-02,-0.010025146619378783
2015-04-05,0.10510859475965553
2015-04-06,0.0022650066308521483
2015-04-07,-0.2831673920972542
2015-04-08,0.14639870302294028
2015-04-10,-0.1095485497956597
2015-04-11,0.020057979044598828
2015-04-12,0.03621565693750983
2015-04-14,-0.06645554212722793
2015-04-15,0.018827493137973272
2015-04-16,-0.027638122820128175
2015-04-17,-0.08781620600691686
2015-04-18,0.12686672087878986
2015-04-19,0.057867382320548666
2015-04-24,0.10173950989087396
2015-04-25,0.07678188585280782
2015-04-27,0.2946565741510152
2015-04-28,-0.06815919073837398
2015-04-29,0.04623588436433518
2015-04-30,0.04500759605743601
2015-05-02,-0.23709535743433452
2015-05-03,0.0
2015-05-04,-0.24586883383912822
2015-05-05,0.02864779243329954
2015-05-07,0.1488183145214282
2015-05-08,-0.1159870829736131
2015-05-09,-0.12136085700426752
2015-05-10,-0.040062582152070536
2015-05-11,0.017366572498298427
2015-05-12,-0.017366572498298427
2015-05-13,0.20159926221985763
2015-05-14,-0.010797945346788074
2015-05-15,-0.16913982009189032
2015-05-17,0.2776317365982796
2015-05-18,-0.27477866761587316
2015-05-19,0.002844952132231293
2015-05-20,0.08440381358254895
2015-05-21,-0.06610632914097098
2015-05-22,0.04366314291759915
2015-05-23,0.11585267645572855
2015-05-24,0.06669137449867227
2015-05-25,-0.027059148114005865
2015-05-26,0.019242246222394968
2015-05-27,0.018878961597469476
2015-05-28,0.013114942077828026
2015-05-29,0.023606246378150543
2015-06-02,-0.06574108202949741
2015-06-03,0.00451978170561948
2015-06-06,-0.24249532197515994
2015-06-07,0.007158226700170467
2015-06-08,0.23871357569159551
2015-06-09,-0.014714470354002515
2015-06-10,0.02699826523615491
2015-06-11,0.0011092624542857477
2015-06-12,-0.0055586580038275435
2015-06-14,-0.08853275260636799
2015-06-15,-0.1537447532943858
2015-06-16,0.05391768855971679
2015-06-17,0.28700889841087646
2015-06-18,0.028872090094089118
2015-06-19,-0.07116823461279691
2015-06-20,0.07898841131863032
2015-06-21,-0.012739025777429658
2015-06-22,0.05468988629662024
2015-06-23,0.02671738833871326
2015-06-24,-0.02578411715571463
2015-06-25,0.055342919397258966
2015-06-26,-0.07989561640313808
2015-06-27,0.008567401285298565
2015-06-28,0.15753020315191085
2015-06-29,0.020040750883446035
2015-06-30,0.08952145162808009
2015-07-01,0.1493704566542689
2015-07-02,-0.14069988210313533
2015-07-03,0.2165028455186359
2015-07-04,-0.16737015694099117
2015-07-05,0.08151685767198913
2015-07-06,0.11159106540846225
2015-07-07,0.11960081908857578
2015-07-08,-0.023828757363848374
2015-07-09,0.038253280033078596
2015-07-10,-0.1083829111444683
2015-07-11,0.18076099283837632
2015-07-12,0.09376390622377717
2015-07-13,-0.10484947009396162
2015-07-14,0.034242103682811664
2015-07-15,-0.037032803168393746
2015-07-16,-0.0360399364831967
2015-07-17,-0.023450024227838706
2015-07-20,-0.014438886645961935
2015-07-21,0.13840914602650167
2015-07-22,0.17097651287806248
2015-07-23,0.10207946720369743
2015-07-24,0.014516916104832633
2015-07-25,0.03697576019943871
2015-07-26,-0.02073108848593641
2015-07-27,0.006104436626997112
2015-07-28,0.04202562604705351
2015-07-29,-0.16093036681263695
2015-07-30,-0.04689801601739407
2015-07-31,0.16259454100588255
2015-08-01,-0.03365780866823709
2015-08-02,-0.2018530344138526
2015-08-03,0.009309923548360022
2015-08-04,0.04375081977411177
2015-08-05,0.04302550407563677
2015-08-06,0.15694375692433848
2015-08-07,-0.018483636479885934
2015-08-08,-0.6054391448245273
2015-08-09,-0.7570180793898433
2015-08-10,-0.08655465170194626
2015-08-11,0.11503954971063254
2015-08-12,0.2885974043234692
2015-08-13,0.2432511031439306
2015-08-14,0.34433222706858996
2015-08-15,-0.09094756952691418
2015-08-16,-0.2627540954528528
2015-08-17,0.006495872715445217
2015-08-18,-0.14865024744934274
2015-08-19,0.04088877025397836
2015-08-20,0.07782130727838288
2015-08-21,0.10276262961703103
2015-08-22,-0.054996675747448875
2015-08-23,-0.047765953869582156
2015-08-24,-0.036230377695250615
2015-08-25,-0.08582418455995788
2015-08-26,-0.046280752564006294
2015-08-27,0.01566611674439944
2015-08-28,0.006884708777497139
2015-08-29,0.008539761548134545
2015-08-30,0.040005334613699206
2015-08-31,0.07019041123052477
2015-09-01,0.03296178553207296
2015-09-02,-0.02764464425445251
2015-09-03,-0.03782774439096262
2015-09-04,-0.0015748034750663886
2015-09-05,0.020281506419250445
2015-09-06,0.028921346045070573
2015-09-07,-0.03745183592880211
2015-09-08,-0.024439529353838307
2015-09-09,-0.02096851018515669
2015-09-10,-0.029778875355611356
2015-09-11,-0.12410017605764494
2015-09-12,-0.025025367566940352
2015-09-13,-0.04281390558354833
2015-09-14,-0.08488656673018109
2015-09-15,0.016474837203505066
2015-09-16,0.005431843882361689
2015-09-17,-0.04770732703060003
2015-09-18,-0.017192400540372854
2015-09-19,-0.0174931574475172
2015-09-20,0.04822978309564728
2015-09-21,0.03524593906167481
2015-09-22,-0.03188835336682881
2015-09-23,-0.0022371373983563203
2015-09-24,-0.03301381207244347
2015-09-25,-0.1138843952407261
2015-09-26,-0.04917934494881393
2015-09-27,0.016216571589245277
2015-09-28,-0.13009036456850886
2015-09-29,-0.05976621172986418
2015-09-30,0.08538931661776183
2015-10-01,0.03509131981126995
2015-10-02,-0.0291565842914554
2015-10-03,0.023392879574705316
2015-10-04,-0.024873264745139623
2015-10-05,-0.022472855852058604
2015-10-06,-0.05929974228129181
2015-10-07,0.01753032940499677
2015-10-08,-0.050212976835355194
2015-10-09,0.08590334363526808
2015-10-10,-0.026256334566554296
2015-10-11,-0.01736428790933614
2015-10-12,0.007930255675977549
2015-10-13,-0.033738139631850184
2015-10-14,-0.07285184838599518
2015-10-15,-0.0541648632173336
2015-10-16,0.0165597160390184
2015-10-17,-0.0165597160390184
2015-10-18,-0.011194146743152666
2015-10-19,-0.0619153230809798
2015-10-20,-0.022200709980192523
2015-10-21,-0.09858082867244755
2015-10-22,0.024472856518725772
2015-10-23,0.18415138347103077
2015-10-24,0.0
2015-10-25,0.1284912903171982
2015-10-26,0.028528083614538124
2015-10-27,0.24171993688714508
2015-10-28,0.07559678444431434
2015-10-29,0.19756317276257174
2015-10-30,0.058920528833347835
2015-10-31,-0.16521518748297104
2015-11-01,-0.011488377006760253
2015-11-02,0.10557057762687946
2015-11-03,-0.06139287525965197
2015-11-04,-0.06433753631124889
2015-11-05,0.0
2015-11-06,-0.038235132545144254
2015-11-07,0.013274531208696136
2015-11-08,0.04721907193739072
2015-11-09,0.07955879767135199
2015-11-10,-0.04859657206738506
2015-11-11,-0.14874526126035037
2015-11-12,0.0035314927814710795
2015-11-13,0.034645497362805394
2015-11-14,0.012408506643829878
2015-11-15,0.011148387482614291
2015-11-16,0.012121360532344819
2015-11-17,0.03867291801495931
2015-11-18,0.03112284392058255
2015-11-19,-0.002044990487727643
2015-11-20,-0.054692914530357475
2015-11-21,0.02456076474259651
2015-11-22,0.02294156924240672
2015-11-23,-0.013492680044474258
2015-11-24,-0.02325686216426716
2015-11-25,-0.06176163160351007
2015-11-26,-0.014899989122741847
2015-11-27,0.014899989122741847
2015-11-28,0.02360986563913378
2015-11-29,-0.01454978101473127
2015-11-30,-0.018203005457076718
2015-12-01,0.0
2015-12-02,-0.029122617246279542
2015-12-03,-0.039788250058412716
2015-12-04,0.00735297430525883
2015-12-05,0.032435275753153886
2015-12-06,0.011751016535518827
2015-12-07,-0.05400232202632907
2015-12-08,-0.018668868271029926
2015-12-09,-0.002515724597247304
2015-12-10,0.027330893716971172
2015-12-11,0.04551683882446289
2015-12-12,0.12323264042394813
2015-12-13,0.005162634078806922
2015-12-14,0.019378474837310717
2015-12-15,0.02296656112004768
2015-12-16,-0.010918222603873172
2015-12-17,-0.03658944743229215
2015-12-18,-0.03475863336517408
2015-12-19,-0.022765210773012454
2015-12-20,0.00982004618097547
2015-12-21,-0.01642073021232754
2015-12-22,-0.002209945650802833
2015-12-23,-0.028044462706999534
2015-12-24,-0.010291686036547593
2015-12-25,0.004587164006906064
2015-12-26,-0.011507606851479862
2015-12-27,-0.01751358249270832
2015-12-28,0.008211189830394788
2015-12-29,-0.0023391823531722367
2015-12-30,0.05135184068305046
2015-12-31,0.060428306009109915
2016-01-01,0.0052219439811516805
2016-01-02,0.006230549750636076
2016-01-03,0.015408625352845103
2016-01-04,-0.009216655104924015
2016-01-05,0.0030816665374081044
2016-01-06,-0.0010261673553120798
2016-01-07,0.02133143351605769
2016-01-08,-0.0040282028286047844
2016-01-09,0.06919466747189622
2016-01-10,0.020503980197707397
2016-01-11,-0.02806545289828391
2016-01-12,0.10952639935726449
2016-01-13,-0.03990121675218601
2016-01-14,0.008810629682154889
2016-01-15,0.08488924381606625
2016-01-16,0.0
2016-01-17,-0.004846536142529639
2016-01-18,0.14028987903502302
2016-01-19,-0.034362722329129625
2016-01-20,0.06485711568319669
2016-01-21,0.04079469039323458
2016-01-22,-0.004597709248629511
2016-01-23,0.1369816548166753
2016-01-24,0.20717283806112885
2016-01-25,0.07070240644366399
2016-01-26,0.1160423911785996
2016-01-27,-0.07264979045591158
2016-01-28,0.03557929972766305
2016-01-29,0.007604599385219291
2016-01-30,0.005170025435108472
2016-01-31,-0.054618300849089696
2016-02-01,-0.07162965613925476
2016-02-02,0.006727991290554347
2016-02-03,0.08193219068925917
2016-02-04,0.04312576384589473
2016-02-05,-0.0039525743158234095
2016-02-06,-0.006356795343037902
2016-02-07,0.07151393697667519
2016-02-08,0.14161551102448167
2016-02-09,0.11774725043925294
2016-02-10,0.22239892831677777
2016-02-11,0.12359796513525323
2016-02-12,0.17954950539240744
2016-02-13,-0.168871454905706
2016-02-14,-0.018813137043247163
2016-02-15,0.11029014614152288
2016-02-16,-0.11684620322373473
2016-02-17,-0.17156766582126037
2016-02-18,-0.015740610284687984
2016-02-19,0.10887441400510389
2016-02-20,-0.012978477092990381
2016-02-21,-0.002254792387089255
2016-02-22,0.1492369827357347
2016-02-23,0.09966671663921733
2016-02-24,0.022621462276040116
2016-02-25,0.0766487393098112
2016-02-26,-0.04681601846046557
2016-02-27,0.038333931918063335
2016-02-28,0.0352132379157053
2016-02-29,-0.0038865186892809156
2016-03-01,0.04982804698185217
2016-03-02,0.16794284194282016
2016-03-03,0.14700201893949139
2016-03-04,0.001297017043045301
2016-03-05,0.185054191890059
2016-03-06,-0.0026966308475993017
2016-03-07,-0.07279332051999132
2016-03-08,-0.07328918465775658
2016-03-09,0.09597283898510289
2016-03-10,0.09610994937573558
2016-03-11,-0.04708097493091934
2016-03-12,0.15100488794934108
2016-03-13,0.10430626833920886
2016-03-14,-0.06257665143285518
2016-03-15,-0.057346394037007364
2016-03-16,0.04056068706851512
2016-03-17,-0.1314500244255039
2016-03-18,-0.1280919587629743
2016-03-19,0.03465884061759006
2016-03-20,-0.03250598725648901
2016-03-21,0.07047759474164428
2016-03-22,0.055547691553977874
2016-03-23,0.02080921070634023
2016-03-24,-0.039159945249518824
2016-03-25,-0.05512105468650175
2016-03-26,0.005088127911381246
2016-03-27,-0.014218909693143988
2016-03-28,0.04627322707611947
2016-03-29,0.032270791669470444
2016-03-30,0.020723468124478117
2016-03-31,-0.003821173927323507
2016-04-01,-0.012412948834560122
2016-04-02,-0.01326704913760901
2016-04-03,0.003137530898753571
2016-04-04,-0.019063255728301254
2016-04-05,-0.05084993370637969
2016-04-06,-0.012016667317507501
2016-04-07,-0.019647746959817525
2016-04-08,-0.04996596592210434
2016-04-09,-0.027511486705250388
2016-04-10,-0.10827900845273941
2016-04-11,-0.016606626521131318
2016-04-12,-0.07439829005385956
2016-04-13,-0.010599677812140662
2016-04-14,0.07265799163042397
2016-04-15,-0.006588033649942648
2016-04-16,-0.005060251761623835
2016-04-17,0.11046883740936453
2016-04-18,-0.020211536326109947
2016-04-19,-0.0027628906341670145
2016-04-20,-0.05120010425631749
2016-04-21,-0.01454912440707501
2016-04-22,-0.056901211298482135
2016-04-23,0.0012503127410270487
2016-04-24,0.021631150557541723
2016-04-25,-0.04822172708102679
2016-04-26,-0.0632988603893363
2016-04-27,0.038221212820197525
2016-04-28,-0.02396919011299614
2016-04-29,0.00510822457734017
2016-04-30,0.10201623307195096
2016-05-01,0.05328308000817472
2016-05-02,0.09456894022995455
2016-05-03,0.005623843191437494
2016-05-04,-0.009181076488438134
2016-05-05,0.0011522548805373845
2016-05-06,0.013311344638239575
2016-05-07,-0.03789927259098569
2016-05-08,-0.003762433892831041
2016-05-09,0.015389851678871302
2016-05-10,-0.010983848097410931
2016-05-11,0.03756557224326462
2016-05-12,0.04483335372075414
2016-05-13,0.0425308131087454
2016-05-14,-0.036132838629086006
2016-05-15,-0.005706991776089687
2016-05-16,0.03471695495090943
2016-05-17,0.11068372214423938
2016-05-18,0.10180471322419038
2016-05-19,0.07036882537341782
2016-05-20,0.029233776588858174
2016-05-21,-0.05131165227455803
2016-05-22,0.03115877180873916
2016-05-23,0.0006404098841992223
2016-05-24,-0.07808843697143653
2016-05-25,-0.04732607726164151
2016-05-26,0.0026575413265104153
2016-05-27,-0.09483578695795591
2016-05-28,0.002649242100512872
2016-05-29,0.06148022907751116
2016-05-30,0.03142987572628009
2016-05-31,0.063819987718722
2016-06-01,0.045614833405176025
2016-06-02,-0.004548580096044308
2016-06-03,-0.013257769945650644
2016-06-04,-0.0007335681080133938
2016-06-05,0.007093006228519716
2016-06-06,0.00841682519332032
2016-06-07,0.013563665547111636
2016-06-08,0.030812698353216206
2016-06-09,-0.0066574448385794405
2016-06-10,-0.02258830162706893
2016-06-11,-0.01795251431830014
2016-06-12,0.061404312408257056
2016-06-13,0.12265473848819308
2016-06-14,0.0903662013753066
2016-06-15,0.008772467025662145
2016-06-16,0.06057645465711614
2016-06-17,-0.11648012896363413
2016-06-18,-0.29736920409395085
2016-06-19,-0.05528122523419965
2016-06-20,-0.0385999613010628
2016-06-21,0.02078304085489524
2016-06-22,0.1706878142574091
2016-06-23,-0.08715237099761808
2016-06-24,0.06325424041068484
2016-06-25,0.022487295138469143
2016-06-26,-0.017733612893714668
2016-06-27,-0.004248431232526606
2016-06-28,-0.05724331213184586
2016-06-29,-0.07445482388984148
2016-06-30,0.023109246441789466
2016-07-01,-0.02483942195063671
2016-07-02,-0.011444808949138352
2016-07-03,-0.01098681744034069
2016-07-04,-0.027443483340023445
2016-07-05,-0.09828765132870076
2016-07-06,0.010748189265694652
2016-07-07,-0.05124350226963248
2016-07-08,0.03771819845874136
2016-07-09,0.04847959665047119
2016-07-10,-0.008440417080513463
2016-07-11,-0.028218260226199554
2016-07-12,-0.0037979536727585916
2016-07-13,-0.007831192729574
2016-07-14,0.05801561531613775
2016-07-15,0.07291171854758893
2016-07-16,-0.011675259524603465
2016-07-17,-0.042060244169775274
2016-07-18,0.005134572187068809
2016-07-19,-0.005312097484889922
2016-07-20,0.0700989321609633
2016-07-21,0.02517089658918481
2016-07-22,0.08327184583354885
2016-07-23,0.06816581736186222
2016-07-24,-0.07539467471591532
2016-07-25,-0.0041221718479560465
2016-07-26,-0.037105040638350406
2016-07-27,-0.015394586151036282
2016-07-28,0.006941185780103609
2016-07-29,-0.003306829247532672
2016-07-30,-0.0027640688871515273
2016-07-31,-0.039603546408764956
2016-08-01,-0.04881073374086542
2016-08-02,-0.12714638978602233
2016-08-03,-0.061293196091416036
2016-08-04,0.11030290794678654
2016-08-05,0.021166278431161256
2016-08-06,-0.022007360673165444
2016-08-07,0.01907641884244704
2016-08-08,0.004575829344058757
2016-08-09,0.06307081748724563
2016-08-10,0.0427096245983396
2016-08-11,-0.02748111983238788
2016-08-12,-0.003467673792413084
2016-08-13,-0.011760830973538638
2016-08-14,-0.018515843042191005
2016-08-15,-0.025114061967547396
2016-08-16,-0.00269010205269149
2016-08-17,-0.01447072370578395
2016-08-18,-0.009795473572061564
2016-08-19,-0.011566171038644324
2016-08-20,0.031513095876605224
2016-08-21,-0.00045099897034672765
2016-08-22,0.01014325827732776
2016-08-23,-0.011949290915602706
2016-08-24,-0.0013566682314190004
2016-08-25,0.011518169272436207
2016-08-26,0.011563907549633878
2016-08-27,-0.007813233390280505
2016-08-28,-0.015902585700974914
2016-08-29,-0.007180217169449943
2016-08-30,0.013949501559075372
2016-08-31,0.019860830048127998
2016-09-01,0.070062258336693
2016-09-02,-0.008421450035193345
2016-09-03,-0.013102628510369918
2016-09-04,-0.019938725266765545
2016-09-05,0.0022256472121719995
2016-09-06,-0.01065943214194176
2016-09-07,0.0015544044580533267
2016-09-08,-0.011717358380588294
2016-09-09,0.007133566570927563
2016-09-10,0.012062872449275286
2016-09-11,0.017405032484282046
2016-09-12,-0.008537307252709958
2016-09-13,0.01825344030935039
2016-09-14,-0.0053489471452721205
2016-09-15,0.00643196470437335
2016-09-16,0.01643374859482627
2016-09-17,0.032792464974018554
2016-09-18,0.012680829948449102
2016-09-19,0.008572371697067815
2016-09-20,0.059935135091419234
2016-09-21,0.008441939371744311
2016-09-22,-0.05007731729173015
2016-09-23,0.013545933412939082
2016-09-24,-0.021270932630442108
2016-09-25,-0.002921955173889046
2016-09-26,-0.0065670263432955345
2016-09-27,0.011023430184073035
2016-09-28,0.016272885892127054
2016-09-29,-0.00970145550449475
2016-09-30,0.0026621046335675302
2016-10-01,-0.003271582025586639
2016-10-02,0.00410678195265346
2016-10-03,0.005223129848693553
2016-10-04,0.009094046364845454
2016-10-05,-0.012194355097931986
2016-10-06,-0.025154700554384846
2016-10-07,-0.014708448544069164
2016-10-08,-0.033988523322979525
2016-10-09,-0.0052321898303020475
2016-10-10,-0.03189677908233213
2016-10-11,0.009517063452945784
2016-10-12,-0.009432443186341732
2016-10-13,0.00901324385092206
2016-10-14,0.00041919933541967325
2016-10-15,-0.006390872744177933
2016-10-16,0.0069774567472546956
2016-10-17,-0.0033565526185124206
2016-10-18,0.045354030905260245
2016-10-19,-0.016195997394100825
2016-10-20,-0.014141483712310166
2016-10-21,-0.001740355969043872
2016-10-22,-0.0002488697179874322
2016-10-23,-0.005657723719858954
2016-10-24,-0.0035105352000579515
2016-10-25,-0.036321127999519476
2016-10-26,-0.0012163337728972046
2016-10-27,-0.008643699863447818
2016-10-28,-0.014218458282802882
2016-10-29,-0.054561478017056686
2016-10-30,-0.0010337860983651304
2016-10-31,0.046122449758762674
2016-11-01,-0.04283683309730124
2016-11-02,0.019122461456562156
2016-11-03,0.0020207593906822474
2016-11-04,0.005034105180703019
2016-11-05,0.008454980137386325
2016-11-06,-0.00608401422640048
2016-11-07,-0.009609738528866263
2016-11-08,-0.004701119410719823
2016-11-09,-0.02157450011835671
2016-11-10,-0.0036888195056992146
2016-11-11,-0.016047722360877703
2016-11-12,-0.02733210647249118
2016-11-13,-0.0038669425014163927
2016-11-14,-0.005578815027039052
2016-11-15,0.0038885337396923347
2016-11-16,0.009507846210956572
2016-11-17,-0.01780167341856531
2016-11-18,-0.029840800658802902
2016-11-19,-0.006846499772808379
2016-11-20,-0.004590514060195616
2016-11-21,-0.0003137583040957459
2016-11-22,0.03221603156600228
2016-11-23,-0.006401485052040634
2016-11-24,-0.03432344810636723
2016-11-25,-0.011352304825355208
2016-11-26,-0.004491505786296646
2016-11-27,-0.028483282213970007
2016-11-28,-0.03147837613157645
2016-11-29,-0.06828590786613153
2016-11-30,0.023363297735135458
2016-12-01,0.003801834209794297
2016-12-02,-0.05910644600152892
2016-12-03,-0.01036933924387018
2016-12-04,-0.026925942292002514
2016-12-05,-0.05875740558605802
2016-12-06,-0.056401106398021206
2016-12-07,0.1256801392172986
2016-12-08,0.0907301719160456
2016-12-09,-0.01498066298941314
2016-12-10,-0.008662229331657834
2016-12-11,-0.012646082927921132
2016-12-12,0.0183090898085827
2016-12-13,0.006347706804277209
2016-12-14,-0.004786988557224259
2016-12-15,-0.04690853822551233
2016-12-16,-0.018013933771066526
2016-12-17,-0.02409755157906046
2016-12-18,0.02473738780282142
2016-12-19,-0.013523291929948833
2016-12-20,-0.01423465106194488
2016-12-21,0.015918916537509542
2016-12-22,-0.016313575491524013
2016-12-23,-0.036991620480020915
2016-12-24,-0.011949870928273487
2016-12-25,-0.006237458714671629
2016-12-26,0.0024996541275386086
2016-12-27,-0.006958970324303371
2016-12-28,0.0030679148313368376
2016-12-29,0.11979221674121843
2016-12-30,0.015808184106326006
2016-12-31,-0.02836195036551814
2017-01-01,0.029334122030371557
2017-01-02,-0.0062138488090823785
2017-01-03,0.07406432137738594
2017-01-04,0.16964364156990008
2017-01-05,0.003728672038311842
2017-01-06,-0.04608840638448575
2017-01-07,-0.023354445679079294
2017-01-08,0.021153564438538996
2017-01-09,0.043026872954765594
2017-01-10,-0.0025935368267107073
2017-01-11,-0.035438320747531726
2017-01-12,-0.05447144401912363
2017-01-13,0.008278800231752648
2017-01-14,0.0027097463167518043
2017-01-15,0.01251503121560793
2017-01-16,-0.012827319772770185
2017-01-17,0.0377981665554068
2017-01-18,0.020048309433867484
2017-01-19,0.005389792066746946
2017-01-20,0.02690226356467562
2017-01-21,0.018848922941275603
2017-01-22,0.00567892416686
2017-01-23,-0.0073608531748332595
2017-01-24,-0.00901837958182039
2017-01-25,-0.011293121206671142
2017-01-26,0.0017164112157055378
2017-01-27,-0.004296564589366891
2017-01-28,0.00229379819583464
2017-01-29,-0.003346883353708474
2017-01-30,0.0019138761822841133
2017-01-31,0.009514819641338601
2017-02-01,0.006042314455962483
2017-02-02,-0.0002824193946753262
2017-02-03,0.010023972639974676
2017-02-04,0.04430585172210355
2017-02-05,-0.003304902298006507
2017-02-06,0.002769713631231685
2017-02-07,0.01329453242053491
2017-02-08,-0.003969834510911152
2017-02-09,-0.020449879943597704
2017-02-10,-0.007698267425752192
2017-02-11,0.02593585497553308
2017-02-12,0.0008855043525572981
2017-02-13,-0.0059479069221710645
2017-02-14,0.08741939037812907
2017-02-15,0.04248822409215469
2017-02-16,-0.005881677936965701
2017-02-17,0.0003145643309987456
2017-02-18,-0.00047188361080108265
2017-02-19,0.0018076791970051964
2017-02-20,-0.0019650232300572057
2017-02-21,-0.011394331220607512
2017-02-22,0.005634264795788546
2017-02-23,0.008588478115558296
2017-02-24,0.021576312368082107
2017-02-25,0.0220223039183276
2017-02-26,0.03040287421708232
2017-02-27,0.0656990496495693
2017-02-28,0.06734041872136709
2017-03-01,0.013431524782093973
2017-03-02,0.12872913130487706
2017-03-03,0.08726494597443013
2017-03-04,-0.01651408985658076
2017-03-05,-0.02961241745343024
2017-03-06,0.034036065426375384
2017-03-07,-0.019120248795920336
2017-03-08,-0.0650024878519222
2017-03-09,-0.03690539646204183
2017-03-10,0.05071095490194999
2017-03-11,0.08504093300233073
2017-03-12,0.11950668516613883
2017-03-13,0.19762665258703915
2017-03-14,0.04479758168526882
2017-03-15,0.06199090627406223
2017-03-16,0.28855882290703017
2017-03-17,0.13036402255571122
2017-03-18,-0.16196071515458366
2017-03-19,0.010314226896444012
2017-03-20,0.09526641607776742
2017-03-21,-0.010954889244835453
2017-03-22,-0.039230959823230105
2017-03-23,0.009881027036358514
2017-03-24,0.10128979396062032
2017-03-25,0.0914333643557872
2017-03-26,-0.00190046380991582
2017-03-27,0.0008912921354169434
2017-03-28,-0.013032226530276247
2017-03-29,0.04682356511510477
2017-03-30,0.010490838278316872
2017-03-31,-0.04998031110732004
2017-04-01,0.0006369426966932323
2017-04-02,-0.008733505423843546
2017-04-03,-0.08813790520213116
2017-04-04,-0.04671629017767076
2017-04-05,0.05338028678503415
2017-04-06,-0.03765490063247512
2017-04-07,-0.028090768536015887
2017-04-08,0.03395271434740721
2017-04-09,-0.01627231372442761
2017-04-10,-0.009458289059436353
2017-04-11,0.010234846209668635
2017-04-12,0.009068347010926292
2017-04-13,0.09463325917056498
2017-04-14,-0.011572070799824807
2017-04-15,-0.0006665139485666494
2017-04-16,0.01168271464297721
2017-04-17,-0.005845010702826059
2017-04-18,0.024492523459091142
2017-04-19,0.01878233901690196
2017-04-20,-0.028736106093708802
2017-04-21,0.007140199380276435
2017-04-22,-0.009531640391633456
2017-04-23,-0.001331053674152649
2017-04-24,0.026988508469948158
2017-04-25,1.994554865314413e-05
2017-04-26,0.036042054571191695
2017-04-27,0.10341545808910269
2017-04-28,0.14048581512581393
2017-04-29,0.054092610801220964
2017-04-30,0.03129560658075281
2017-05-01,0.08805240067614584
2017-05-02,-0.027602847248791917
2017-05-03,0.008252606298259302
2017-05-04,0.09377593679322782
2017-05-05,0.08151052914505286
2017-05-06,-0.0159819755025028
2017-05-07,0.020116091041782802
2017-05-08,-0.04577612423648869
2017-05-09,-0.056537451487943535
2017-05-10,0.03819040648838801
2017-05-11,0.0011278499544067344
2017-05-12,0.01191402254074081
2017-05-13,-0.026769624307209305
2017-05-14,0.02582580426796266
2017-05-15,0.019579753108405207
2017-05-16,-0.01622924768263978
2017-05-17,-0.027100434573658738
2017-05-18,0.07025184533355233
2017-05-19,0.18953891403370005
2017-05-20,0.11157834161620972
2017-05-21,0.06714285125256758
2017-05-22,0.20283042403264862
2017-05-23,0.002805789850554241
2017-05-24,0.13293781003027227
2017-05-25,0.038483157363959464
2017-05-26,-0.09050288609642188
2017-05-27,-0.1743775677253554
2017-05-28,0.11921644110428353
2017-05-29,0.05244926055232213
2017-05-30,0.15958636943051907
2017-05-31,0.08739834007564884
2017-06-01,-0.008953660455193635
2017-06-02,-0.0074250289094175415
2017-06-03,-0.0071638033169207915
2017-06-04,0.07633545085320925
2017-06-05,0.030244594521215973
2017-06-06,0.0420834761975053
2017-06-07,0.013090464908480648
2017-06-08,-0.015292223300119367
2017-06-09,0.03953601928462991
2017-06-10,0.11501265205832656
2017-06-11,0.12714682921206588
2017-06-12,0.08029014067086226
2017-06-13,0.04643874742023879
2017-06-14,-0.03125600713639809
2017-06-15,-0.13596529019356485
2017-06-16,0.06774401748140235
2017-06-17,0.02703705107087373
2017-06-18,0.013652941233847748
2017-06-19,-0.013971380548709611
2017-06-20,0.007839248711260183
2017-06-21,-0.0806030308687431
2017-06-22,-0.027515994920532805
2017-06-23,0.01209508967496653
2017-06-24,-0.023338282128487542
2017-06-25,-0.07474390222284821
2017-06-26,-0.13116660551064996
2017-06-27,-0.06350522743567666
2017-06-28,0.16789860442185933
2017-06-29,0.05624301337481796
2017-06-30,-0.04716449360204411
2017-07-01,-0.0851080964541735
2017-07-02,-0.004797337952282987
2017-07-03,0.04263879074146271
2017-07-04,-0.00819378152968131
2017-07-05,-0.04808716779048616
2017-07-06,0.008784031966897032
2017-07-07,-0.043622301760904314
2017-07-08,-0.0531808603440842
2017-07-09,0.01070967887046681
2017-07-10,-0.07311694246860068
2017-07-11,-0.14488905123298235
2017-07-12,0.038260711853768115
2017-07-13,0.026789134119061586
2017-07-14,-0.06219004308833842
2017-07-15,-0.06396855816973357
2017-07-16,-0.16408910825046874
2017-07-17,0.09160156257959695
2017-07-18,0.1581685033822522
2017-07-19,0.09716503984183245
2017-07-20,-0.019958664889080602
2017-07-21,0.028034587832674873
2017-07-22,0.0030262627291657296
2017-07-23,0.01587134295491044
2017-07-24,-0.006878128442295406
2017-07-25,-0.06846078814673273
2017-07-26,-0.05043477956537146
2017-07-27,0.00849043659883364
2017-07-28,-0.02473181866610652
2017-07-29,-0.04881349065863905
2017-07-30,0.05617465641128572
2017-07-31,-0.011395601069519756
2017-08-01,0.0995829198126188
2017-08-02,0.02082102055847823
2017-08-03,0.004112683248995275
2017-08-04,0.0037958372179618394
2017-08-05,0.06374638799426968
2017-08-06,0.09170279528423553
2017-08-07,0.01971587979592293
2017-08-08,0.05402646799947419
2017-08-09,0.06293766670985423
2017-08-10,0.0071900568965643785
2017-08-11,0.0003750744799155825
2017-08-12,0.03903498078160528
2017-08-13,-0.0576115322855939
2017-08-14,0.016343947933375347
2017-08-15,-0.04165620787893154
2017-08-16,0.01833697077024432
2017-08-17,0.03491286059013721
2017-08-18,-0.014281345017026048
2017-08-19,-0.02629903274075307
2017-08-20,0.003793281221846634
2017-08-21,0.08729728299102835
2017-08-22,-0.024052114706573313
2017-08-23,0.02204335936513857
2017-08-24,0.007277389301039605
2017-08-25,0.031231734649577625
2017-08-26,-0.004933567107641146
2017-08-27,0.02014510106448153
2017-08-28,0.020675197420027658
2017-08-29,0.05031488085629121
2017-08-30,0.05084100556128135
2017-08-31,0.014546128409591574
2017-09-01,0.017358253080188568
2017-09-02,-0.08431980924663751
2017-09-03,-0.027327978062834823
2017-09-04,-0.09966190524135587
2017-09-05,-0.04722874626096196
2017-09-06,0.09558881938583141
2017-09-07,-0.001285984892293257
2017-09-08,-0.03602086605485244
2017-09-09,-0.056460831223321684
2017-09-10,-0.028771471570568252
2017-09-11,0.010539798287078739
2017-09-12,0.018425776175081232
2017-09-13,-0.09198437875005983
2017-09-14,-0.0823231122501662
2017-09-15,-0.06873556985250584
2017-09-16,0.0797993915249533
2017-09-17,-0.018173010010059443
2017-09-18,0.13101151798079247
2017-09-19,-0.0035697737313400424
2017-09-20,-0.003167998587844778
2017-09-21,-0.035032607939762705
2017-09-22,-0.05246270786512319
2017-09-23,0.04609744299083118
2017-09-24,0.03633471229952345
2017-09-25,0.020656293808419157
2017-09-26,0.003341233064455551
2017-09-27,0.015222109144553464
2017-09-28,0.025056736625743703
2017-09-29,-0.03903558279669195
2017-09-30,0.027781574758713568
2017-10-01,-0.0027093936067110747
2017-10-02,-0.0026833751940733563
2017-10-03,-0.02028493108699969
2017-10-04,-0.00033046195133579204
2017-10-05,-0.00046692103918566374
2017-10-06,0.0239487629459445
2017-10-07,0.028392924390911567
2017-10-08,0.008741838104941557
2017-10-09,-0.031850085351403656
2017-10-10,-0.008481628931150453
2017-10-11,0.005049102822527907
2017-10-12,0.014338097130855765
2017-10-13,0.058023511025468544
2017-10-14,0.05367858818909799
2017-10-15,-0.027612062575567364
2017-10-16,0.022288113576207635
2017-10-17,-0.045549544981396295
2017-10-18,-0.06445717052006295
2017-10-19,0.016361663143420024
2017-10-20,-0.00972802556191077
2017-10-21,-0.028585155009166918
2017-10-22,-0.006255138908798585
2017-10-23,-0.03607005386764417
2017-10-24,0.06157792861208211
2017-10-25,-0.026011739124278677
2017-10-26,0.0029924063898985054
2017-10-27,-0.0024141674326063622
2017-10-28,-0.005229820132163887
2017-10-29,0.024776488144956588
2017-10-30,0.016495063444136093
2017-10-31,0.0013458316287904282
2017-11-01,-0.026527612223793184
2017-11-02,-0.04856881434251559
2017-11-03,0.03560395576602193
2017-11-04,0.014294894863994934
2017-11-05,-0.005626289544561125
2017-11-06,0.001610744008468501
2017-11-07,-0.007958110653165207
2017-11-08,0.016937288691900143
2017-11-09,0.05538769588562342
2017-11-10,-0.023942894485235122
2017-11-11,-0.011494211902124185
2017-11-12,0.006244449256781692
2017-11-13,0.018788702606670427
2017-11-14,0.039578047443308506
2017-11-15,0.023377735047731107
2017-11-16,-0.020219205466150747
2017-11-17,0.007720055807793891
2017-11-18,0.00885320800099798
2017-11-19,0.05957989871353497
2017-11-20,0.01728488844331011
2017-11-21,0.011516621951743744
2017-11-22,0.004244514083330486
2017-11-23,0.08326599879053465
2017-11-24,0.07713456656794371
2017-11-25,0.08314716577837711
2017-11-26,-0.019446734246838737
2017-11-27,0.036076571710164096
2017-11-28,-0.009631517438814186
2017-11-29,0.001746725334941246
2017-11-30,-0.0811797842048092
2017-12-01,0.020480675805666593
2017-12-02,0.04046087066211701
2017-12-03,0.013329045447948218
2017-12-04,-0.009825363217178307
2017-12-05,-0.0039430481224842495
2017-12-06,-0.04854113039159902
2017-12-07,-0.030500839898452092
2017-12-08,0.05631018578998859
2017-12-09,0.05728906751820162
2017-12-10,-0.06541195319644455
2017-12-11,0.04036061721822026
2017-12-12,0.18457060189819874
2017-12-13,0.16873632297897334
2017-12-14,0.06322451434456333
2017-12-15,-0.0550795711280605
2017-12-16,0.035348340163906755
2017-12-17,0.03313886860722537
2017-12-18,0.024541497827779146
2017-12-19,0.11356307429434143
2017-12-20,-0.03190196489010155
2017-12-21,0.014726181790446269
2017-12-22,-0.17129439200659569
2017-12-23,0.06747878604100954
2017-12-24,-0.09651741275463532
2017-12-25,0.07931215483245513
2017-12-26,0.03859673087828597
2017-12-27,0.007395593162869751
2017-12-28,-0.05864784177904614
2017-12-29,0.041971495862657804
2017-12-30,-0.0465825333994907
2017-12-31,0.023728835716084973
2018-01-01,0.040144103185530966
2018-01-02,0.12426672605756384
2018-01-03,0.04260439947576433
2018-01-04,0.06942072081900719
2018-01-05,0.030174970987410177
2018-01-06,0.01653336569897146
2018-01-07,0.08127326715324568
2018-01-08,0.0653476294288371
2018-01-09,0.05397600120179735
2018-01-10,0.0819355721417887
2018-01-11,-0.07620489743280423
2018-01-12,0.008939515038808743
2018-01-13,0.09265883048270496
2018-01-14,-0.004434597067865198
2018-01-15,-0.013423020332140823
2018-01-16,-0.16004892118483127
2018-01-17,-0.1722243356959714
2018-01-18,0.09056505040533658
2018-01-19,0.00381679852670036
2018-01-20,0.06810358730206723
2018-01-21,-0.03439252995975561
2018-01-22,-0.05391376465983111
2018-01-23,-0.04338946809565947
2018-01-24,0.030675360400037377
2018-01-25,0.05271944230932135
2018-01-26,-0.019802627296179764
2018-01-27,0.02909637448763913
2018-01-28,0.09438468228338248
2018-01-29,0.0016820861829840439
2018-01-30,-0.04292504471703307
2018-01-31,-0.03571808260207998
2018-02-01,0.009950330853168765
2018-02-02,-0.1772399804496576
2018-02-03,0.028267887765566435
2018-02-04,-0.052331366186932904
2018-02-05,-0.15635306476928879
2018-02-06,-0.13386664790119784
2018-02-07,0.16194967604889765
2018-02-08,0.019650108992307125
2018-02-09,0.021417692637275998
2018-02-10,0.04540509288907657
2018-02-11,-0.054031321531801346
2018-02-12,0.038104658311872264
2018-02-13,-0.012359852277379346
2018-02-14,0.04349106577842221
2018-02-15,0.05268506733753053
2018-02-16,0.0024090473531011014
2018-02-17,0.032720140499292505
2018-02-18,-0.022143853555780524
2018-02-19,-0.003441132255582069
2018-02-20,-0.0019330704508462304
2018-02-21,-0.07755395989469438
2018-02-22,-0.04468479987325491
2018-02-23,0.017736902641399155
2018-02-24,-0.0021492144481234376
2018-02-25,-0.004845251361351721
2018-02-26,0.024804192017591653
2018-02-27,0.02063316824471695
2018-02-28,-0.010169751560640705
2018-03-01,-0.004690493041116461
2018-03-02,-0.0032862959485866483
2018-03-03,-0.0022974499380961078
2018-03-04,-0.008373076930316081
2018-03-05,0.00894503488089704
2018-03-06,-0.03390763078424097
2018-03-07,-0.06334284804097479
2018-03-08,-0.05670111728900373
2018-03-09,-0.0743117546616654
2018-03-10,0.05381010311539658
2018-03-11,-0.030914547174796247
2018-03-12,0.01818077936340412
2018-03-13,-0.028270980336996487
2018-03-14,-0.05056059158987747
2018-03-15,-0.09287175749530796
2018-03-16,0.012221529877037618
2018-03-17,-0.03956971960084221
2018-03-18,-0.14151574106614984
2018-03-19,0.05887875293654243
2018-03-20,0.008911354763811552
2018-03-21,0.04515372019578212
2018-03-22,-0.03725023321485654
2018-03-23,-0.04647470899879114
2018-03-24,0.02603501973636302
2018-03-25,-0.028087855146738505
2018-03-26,-0.044328619628855925
2018-03-27,-0.07530011474608234
2018-03-28,-0.026247526359224338
2018-03-29,-0.0852697864179115
2018-03-30,-0.07435929482172465
2018-03-31,0.04234901736020813
2018-04-01,-0.04895945315609396
2018-04-02,0.008320407890333392
2018-04-03,0.040527018996727726
2018-04-04,-0.025658176725482207
2018-04-05,-0.033344689363722146
2018-04-06,-0.016289138533308822
2018-04-07,0.03215344195577252
2018-04-08,0.027959295517339555
2018-04-09,0.02210127243896487
2018-04-10,-0.0033359326899251585
2018-04-11,0.041187880462372206
2018-04-12,0.07011334786369083
2018-04-13,0.11370805250694183
2018-04-14,-0.005852710018326768
2018-04-15,0.035821197295070384
2018-04-16,-0.015762118849719897
2018-04-17,1.5623230181560643e-05
2018-04-18,0.005618271288257759
2018-04-19,0.054188330130886087
2018-04-20,0.07291841143302413
2018-04-21,0.03357166519503085
2018-04-22,0.02916989930822922
2018-04-23,0.0267383659603162
2018-04-24,0.07534069770291563
2018-04-25,-0.06815754232911697
2018-04-26,-0.02016192902111058
2018-04-27,0.05289981401332344
2018-04-28,0.016413966132568625
2018-04-29,0.011463363807138194
2018-04-30,-0.0023817825463137154
2018-05-01,-0.0368440742923104
2018-05-02,0.03119764470516362
2018-05-03,0.078255776561031
2018-05-04,0.06456210341992286
2018-05-05,0.033213904131873306
2018-05-06,-0.020901795881667518
2018-05-07,-0.06443896135318372
2018-05-08,0.007811372382724002
2018-05-09,-0.012297350628903914
2018-05-10,0.018989293282159814
2018-05-11,-0.07599445599615162
2018-05-12,-0.040413505841017106
2018-05-13,0.0472699814207056
2018-05-14,0.020875013338487847
2018-05-15,0.0070316630061491026
2018-05-16,-0.04033244661702273
2018-05-17,0.006933212005424849
2018-05-18,-0.030574114627350824
2018-05-19,0.0263949950925797
2018-05-20,0.02028034980249327
2018-05-21,-0.005811928665068855
2018-05-22,-0.03704369963736198
2018-05-23,-0.10263559299403635
2018-05-24,-0.04628875452880976
2018-05-25,0.012924387666221726
2018-05-26,0.002567300666687089
2018-05-27,-0.03517612755767008
2018-05-28,-0.06699179312514847
2018-05-29,0.008391279967243648
2018-05-30,0.034959464828695275
2018-05-31,0.01803235236313494
2018-06-01,0.006891482931187021
2018-06-02,0.021090632892764027
2018-06-03,0.03734757697092572
2018-06-04,-0.014907257844699373
2018-06-05,-0.01142344607358936
2018-06-06,0.01632251325497336
2018-06-07,0.005495035508798374
2018-06-08,-0.010691436241646812
2018-06-09,0.003543971211572128
2018-06-10,-0.0775842145835135
2018-06-11,-0.06111582336880872
2018-06-12,-0.009114652653026134
2018-06-13,-0.07995411032778499
2018-06-14,0.023790568696329117
2018-06-15,0.018482115396745158
2018-06-16,-0.010527688838433136
2018-06-17,0.010342335904991451
2018-06-18,0.0014520078198891895
2018-06-19,0.04926128866284163
2018-06-20,0.0033196197131442062
2018-06-21,0.007639476677737456
2018-06-22,-0.08473686851412054
2018-06-23,-0.03929039289493641
2018-06-24,-0.04350873126467558
2018-06-25,0.01417333741217508
2018-06-26,-0.015184258101096582
2018-06-27,-0.03655019832082829
2018-06-28,0.0027569429199987283
2018-06-29,-0.043884295810872054
2018-06-30,0.0757170905972746
2018-07-01,0.006742220740565408
2018-07-02,0.01877163970118989
2018-07-03,0.02406938772173728
2018-07-04,-0.011116128692669314
2018-07-05,0.005810603985609397
2018-07-06,-0.006627859678077108
2018-07-07,0.005238519922778018
2018-07-08,0.03760571219538278
2018-07-09,-0.012317179828523983
2018-07-10,-0.06869487053737
2018-07-11,-0.022909576812507382
2018-07-12,-0.012557356318603219
2018-07-13,0.004670467606072037
2018-07-14,-0.0046589485010608556
2018-07-15,0.021629818923107003
2018-07-16,0.04624738749798052
2018-07-17,0.03513897324699222
2018-07-18,0.02837585651578234
2018-07-19,-0.04355815421542353
2018-07-20,-0.03269923383697382
2018-07-21,0.002162624477756836
2018-07-22,0.00789632323223266
2018-07-23,-0.007478711313783748
2018-07-24,0.01715535738438767
2018-07-25,0.014650286855023786
2018-07-26,0.0027662593120378887
2018-07-27,-0.023598372729410677
2018-07-28,0.005510388526461796
2018-07-29,-0.0034111882231329105
2018-07-30,-0.013612179378608147
2018-07-31,-0.04124092017252057
2018-08-01,-0.04667658567584798
2018-08-02,-0.01209403999412828
2018-08-03,-0.01410360197239946
2018-08-04,0.005016187811546224
2018-08-05,-0.012779656423551167
2018-08-06,0.002113929515156876
2018-08-07,-0.011187382533577761
2018-08-08,-0.09567607650026666
2018-08-09,-0.013989124958189159
2018-08-10,-0.013862016476418049
2018-08-11,-0.11179167756564112
2018-08-12,0.009031712786575774
2018-08-13,-0.04162029073571549
2018-08-14,-0.15668820433902209
2018-08-15,0.08549842553545162
2018-08-16,0.002697930906232493
2018-08-17,0.04059975995075327
2018-08-18,0.009720893361910399
2018-08-19,-0.01957424608713776
2018-08-20,-0.019401911657938697
2018-08-21,-0.04672143057552702
2018-08-22,0.011729291080097681
2018-08-23,-0.02805214323689942
2018-08-24,0.010438773915182331
2018-08-25,0.011798103860289899
2018-08-26,-0.021250176238390317
2018-08-27,0.01116928267746875
2018-08-28,0.04052937344619867
2018-08-29,0.013607995707821452
2018-08-30,-0.03577345391496323
2018-08-31,-0.0034530077578347473
2018-09-01,0.033051748686613536
2018-09-02,0.01390523440115743
2018-09-03,-0.015593690588868725
2018-09-04,-0.008328807299850638
2018-09-05,-0.08204635273135175
2018-09-06,-0.15818604084294297
2018-09-07,-0.014713255213897547
2018-09-08,-0.049602721592587606
2018-09-09,-0.07207795313133758
2018-09-10,-0.0054274217353649234
2018-09-11,-0.03231349102724401
2018-09-12,-0.0761573853113342
2018-09-13,0.11356881796522433
2018-09-14,0.07723401983290668
2018-09-15,0.025460815131547854
2018-09-16,-0.0024185027156056194
2018-09-17,-0.024404192208102415
2018-09-18,-0.04566599629038137
2018-09-19,0.029755014139658087
2018-09-20,0.00556136296083487
2018-09-21,0.08794278232207375
2018-09-22,0.0456408394173442
2018-09-23,0.006831504361979768
2018-09-24,-0.02495878762575643
2018-09-25,-0.09792379623505365
2018-09-26,0.003418774900986854
2018-09-27,0.01738693258443469
2018-09-28,0.0319734418344817
2018-09-29,0.0030668228533166086
2018-09-30,0.027199089681575472
2018-10-01,-0.009751586386011368
2018-10-02,-0.008994100173402408
2018-10-03,-0.038293263211863326
2018-10-04,0.017019769453749944
2018-10-05,-0.003357540601881759
2018-10-06,0.012561854040189502
2018-10-07,-0.0074003791231218585
2018-10-08,0.014535371367601968
2018-10-09,0.004728535247202181
2018-10-10,-0.012749573216443544
2018-10-11,-0.11145013779274926
2018-10-12,-0.027491742205512537
2018-10-13,0.016185768292515057
2018-10-14,0.0057312474030464244
2018-10-15,0.0428398372288985
2018-10-16,0.006617987810228598
2018-10-17,-0.0026685675855269153
2018-10-18,-0.013537460514635669
2018-10-19,-0.016918952985482072
2018-10-20,0.01010998801280838
2018-10-21,0.008701231561982326
2018-10-22,-0.010537128218374825
2018-10-23,-0.009387401410519303
2018-10-24,0.0046607577797344035
2018-10-25,-0.009461672089644324
2018-10-26,0.0020687930064804405
2018-10-27,0.0023738329363611754
2018-10-28,0.0016872508686827103
2018-10-29,-0.016897327819290986
2018-10-30,-0.020570485010988904
2018-10-31,0.001799448451516028
2018-11-01,0.006817604319042658
2018-11-02,0.012516485498716534
2018-11-03,-0.0023290096780792524
2018-11-04,0.019020968701507712
2018-11-05,0.024968944677349114
2018-11-06,0.019419556042116426
2018-11-07,0.029027435819135583
2018-11-08,-0.020934382718077238
2018-11-09,-0.01708401449949637
2018-11-10,0.0049056239358362674
2018-11-11,-0.00395091578185891
2018-11-12,0.001425638119998851
2018-11-13,-0.010394137867725028
2018-11-14,-0.05832887350518767
2018-11-15,-0.10103172162255447
2018-11-16,-0.002036854324935611
2018-11-17,-0.020171271066661056
2018-11-18,0.012930443617766407
2018-11-19,-0.10213277117624919
2018-11-20,-0.13526382869346243
2018-11-21,-0.039181510298964994
2018-11-22,-0.004257181559055745
2018-11-23,-0.08122141678725914
2018-11-24,-0.004117053396911707
2018-11-25,-0.10517699433516192
2018-11-26,0.021976155523331542
2018-11-27,-0.05331436394979061
2018-11-28,0.09275375085613824
2018-11-29,0.014876342270691012
2018-11-30,-0.03133324529328885
2018-12-01,0.00795369725422379
2018-12-02,0.0095907626961651
2018-12-03,-0.04965034090913267
2018-12-04,-0.010288793372567717
2018-12-05,-0.03105205421512114
2018-12-06,-0.07263880141313717
2018-12-07,-0.12934521001887234
2018-12-08,0.04073958073424855
2018-12-09,0.029440176001174656
2018-12-10,-0.015408856031250195
2018-12-11,-0.030437322490132424
2018-12-12,0.0074485560775823245
2018-12-13,-0.010363361336442445
2018-12-14,-0.04213197143459535
2018-12-15,-0.017017498076260296
2018-12-16,0.03086621684374169
2018-12-17,0.03559863920815243
2018-12-18,0.05550169387648385
2018-12-19,0.08921926697473825
2018-12-20,0.04339225808247971
2018-12-21,0.04576289614448559
2018-12-22,-0.01883930562582492
2018-12-23,0.1494130385940835
2018-12-24,0.12415174417392816
2018-12-25,-0.12470501579060755
2018-12-26,0.013308536855173969
2018-12-27,-0.05322650069462398
2018-12-28,-0.005736053689543219
2018-12-29,0.1125586064113202
2018-12-30,-0.004951093839162368
2018-12-31,-0.009954448942188776
2019-01-01,-0.005120975688261531
2019-01-02,0.09220957606542779
2019-01-03,0.018022327427725138
2019-01-04,0.004692321343029882
2019-01-05,0.03955435561812504
2019-01-06,-0.02089309777349513
2019-01-07,-0.006806185945208654
2019-01-08,-0.023925164926403397
2019-01-09,0.0072398148248140615
2019-01-10,-0.10672578136801114
2019-01-11,-0.07124158930164981
2019-01-12,-0.005999309415993359
2019-01-13,-0.035723825726482694
2019-01-14,-0.0014823978242795022
2019-01-15,0.04273444962340189
2019-01-16,-0.03717656398120095
2019-01-17,-0.006263000211533587
2019-01-18,-0.001978613563961673
2019-01-19,0.01525912943630825
2019-01-20,-0.01790063885357185
2019-01-21,-0.033983669707184916
2019-01-22,0.004363643287772945
2019-01-23,0.005543978684566575
2019-01-24,-0.014418830730254406
2019-01-25,-0.002520771970403679
2019-01-26,0.0024522635695340966
2019-01-27,-0.015300147021165778
2019-01-28,-0.07478179528894113
2019-01-29,-0.013624266067983726
2019-01-30,0.01915662852975064
2019-01-31,0.006817152806085858
2019-02-01,-0.013258925854376713
2019-02-02,0.006451092408796377
2019-02-03,0.008287711995675018
2019-02-04,-0.009817249142650475
2019-02-05,-0.0027197676458179387
2019-02-06,-0.032453891084155195
2019-02-07,0.011314654164015003
2019-02-08,0.052010436380622416
2019-02-09,0.07696171332053225
2019-02-10,-0.0035099125729827207
2019-02-11,0.02117425834592268
2019-02-12,-0.003373800044701447
2019-02-13,0.015550061018292816
2019-02-14,-0.004045031971594781
2019-02-15,-0.0022707440497438114
2019-02-16,0.00790479177728809
2019-02-17,0.02737894826224263
2019-02-18,0.1134497778790271
2019-02-19,0.04066468449866001
2019-02-20,-0.012656493693035564
2019-02-21,0.0026580142368350934
2019-02-22,0.011532045160606685
2019-02-23,0.023010629977296304
2019-02-24,0.020826572574383917
2019-02-25,-0.10523000966572127
2019-02-26,-0.013208697736848407
2019-02-27,-0.0019012802802347295
2019-02-28,0.0016090108057005281
2019-03-01,-0.0025317024944406796
2019-03-02,-0.0205924243558826
2019-03-03,-0.005316548900740514
2019-03-04,-0.04603500279044237
2019-03-05,0.03208889465517917
2019-03-06,0.04610683631820667
2019-03-07,0.0038368236351917773
2019-03-08,-0.009151247834848775
2019-03-09,0.001550523978064433
2019-03-10,-0.007452758114280478
2019-03-11,-0.015373275418560262
2019-03-12,-0.004173306673273203
2019-03-13,-0.006954125706251979
2019-03-14,-0.0013163968945670845
2019-03-15,0.02172427572946578
2019-03-16,0.045011055435754344
2019-03-17,-0.015084017114554982
2019-03-18,-0.004091929922512172
2019-03-19,-0.0019943932384665075
2019-03-20,0.0002242063286201912
2019-03-21,-0.004813382351435358
2019-03-22,-0.009777547362294747
2019-03-23,0.0049116767300807496
2019-03-24,-0.004977720384960804
2019-03-25,-0.008771080892922
2019-03-26,-0.009259566443182266
2019-03-27,0.029399049499562402
2019-03-28,0.0035850249695750236
2019-03-29,0.013970577918145821
2019-03-30,0.018289251512690896
2019-03-31,-0.009834207479618051
2019-04-01,0.004422585635233567
2019-04-02,0.07445629204155946
2019-04-03,0.10314337211668168
2019-04-04,-0.056860354343680974
2019-04-05,0.017253001929439016
2019-04-06,0.012853099308420823
2019-04-07,0.020684010187149937
2019-04-08,0.0647226622872834
2019-04-09,-0.01765978531264878
2019-04-10,0.013773409445207108
2019-04-11,-0.06709273721319331
2019-04-12,-0.02163175511800386
2019-04-13,-5.486817921251941e-05
2019-04-14,-0.001397104134566618
2019-04-15,0.006923642782865613
2019-04-16,-0.01013399693601258
2019-04-17,0.01759394581834517
2019-04-18,0.03699181368850191
2019-04-19,0.0002899290274047672
2019-04-20,0.006961985787878433
2019-04-21,-0.02146239899018365
2019-04-22,0.003681493664049462
2019-04-23,0.016115597219489963
2019-04-24,-0.04442161675552203
2019-04-25,-0.015701752369157163
2019-04-26,-0.04952230823539239
2019-04-27,0.011797055797515554
2019-04-28,0.0040177647897854385
2019-04-29,-0.013783292642997935
2019-04-30,0.01775974266288216
2019-05-01,0.01645731119578464
2019-05-02,-0.003923878164770578
2019-05-03,0.035169737914075405
2019-05-04,-0.012761545218571868
2019-05-05,-0.007221440015809932
2019-05-06,0.024879543431219453
2019-05-07,0.05571674045069486
2019-05-08,-0.03878282638687924
2019-05-09,0.0006295506569626852
2019-05-10,0.017589777483588698
2019-05-11,0.07635810561847212
2019-05-12,0.02541806371680355
2019-05-13,0.01343951538586996
2019-05-14,0.06480791053771373
2019-05-15,0.11620117258787488
2019-05-16,0.11547592739461976
2019-05-17,-0.08991265123764425
2019-05-18,-0.0012281589431530904
2019-05-19,0.060307289262830466
2019-05-20,-0.015684489115280087
2019-05-21,0.015032728647747184
2019-05-22,0.0014767143820293427
2019-05-23,-0.05082575572093617
2019-05-24,0.03453289399622683
2019-05-25,0.008585251848774789
2019-05-26,0.0015851861939886192
2019-05-27,0.06405583186654695
2019-05-28,0.007360148376038822
2019-05-29,-0.005113716986991257
2019-05-30,0.0227214052834519
2019-05-31,-0.06697443067055442
2019-06-01,0.03977003200203377
2019-06-02,0.001670439214199071
2019-06-03,-0.02141485251571762
2019-06-04,-0.06958708533030933
2019-06-05,-0.004638007185214121
2019-06-06,0.0010448144356356437
2019-06-07,0.0190162057586285
2019-06-08,-0.008708726180842952
2019-06-09,-0.035038485140712616
2019-06-10,0.004259986713213593
2019-06-11,0.01762903017074091
2019-06-12,0.02949137623951259
2019-06-13,0.032637386592655915
2019-06-14,-0.010447859126958114
2019-06-15,0.0360639572702901
2019-06-16,0.01875629107088095
2019-06-17,0.0016968475912992886
2019-06-18,-0.01400363226478607
2019-06-19,-0.0006842234424642157
2019-06-20,0.006520315600372584
2019-06-21,0.06573989199591512
2019-06-22,0.06525264500481942
2019-06-23,0.01682428579348727
2019-06-24,-0.013829872039267777
2019-06-25,0.013063513535183091
2019-06-26,0.07391617614159696
2019-06-27,-0.07625736427952035
2019-06-28,-0.024838435656125313
2019-06-29,0.006256222391748167
2019-06-30,0.004855695038487262
2019-07-01,-0.0508857424584912
2019-07-02,-0.023739904903728792
2019-07-03,0.03381737068321922
2019-07-04,0.0007738703746102971
2019-07-05,-0.023706456673412646
2019-07-06,0.009199060588904295
2019-07-07,0.010567324866283201
2019-07-08,0.04498447659847482
2019-07-09,0.014082075537196204
2019-07-10,-0.03349186075855215
2019-07-11,-0.09585351873497316
2019-07-12,-0.00013521637381241902
2019-07-13,-0.014652708343412257
2019-07-14,-0.07466414497999718
2019-07-15,-0.10050230549706107
2019-07-16,-0.034387574194536974
2019-07-17,-0.05972408943583751
2019-07-18,0.0579709838623268
2019-07-19,0.008853026028970312
2019-07-20,0.03421860998263604
2019-07-21,-0.014359801333032607
2019-07-22,-0.017065498077506902
2019-07-23,-0.03240755915797511
2019-07-24,-0.021473768844938235
2019-07-25,0.056346193626791496
2019-07-26,-0.021122225562160146
2019-07-27,-0.01536521311109329
2019-07-28,-0.023454202045368078
2019-07-29,0.011691578206197484
2019-07-30,-0.00696893451416436
2019-07-31,0.022785210432727077
2019-08-01,0.0007695985640872038
2019-08-02,0.018038487186136543
2019-08-03,0.017790833396630568
2019-08-04,-0.008016608997094998
2019-08-05,0.04635820151896919
2019-08-06,-0.0062708926959818
2019-08-07,-0.014444993008416063
2019-08-08,-0.014710534413167942
2019-08-09,-0.04361927975856261
2019-08-10,-0.021955272649545776
2019-08-11,0.01389710518203291
2019-08-12,0.0040160317941273505
2019-08-13,-0.01702273743433924
2019-08-14,-0.031443124742896345
2019-08-15,-0.09196006319310701
2019-08-16,0.0018442755631120633
2019-08-17,-0.0017739035386696855
2019-08-18,0.028863957217461156
2019-08-19,0.044913764836485015
2019-08-20,-0.0036520014496357334
2019-08-21,-0.05424610597787627
2019-08-22,0.0050115029090154195
2019-08-23,0.021615943884593314
2019-08-24,-0.013380187083058992
2019-08-25,-0.007626312516348932
2019-08-26,0.004762052185200538
2019-08-27,-0.014130101364429493
2019-08-28,-0.017685443819901003
2019-08-29,-0.08067976308350833
2019-08-30,-0.004038211767253941
2019-08-31,0.0016870348008231062
2019-09-01,0.012051667591007842
2019-09-02,0.013540975758059126
2019-09-03,0.03179049357975927
2019-09-04,-0.009697045682866445
2019-09-05,-0.022283710488670394
2019-09-06,0.0036777549044044733
2019-09-07,-0.005085669461922571
2019-09-08,0.04383297802070363
2019-09-09,-0.0028834971704130297
2019-09-10,0.003596170914795138
2019-09-11,-0.014518968052897208
2019-09-12,0.003697006618646803
2019-09-13,0.003488693162053025
2019-09-14,0.019398935144145923
2019-09-15,0.02866774066693356
2019-09-16,0.026351599872440623
2019-09-17,0.04617582608401083
2019-09-18,0.04859101543566968
2019-09-19,-0.0054118981604114325
2019-09-20,0.026817254718300987
2019-09-21,-0.00226472512733622
2019-09-22,-0.02954285759472164
2019-09-23,-0.011476161849823363
2019-09-24,-0.08492630697826886
2019-09-25,-0.1247886225317334
2019-09-26,-0.011650131468798008
2019-09-27,0.0012034524367452448
2019-09-28,0.038945654154844966
2019-09-29,-0.02157702126580663
2019-09-30,0.016649993471350655
2019-10-01,0.03693179810982539
2019-10-02,-0.014931894666474932
2019-10-03,-0.002305355731274439
2019-10-04,-0.006645525657608786
2019-10-05,0.0004965257567732806
2019-10-06,-0.007870628460712403
2019-10-07,0.012101059093390987
2019-10-08,0.026785163427154757
2019-10-09,0.027857835899284034
2019-10-10,0.030896684737786728
2019-10-11,-0.03155320584538046
2019-10-12,-0.015991138045790443
2019-10-13,-0.0011712358970825676
2019-10-14,0.007507100408155054
2019-10-15,-0.004865553321893756
2019-10-16,-0.03390739019485878
2019-10-17,-0.004944826938956481
2019-10-18,-0.012323511204259674
2019-10-19,-0.0023078549216490885
2019-10-20,-0.004770687281514974
2019-10-21,0.010321245381796018
2019-10-22,-0.0050954719284863614
2019-10-23,-0.05531680422493679
2019-10-24,-0.016626696050423106
2019-10-25,0.046967203212218145
2019-10-26,0.07533586533335157
2019-10-27,-0.0009972057152047853
2019-10-28,0.008210952879725397
2019-10-29,0.01619562484921655
2019-10-30,-0.007242926351579193
2019-10-31,-0.012940565863567066
2019-11-01,-0.0035819105524534933
2019-11-02,0.010777927517320762
2019-11-03,-0.005886766378253583
2019-11-04,0.012040764949996507
2019-11-05,0.012110392997512598
2019-11-06,0.017131503165221496
2019-11-07,-0.010633754507701099
2019-11-08,-0.01760139312521236
2019-11-09,-0.006153201256959839
2019-11-10,0.019436306506564804
2019-11-11,-0.0028928035147721687
2019-11-12,-0.005955466570850554
2019-11-13,0.006312201544511176
2019-11-14,-0.005942625668788004
2019-11-15,-0.0202863172330483
2019-11-16,-0.004787790989513319
2019-11-17,0.012474650730377235
2019-11-18,-0.006589011903715303
2019-11-19,-0.03193713728495151
2019-11-20,-0.0035174624743650185
2019-11-21,-0.03951961814727678
2019-11-22,-0.09661609115145442
2019-11-23,-0.019699976734155022
2019-11-24,-0.010404787274197247
2019-11-25,-0.04720785737569866
2019-11-26,0.028466072687685084
2019-11-27,0.01690340755708597
2019-11-28,0.02407699995924517
2019-11-29,0.005452373754105899
2019-11-30,-0.0028755655463914565
2019-12-01,-0.026172160924110344
2019-12-02,0.0010360928864940888
2019-12-03,-0.0014374494771400848
2019-12-04,-0.01077622730041572
2019-12-05,0.0009801702224905284
2019-12-06,0.01340248041334835
2019-12-07,-0.0010471938498870514
2019-12-08,0.0055768287484561085
2019-12-09,-0.0023054880137935996
2019-12-10,-0.01630926500961216
2019-12-11,-0.014464680189352208
2019-12-12,-0.013549931067759147
2019-12-13,0.0089296196411226
2019-12-14,-0.007359433397387427
2019-12-15,-0.007008430408733446
2019-12-16,-0.015904725706806566
2019-12-17,-0.07950892773560359
2019-12-18,-0.0352863607718632
2019-12-19,0.02081535960968406
2019-12-20,0.0032719483242775738
2019-12-21,-0.0015411561719416156
2019-12-22,0.013032424543947485
2019-12-23,0.017454046232104226
2019-12-24,-0.025017561489349305
2019-12-25,-0.019858098310961303
2019-12-26,0.0035025752888602213
2019-12-27,-0.004720303664537795
2019-12-28,0.015591338042584724
2019-12-29,0.02667911165961101
2019-12-30,0.01639935951428395
2019-12-31,-0.017256794016710764
2020-01-01,-0.002888813187164274
2020-01-02,-0.01419986137013396
2020-01-03,0.015493256865306115
2020-01-04,0.023593797222349444
2020-01-05,0.021931766651744233
2020-01-06,0.027635350269054726
2020-01-07,0.011753559291086901
2020-01-08,0.00026536868944848635
2020-01-09,-0.027264764795660312
2020-01-10,0.004403196025256406
2020-01-11,0.028862408236053128
2020-01-12,0.004376920155669595
2020-01-13,-0.0018052356722808582
2020-01-14,0.06935602485263725
2020-01-15,0.06401439835486133
2020-01-16,-0.01569892871549783
2020-01-17,0.039951392191971635
2020-01-18,0.020230381229430883
2020-01-19,-0.012261507614923062
2020-01-20,-0.025320365125682365
2020-01-21,0.010819650146514093
2020-01-22,0.003867304749562983
2020-01-23,-0.03011819026003426
2020-01-24,-0.016498954201641602
2020-01-25,-0.003154468798570953
2020-01-26,0.019916134736690516
2020-01-27,0.03178649563200597
2020-01-28,0.01940386063577204
2020-01-29,0.025063853733871433
2020-01-30,0.004354573669432149
2020-01-31,0.021371539467934575
2020-02-01,0.007047276507036848
2020-02-02,0.03068733063330953
2020-02-03,0.010379161701485451
2020-02-04,-0.010389786210102336
2020-02-05,0.04171172465345041
2020-02-06,0.06803824440462769
2020-02-07,0.047038949765807914
2020-02-08,0.014566614284344581
2020-02-09,0.01846094391041664
2020-02-10,-0.02021696500385861
2020-02-11,0.015985538302365043
2020-02-12,0.12167510216332822
2020-02-13,0.04641096978420123
2020-02-14,0.01700782274671475
2020-02-15,0.01745875595927604
2020-02-16,-0.05178385936850827
2020-02-17,-0.036520999486373995
2020-02-18,0.06890811067966762
2020-02-19,0.02139465014346076
2020-02-20,-0.07415804399021919
2020-02-21,0.016932145680399024
2020-02-22,-0.0021462221591095343
2020-02-23,0.028293836214341006
2020-02-24,-0.0055689725660048595
2020-02-25,-0.04137581122854783
2020-02-26,-0.09165316052135442
2020-02-27,-0.03489197412098832
2020-02-28,-0.005393424617047948
2020-02-29,0.004947657084051649
2020-03-01,-0.029077779004638593
2020-03-02,0.02493722446641744
2020-03-03,0.006521560535325932
2020-03-04,-0.010861850911120463
2020-03-05,0.024395905236129778
2020-03-06,0.0259212303531271
2020-03-07,0.028431565047124963
2020-03-08,-0.08232122413283438
2020-03-09,-0.1079448991075882
2020-03-10,0.005069008299563471
2020-03-11,-0.0289087419490901
2020-03-12,-0.2353083653372927
2020-03-13,-0.21975670781842815
2020-03-14,0.03584466058069591
2020-03-15,-0.04084686601618159
2020-03-16,-0.09189855537870528
2020-03-17,0.019522778620960857
2020-03-18,-0.009972381812937137
2020-03-19,0.08541205937511975
2020-03-20,0.09330651246060206
2020-03-21,-0.03310202856642075
2020-03-22,-0.014114899773520762
2020-03-23,-0.01854505774285453
2020-03-24,0.07347619108373227
2020-03-25,-0.0023240660470431607
2020-03-26,-0.010905345450738402
2020-03-27,0.01064272891314122
2020-03-28,-0.060914674383654166
2020-03-29,-0.0020958021783039626
2020-03-30,0.016407771074765876
2020-03-31,0.01501403262641432
2020-04-01,-0.004906521917053652
2020-04-02,0.04969347731528018
2020-04-03,0.026965116588787197
2020-04-04,-0.0017396554539281794
2020-04-05,0.007846523326820787
2020-04-06,0.07640360810075464
2020-04-07,0.09593598022022842
2020-04-08,-0.0046250262420342025
2020-04-09,0.0051935960698115125
2020-04-10,-0.06107080459832481
2020-04-11,-0.016131458231906315
2020-04-12,0.012680930522108724
2020-04-13,-0.03660171543170865
2020-04-14,0.027188152405605237
2020-04-15,-0.0039005875041198124
2020-04-16,0.044166682699025905
2020-04-17,0.034904470764900886
2020-04-18,0.03794514948162675
2020-04-19,0.029202438230734984
2020-04-20,-0.02083057295256019
2020-04-21,-0.042059514643448814
2020-04-22,0.03152721824396654
2020-04-23,0.04337384960839952
2020-04-24,0.015692340004870076
2020-04-25,0.023946721079428634
2020-04-26,0.012472821267237144
2020-04-27,0.0026039946026266136
2020-04-28,0.0021937739393669276
2020-04-29,0.057569530333425156
2020-04-30,0.03219089783572837
2020-05-01,-0.011648081798750098
2020-05-02,0.006080506303635325
2020-05-03,0.0005023061591176159
2020-05-04,-0.04505076068067826
2020-05-05,0.010509910621673946
2020-05-06,0.0041258164095205885
2020-05-07,0.0002467182852532446
2020-05-08,0.026708088031496935
2020-05-09,3.7675603637765676e-05
2020-05-10,-0.11597979957732107
2020-05-11,-0.009671666420711489
2020-05-12,0.012644660850612333
2020-05-13,0.021971112132711745
2020-05-14,0.03441981665991811
2020-05-15,-0.007096963702009518
2020-05-16,0.0052912427688101005
2020-05-17,0.02175931297500089
2020-05-18,0.0406619418491001
2020-05-19,-0.0015208985619743487
2020-05-20,-0.0017961345628743075
2020-05-21,-0.0355731437443767
2020-05-22,-0.0077053373523385815
2020-05-23,0.022752822249184845
2020-05-24,-0.002284385183543236
2020-05-25,-0.01977085058821526
2020-05-26,-0.0056486891571641
2020-05-27,0.012797850676633082
2020-05-28,0.02573728983895407
2020-05-29,0.04873630679325558
2020-05-30,0.0519644940333297
2020-05-31,0.02231577272778651
2020-06-01,0.004523652035755887
2020-06-02,0.022238581515740208
2020-06-03,-0.021427412426141323
2020-06-04,0.01831752528047126
2020-06-05,-0.0011004037292314806
2020-06-06,-0.005528517595343452
2020-06-07,-0.0020842042289652696
2020-06-08,0.009648337582571997
2020-06-09,0.0004262976523916606
2020-06-10,0.004636528054226652
2020-06-11,-0.01194970126755468
2020-06-12,-0.02588586453416042
2020-06-13,0.006305145861081662
2020-06-14,-0.004705037152551661
2020-06-15,-0.03793182189544719
2020-06-16,0.02632181564621927
2020-06-17,-0.00011126278998663253
2020-06-18,-0.0026740275451331286
2020-06-19,-0.012374354288767542
2020-06-20,-0.00324187477010085
2020-06-21,0.0039931847120922015
2020-06-22,0.03338467048554605
2020-06-23,0.022620731193881305
2020-06-24,-0.013172328988441784
2020-06-25,-0.026829906122463498
2020-06-26,-0.008628677311551591
2020-06-27,-0.015621958686987014
2020-06-28,-0.02039844774382704
2020-06-29,0.008864040603321577
2020-06-30,0.007222382298710528
2020-07-01,0.008884434629132798
2020-07-02,0.0012323236081996924
2020-07-03,-0.007833411617010455
2020-07-04,0.0017222305603343813
2020-07-05,-0.0014547177915824605
2020-07-06,0.032620495977427666
2020-07-07,0.01678816097845548
2020-07-08,0.020664938958206314
2020-07-09,0.001968536730969639
2020-07-10,-0.017961756855219058
2020-07-11,0.0024188725248928122
2020-07-12,-0.0002693959950894609
2020-07-13,0.009825230933137696
2020-07-14,-0.011065388123338238
2020-07-15,-0.0012209202436892497
2020-07-16,-0.021190721208025565
2020-07-17,-0.004786296106018995
2020-07-18,0.007338118100317814
2020-07-19,0.002672000980937561
2020-07-20,0.012040728402859635
2020-07-21,0.014746066759880883
2020-07-22,0.014912526633122702
2020-07-23,0.08411531884371559
2020-07-24,0.028434351443769046
2020-07-25,0.04326350109286725
2020-07-26,0.06577406031487953
2020-07-27,0.04701473391914668
2020-07-28,-0.014943224451963388
2020-07-29,0.008345964281334162
2020-07-30,0.005652585509799302
2020-07-31,0.0534319373460157
2020-08-01,0.0607452260889092
2020-08-02,0.046699936831904765
2020-08-03,0.0217723545873314
2020-08-04,0.010341842464395512
2020-08-05,0.00802076659500095
2020-08-06,0.006343918085974565
2020-08-07,-0.02020944034978367
2020-08-08,-0.008249805192954263
2020-08-09,0.015598261038256567
2020-08-10,0.008016355043909407
2020-08-11,-0.0188556381500824
2020-08-12,-0.01693611309209686
2020-08-13,0.03597900436593182
2020-08-14,0.08364157959692164
2020-08-15,0.01489424129411887
2020-08-16,-0.01874616630433046
2020-08-17,0.007380691340006962
2020-08-18,-0.007611998941595921
2020-08-19,-0.03904407342916549
2020-08-20,-6.803531035171062e-05
2020-08-21,-0.012812050509855233
2020-08-22,-0.042215313047059055
2020-08-23,0.003726012049757088
2020-08-24,0.024857485199518692
2020-08-25,-0.0236534742409793
2020-08-26,-0.015758576013373826
2020-08-27,-0.004846819842209804
2020-08-28,0.019460213165834794
2020-08-29,0.022257988020527364
2020-08-30,0.029980304495391685
2020-08-31,0.04265094481293197
2020-09-01,0.07657810264382992
2020-09-02,-0.022709602323895517
2020-09-03,-0.07464355401650735
2020-09-04,-0.08150497638720999
2020-09-05,-0.07240427733089749
2020-09-06,-0.05090934073015063
2020-09-07,0.007509422022131673
2020-09-08,-0.009715446879564382
2020-09-09,0.010478907242737812
2020-09-10,0.059817935702687564
2020-09-11,-0.0019951817000078975
2020-09-12,0.019547518074555903
2020-09-13,0.0015933659476772277
2020-09-14,-0.009833174320608151
2020-09-15,0.002793610191734963
2020-09-16,-0.01947152154924936
2020-09-17,0.04622209876246952
2020-09-18,0.00726270016468078
2020-09-19,-0.0031668672424229882
2020-09-20,-0.018026852608736377
2020-09-21,-0.05349606898750192
2020-09-22,-0.04067537469073468
2020-09-23,-0.017144496397229148
2020-09-24,-0.005766844955514827
2020-09-25,0.03595477134290448
2020-09-26,0.015116503762696354
2020-09-27,0.007284724608306092
2020-09-28,0.01614303648228166
2020-09-29,-0.01405252475561003
2020-09-30,0.0020973697920885215
2020-10-01,0.010748847075654488
2020-10-02,-0.04369780716927618
2020-10-03,0.007168903583608888
2020-10-04,0.0033673741616411235
2020-10-05,0.011030860741471749
2020-10-06,-0.008206655498729454
2020-10-07,-0.028407407962063758
2020-10-08,0.01124526294246131
2020-10-09,0.03837887390828598
2020-10-10,0.04516799668281557
2020-10-11,-0.0007818587750927364
2020-10-12,0.015556480572113784
2020-10-13,0.008615751407869077
2020-10-14,-0.005503314165571815
2020-10-15,-0.008873032086802901
2020-10-16,-0.018969336204918363
2020-10-17,-0.006196268721428311
2020-10-18,0.015701816099094934
2020-10-19,0.011623270649111284
2020-10-20,-0.01059286558202377
2020-10-21,0.027294282284433535
2020-10-22,0.05651020797392459
2020-10-23,0.015490297137998432
2020-10-24,-0.0009402345947764346
2020-10-25,-0.00676027528411538
2020-10-26,-0.020108563909144728
2020-10-27,-0.004255256538501229
2020-10-28,-0.013891945543782924
2020-10-29,-0.013362602327605444
2020-10-30,-0.01660679564332046
2020-10-31,0.011499695429057155
2020-11-01,0.005805942784745
2020-11-02,0.003655814400213231
2020-11-03,-0.02559494061036549
2020-11-04,0.022349982054321593
2020-11-05,0.04447129634867064
2020-11-06,0.07402833573078738
2020-11-07,0.033577070018592
2020-11-08,-0.01753814311165236
2020-11-09,0.008204507184619736
2020-11-10,-0.0020297699025428884
2020-11-11,0.03349220221770732
2020-11-12,-0.006029334109872941
2020-11-13,0.014429468986747906
2020-11-14,-0.006118615158389851
2020-11-15,-0.019542231758149065
2020-11-16,0.0010505757748138222
2020-11-17,0.031688207752544884
2020-11-18,0.01581926752492091
2020-11-19,-0.007823573884677693
2020-11-20,0.048034731241704876
2020-11-21,0.050106653977320725
2020-11-22,0.04586540570491948
2020-11-23,0.0690648665504554
2020-11-24,0.03499391891506409
2020-11-25,-0.02635864971463775
2020-11-26,-0.12769558811008075
2020-11-27,-0.013527104635544518
2020-11-28,0.02135738189081593
2020-11-29,0.045983360071000234
2020-11-30,0.07599800754855757
2020-12-01,0.015978792533821284
2020-12-02,-0.01757174141842377
2020-12-03,0.022030725722597566
2020-12-04,-0.014394214363813163
2020-12-05,-0.01671146820990277
2020-12-06,0.01473734896749157
2020-12-07,-0.0033824773712023415
2020-12-08,-0.02533334498176565
2020-12-09,-0.03473661852687293
2020-12-10,0.00532466579609725
2020-12-11,-0.02932151953906903
2020-12-12,0.02295785359317204
2020-12-13,0.03907611950505441
2020-12-14,0.006317188076923941
2020-12-15,0.004668868277995841
2020-12-16,0.026021959145075435
2020-12-17,0.07716871743498466
2020-12-18,-0.007517448019187967
2020-12-19,0.015210364120931352
2020-12-20,-0.011379095580474896
2020-12-21,-0.03816825125052681
2020-12-22,-0.016942718125577017
2020-12-23,-0.0028366685905512057
2020-12-24,-0.0397935875974218
2020-12-25,0.047568666140604066
2020-12-26,0.02282964686961897
2020-12-27,0.04709511945525424
2020-12-28,0.09041686378787173
2020-12-29,-0.007258597315992432
2020-12-30,0.02270996222150412
2020-12-31,0.00703547434089824
2021-01-01,-0.00561790108628113
2021-01-02,0.017424166624634196
2021-01-03,0.13388935432644278
2021-01-04,0.16480466075579692
2021-01-05,0.042600826889695576
2021-01-06,0.0739725533709299
2021-01-07,0.07051753020017415
2021-01-08,-0.015709293705179483
2021-01-09,0.019802627296179764
2021-01-10,0.06254511405257368
2021-01-11,-0.19514323549409784
2021-01-12,0.012975158863133274
2021-01-13,-0.0176502491921271
2021-01-14,0.09129771017031452
2021-01-15,0.02283397303850876
2021-01-16,0.01740615847695004
2021-01-17,0.006552029991300223
2021-01-18,0.0016313217320842455
2021-01-19,0.10950838057753742
2021-01-20,-0.024400471191857953
2021-01-21,-0.06493780243654701
2021-01-22,-0.04743325770749607
2021-01-23,0.03941396854087653
2021-01-24,0.06015089022389031
2021-01-25,0.061738927385146525
2021-01-26,-0.055692045770253884
2021-01-27,-0.03449939685159187
2021-01-28,0.021605778714581803
2021-01-29,0.038192586456268884
2021-01-30,0.0
2021-01-31,-0.017043761963292603
2021-02-01,-0.01051850419121969
2021-02-02,0.08329097039041411
2021-02-03,0.08903619617090985
2021-02-04,0.044755760141194756
2021-02-05,0.017475587849948404
2021-02-06,0.01010409784915911
2021-02-07,-0.049085890920070874
2021-02-08,0.031185651634785927
2021-02-09,0.05390877530793947
2021-02-10,0.00795458739846211
2021-02-11,-0.0016992357529597157
2021-02-12,0.01686380605200455
2021-02-13,0.016035732059921592
2021-02-14,0.000548395955613401
2021-02-15,-0.024418527348145425
2021-02-16,0.001122964744623367
2021-02-17,0.011160830137528777
2021-02-18,0.057682385557464855
2021-02-19,0.014044444110774101
2021-02-20,0.027510649882016125
2021-02-21,-0.02338693269815373
2021-02-22,-0.07031649841746024
2021-02-23,-0.1433555882605706
2021-02-24,0.03934319462811153
2021-02-25,-0.017295057406348846
2021-02-26,-0.08040622129631725
2021-02-27,0.0033704110099055384
2021-02-28,-0.07400444712645449
2021-03-01,0.08004270767353638
2021-03-02,0.030305349495328926
2021-03-03,0.024360178935526555
2021-03-04,-0.011465093740209653
2021-03-05,-0.04520913975172647
2021-03-06,0.05794005644576661
2021-03-07,0.051767565205071975
2021-03-08,0.041182289966415375
2021-03-09,0.05385485229355069
2021-03-10,-0.00437876999584752
2021-03-11,-0.01715118114378722
2021-03-12,-0.006157310245214376
2021-03-13,0.03204694131465935
2021-03-14,0.02417523053198778
2021-03-15,-0.04616622118577496
2021-03-16,-0.01005595066087217
2021-03-17,0.002243410924077871
2021-03-18,0.012249596378489436
2021-03-19,-0.0016615899696601488
2021-03-20,0.01867160229306375
2021-03-21,-0.02758034718217317
2021-03-22,-0.012380574569553993
2021-03-23,-0.042805840997736766
2021-03-24,-0.007117467768863683
2021-03-25,-0.05380270599297621
2021-03-26,0.029705154413915302
2021-03-27,0.03475484605304846
2021-03-28,0.0017652255245694803
2021-03-29,0.032391495791235236
2021-03-30,0.03851997296781651
2021-03-31,0.013057856917456867
2021-04-01,0.04698673717028168
2021-04-02,0.04339732429798726
2021-04-03,0.031115782015926463
2021-04-04,-0.01982177539716723
2021-04-05,0.010201691586144257
2021-04-06,0.021043339870513655
2021-04-07,-0.03908820891768361
2021-04-08,-0.0019704439872993973
2021-04-09,0.023392879574705816
2021-04-10,0.029895464796626747
2021-04-11,0.0004673989334911255
2021-04-12,0.0032656898628840025
2021-04-13,0.035235857491692
2021-04-14,0.058082247565658385
2021-04-15,0.0427717259902769
2021-04-16,-0.010625355378936163
2021-04-17,-0.005355316609414018
2021-04-18,-0.10348060038811457
2021-04-19,0.013648983501106215
2021-04-20,-0.010447517240502968
2021-04-21,0.07051378432765798
2021-04-22,0.05384323202082264
2021-04-23,-0.08452180991334313
2021-04-24,-0.007929556967714468
2021-04-25,-0.0008849558099663923
2021-04-26,0.08929591315401897
2021-04-27,0.04046565573548744
2021-04-28,0.03926557397259689
2021-04-29,0.022547619412334186
2021-04-30,0.006920442844573493
2021-05-01,0.039150907561825044
2021-05-02,0.020384191720829392
2021-05-03,0.07825219689974805
2021-05-04,0.056261954792912405
2021-05-05,0.004771855162776006
2021-05-06,0.03536829260302987
2021-05-07,-0.003452247387230045
2021-05-08,0.048927385438943816
2021-05-09,0.06429837155753582
2021-05-10,0.042570336612127946
2021-05-11,-0.017162465776772606
2021-05-12,0.055861369663215754
2021-05-13,-0.09813742298905659
2021-05-14,0.03724586163284194
2021-05-15,-0.017037920097143555
2021-05-16,-0.052387290350282
2021-05-17,-0.08809304286037012
2021-05-18,0.010569681489686289
2021-05-19,-0.19194717401715877
2021-05-20,-0.048577872479854456
2021-05-21,-0.025584540700639202
2021-05-22,-0.11071016540506662
2021-05-23,-0.11014941080131191
2021-05-24,0.11397350723971567
2021-05-25,0.09268510108871286
2021-05-26,0.07625928169623375
2021-05-27,-0.00899448409533754
2021-05-28,-0.08010294319444089
2021-05-29,-0.062192020256447655
2021-05-30,-0.008788506033079457
2021-05-31,0.04961050055333427
2021-06-01,0.04382547954002991
2021-06-02,0.030539602415276867
2021-06-03,0.03860639670385524
2021-06-04,-0.04195399142388112
2021-06-05,0.0022329745043121463
2021-06-06,0.00037167813102101377
2021-06-07,0.02132433743833939
2021-06-08,-0.09694847997962608
2021-06-09,0.011159940455438111
2021-06-10,0.001584158747136577
2021-06-11,-0.03873013307207085
2021-06-12,-0.028370697129215472
2021-06-13,0.011361367738648376
2021-06-14,0.053362282262363614
2021-06-15,0.0223582563112128
2021-06-16,-0.04279575387710999
2021-06-17,-0.03083491977700703
2021-06-18,-0.048769287560627816
2021-06-19,-0.02485702768404696
2021-06-20,-0.025951832040803424
2021-06-21,-0.0716981616459833
2021-06-22,-0.062360518098587114
2021-06-23,0.04385536388358435
2021-06-24,-0.010657294473988443
2021-06-25,-0.03267078228954823
2021-06-26,-0.060295208498570396
2021-06-27,0.036827464848915525
2021-06-28,0.09516298749731078
2021-06-29,0.06275823275183523
2021-06-30,-0.003231020581447197
2021-07-01,-0.006493529310548141
2021-07-02,-0.032634723947146504
2021-07-03,0.05244647537254199
2021-07-04,0.05026630736284332
2021-07-05,-0.024150460232283066
2021-07-06,0.01893078765943823
2021-07-07,0.028376796549770766
2021-07-08,-0.07616441067119073
2021-07-09,-0.028772286374654676
2021-07-10,-0.0028288562004776807
2021-07-11,0.0023579355419043324
2021-07-12,-0.0108928379917419
2021-07-13,-0.051794673189730744
2021-07-14,-0.022826251014222976
2021-07-15,-0.0035980506562900416
2021-07-16,-0.017662796843039175
2021-07-17,-0.01212775212612005
2021-07-18,0.028244555360540602
2021-07-19,-0.04428768020111651
2021-07-20,-0.047470280881750426
2021-07-21,0.06880442335674175
2021-07-22,0.0534282169838729
2021-07-23,0.0266550825185341
2021-07-24,0.044769380859847274
2021-07-25,0.0041831341501064045
2021-07-26,0.07374347424554983
2021-07-27,-0.038204426645291
2021-07-28,0.02781022305995151
2021-07-29,0.004777424938892771
2021-07-30,0.03155912228725466
2021-07-31,0.03384557473816496
2021-08-01,0.05218575317057006
2021-08-02,0.0
2021-08-03,-0.034087531457558384
2021-08-04,0.029841240576107708
2021-08-05,0.051641396268881756
2021-08-06,0.034305584664961586
2021-08-07,0.0712386025885694
2021-08-08,0.019316364218278537
2021-08-09,-0.010430342278873184
2021-08-10,0.026513030511617686
2021-08-11,0.023649218193892096
2021-08-12,-0.03197992962232021
2021-08-13,0.028546181906362378
2021-08-14,0.022570134144483944
2021-08-15,-0.01913638642852611
2021-08-16,0.012695634213924833
2021-08-17,-0.026501940745506047
2021-08-18,-0.03832380112316969
2021-08-19,-0.000656814473529721
2021-08-20,0.06178341525600395
2021-08-21,0.008916277363489655
2021-08-22,-0.014801380302262857
2021-08-23,0.032098124676531725
2021-08-24,-0.01576745825270187
2021-08-25,-0.026635207252644122
2021-08-26,-0.017413769143587388
2021-08-27,0.012694553211941795
2021-08-28,0.022451831768970365
2021-08-29,-0.009605031240665696
2021-08-30,0.002487563471801124
2021-08-31,0.03569084021292035
2021-09-01,0.06889297637673408
2021-09-02,0.05390526483620306
2021-09-03,0.029252542837436835
2021-09-04,0.0059027503609261345
2021-09-05,0.0007673615928407429
2021-09-06,0.005355106511542473
2021-09-07,-0.06379278367038133
2021-09-08,-0.0704655116538806
2021-09-09,0.014725255243979163
2021-09-10,-0.03707912721821316
2021-09-11,-0.02408304231852476
2021-09-12,0.02645975169637005
2021-09-13,-0.034106218070173
2021-09-14,0.024265673475140304
2021-09-15,0.03475025745039595
2021-09-16,0.03999965938974093
2021-09-17,-0.032789822822991255
2021-09-18,-0.005763704716748919
2021-09-19,-0.022505699271061275
2021-09-20,-0.08060942650993042
2021-09-21,-0.05060212197995728
2021-09-22,-0.008801681736826161
2021-09-23,0.05619455834364118
2021-09-24,-0.046045621435029105
2021-09-25,-0.01937188870745743
2021-09-26,0.014648533097327388
2021-09-27,0.03717653476725857
2021-09-28,-0.057330931739108415
2021-09-29,-0.005189425242225099
2021-09-30,0.036107464645534826
2021-10-01,0.05563314429702082
2021-10-02,0.055698135775799074
2021-10-03,0.021907329648133356
2021-10-04,-0.014749529926062266
2021-10-05,0.019132298081157018
2021-10-06,0.02134491189629628
2021-10-07,0.01950040596712732
2021-10-08,0.00808366771249247
2021-10-09,-0.0033370442535769484
2021-10-10,-0.0137430293704206
2021-10-11,-0.0014130283543689615
2021-10-12,-0.014528100562911206
2021-10-13,0.003151413580802398
2021-10-14,0.058063800954760936
2021-10-15,0.028470727043906408
2021-10-16,0.01587541474065901
2021-10-17,-0.008296651168848257
2021-10-18,-0.011521468114102262
2021-10-19,0.002104710063983717
2021-10-20,0.037399587599381334
2021-10-21,0.05203985108777509
2021-10-22,-0.022603951814492262
2021-10-23,-0.005669927675857167
2021-10-24,0.008370309824965005
2021-10-25,0.01846056797199047
2021-10-26,0.011961865117500636
2021-10-27,-0.030912869587796266
2021-10-28,0.010491739524319144
2021-10-29,0.05707750441800208
2021-10-30,-0.007363125765039058
2021-10-31,-0.010446989964654207
2021-11-01,0.0044242708097392835
2021-11-02,0.028177330890521546
2021-11-03,0.03310310032749264
2021-11-04,-0.010765785623675583
2021-11-05,-0.005093577616431588
2021-11-06,-0.010938829914616477
2021-11-07,0.02745357275218474
2021-11-08,0.03392339026665603
2021-11-09,0.010708763754113448
2021-11-10,-0.012399024033989292
2021-11-11,-0.0072156510015126685
2021-11-12,-0.005124931140255029
2021-11-13,-0.006012472482185061
2021-11-14,-0.008652444202681409
2021-11-15,0.01337956946420249
2021-11-16,-0.07914993018365024
2021-11-17,-0.026567919764202585
2021-11-18,-0.005495175696443866
2021-11-19,-0.004081148384509348
2021-11-20,0.036840057395204795
2021-11-21,0.009690892638760218
2021-11-22,-0.04101336376780118
2021-11-23,0.008101068845332904
2021-11-24,0.012264304667160886
2021-11-25,0.02842479065693837
2021-11-26,-0.03760888912144367
2021-11-27,-0.025639358223218167
2021-11-28,-0.00828666696600422
2021-11-29,0.06421725073987439
2021-11-30,0.04070263922234574
2021-12-01,0.03315939298867043
2021-12-02,-0.03315939298867043
2021-12-03,-0.016889290347309682
2021-12-04,-0.10506174063319484
2021-12-05,0.034739305383627794
2021-12-06,-0.006755152346146431
2021-12-07,0.0516563366859657
2021-12-08,0.0009191177117617855
2021-12-09,-0.015507775196514473
2021-12-10,-0.04924513119217089
2021-12-11,-0.015806701046523486
2021-12-12,0.012370271547942124
2021-12-13,-0.034775236432869505
2021-12-14,-0.03470951897939578
2021-12-15,0.018282044837448552
2021-12-16,0.043303385371640246
2021-12-17,-0.0365971440915569
2021-12-18,0.007427361587140524
2021-12-19,0.007119277463214502
2021-12-20,-0.022288613203970797
2021-12-21,0.0356271776431516
2021-12-22,0.0037429862788336266
2021-12-23,-0.006496774475454714
2021-12-24,0.025248866023991567
2021-12-25,-0.006129723741105764
2021-12-26,-0.0024624489172726527
2021-12-27,0.004673480403942776
2021-12-28,-0.044920360912536594
2021-12-29,-0.031285137497034654
2021-12-30,-0.019251931499320918
2021-12-31,0.009137392249437326
2022-01-01,-0.002947088536249254
2022-01-02,0.011206093787876625
2022-01-03,0.00555630480933722
2022-01-04,0.001318391753258652
2022-01-05,-0.008467899236293874
2022-01-06,-0.0932395108757671
2022-01-07,-0.058875860076684106
2022-01-08,-0.020316373102346574
2022-01-09,-0.010474623622673818
2022-01-10,-0.011230665128216799
2022-01-11,0.015687851749545345
2022-01-12,0.04685206169128797
2022-01-13,0.007850281861372821
2022-01-14,-0.016068255367317263
2022-01-15,0.016068255367317263
2022-01-16,0.0021030501967782556
2022-01-17,-0.023073276164302214
2022-01-18,-0.029294709353013815
2022-01-19,-0.014012968151694949
2022-01-20,0.011479717905261921
2022-01-21,-0.1115800565209879
2022-01-22,-0.13368332597671717
2022-01-23,-0.004874095758245822
2022-01-24,-0.03775598834099991
2022-01-25,0.023815623187004142
2022-01-26,0.037679158420802494
2022-01-27,-0.036853735344634764
2022-01-28,0.006169051026715167
2022-01-29,0.049590328148150675
2022-01-30,0.013563470866474248
2022-01-31,-0.005403332328052457
2022-02-01,0.06371581438610718
2022-02-02,-0.0061919702479205085
2022-02-03,-0.035326223958408676
2022-02-04,0.06944696973133979
2022-02-05,0.06195308431669044
2022-02-06,-0.0016608540605709265
2022-02-07,0.028835549639888214
2022-02-08,0.0048332621880184945
2022-02-09,0.01436118506812889
2022-02-10,0.009774632451570398
2022-02-11,-0.04262782863875891
2022-02-12,-0.042815904198507226
2022-02-13,-0.004796172263493048
2022-02-14,-0.006546104340441339
2022-02-15,0.05938353560510823
2022-02-16,0.0183965168765976
2022-02-17,-0.03316298699289888
2022-02-18,-0.05573987741483233
2022-02-19,-0.030880892175333408
2022-02-20,-0.04309265511496285
2022-02-21,0.009737904665810149
2022-02-22,-0.03953384454427944
2022-02-23,0.034302143523179396
2022-02-24,-0.08113609901346841
2022-02-25,0.07850994856400106
2022-02-26,0.046963875860354776
2022-02-27,-0.02173998663640564
2022-02-28,-0.011049836186585615
2022-03-01,0.08379633774198592
2022-03-02,0.010840214552865213
2022-03-03,-0.02940382772780392
2022-03-04,-0.0652327245670472
2022-03-05,-0.02171556691014942
2022-03-06,-0.004172204041977601
2022-03-07,-0.0344128292908934
2022-03-08,0.006665384410388775
2022-03-09,0.05585497257094474
2022-03-10,-0.0342074322317103
2022-03-11,-0.012312583403182309
2022-03-12,0.001160766235962285
2022-03-13,-0.00465117117573044
2022-03-14,-0.005063301956546695
2022-03-15,0.003897121066363418
2022-03-16,0.04189493097007002
2022-03-17,0.036980234247429244
2022-03-18,0.019224515168629885
2022-03-19,0.03431284461017814
2022-03-20,-0.016835992928379895
2022-03-21,0.002768167857612802
2022-03-22,0.0336366006612705
2022-03-23,-0.007377632390092259
2022-03-24,0.03082265539787521
2022-03-25,0.0213117526737161
2022-03-26,-0.002879541263419938
2022-03-27,0.015262617420141567
2022-03-28,0.05464834152040687
2022-03-29,0.018354570926575775
2022-03-30,-0.005589071763406395
2022-03-31,-0.007401958295668365
2022-04-01,-0.006559355658730226
2022-04-02,0.039876288731843346
2022-04-03,0.0025836098769289606
2022-04-04,-0.0011474470564767358
2022-04-05,0.002007169132642872
2022-04-06,-0.05838922472867303
2022-04-07,-0.024282736078905742
2022-04-08,0.012676008345211542
2022-04-09,-0.010810916104215806
2022-04-10,0.011732150623537052
2022-04-11,-0.0535898780173234
2022-04-12,-0.024587372014366338
2022-04-13,0.017111309240011252
2022-04-14,0.001629992210931519
2022-04-15,-0.013775226023904352
2022-04-16,0.003955179842927592
2022-04-17,0.0029561525879877593
2022-04-18,-0.029624399670148627
2022-04-19,0.03746501481237896
2022-04-20,0.006487210554585232
2022-04-21,-0.0019417481829115957
2022-04-22,-0.03293020628604815
2022-04-23,-0.00908027089800445
2022-04-24,-0.004740950295530233
2022-04-25,-0.018154292046440368
2022-04-26,0.016795596185247064
2022-04-27,-0.02652127201254295
2022-04-28,0.017644463979709535
2022-04-29,-0.0148560341492594
2022-04-30,-0.021105250489433125
2022-05-01,-0.012520285175567025
2022-05-02,0.01995789693633654
2022-05-03,-0.0035348216374933017
2022-05-04,0.009866182921054012
2022-05-05,0.0035001785822093012
2022-05-06,-0.05383431105610992
2022-05-07,-0.01298960553993389
2022-05-08,-0.046644540882547325
2022-05-09,-0.06341716705034539
2022-05-10,-0.016821254490142934
2022-05-11,-0.0327615506752954
2022-05-12,-0.15312870733156547
2022-05-13,0.05707328934532363
2022-05-14,-0.026889911522225418
2022-05-15,0.023023304481578855
2022-05-16,-0.011690342585287894
2022-05-17,0.013142072818475015
2022-05-18,-0.027949845855667732
2022-05-19,-0.02059856804061777
2022-05-20,0.015613512851698985
2022-05-21,-0.015106027431013302
2022-05-22,0.01610502851309814
2022-05-23,0.018793827144026665
2022-05-24,-0.03540634107781049
2022-05-25,0.0015216842905809713
2022-05-26,-0.05148004322424793
2022-05-27,-0.061058280400497544
2022-05-28,0.004527455384963908
2022-05-29,0.0123458358222992
2022-05-30,0.06006674174617732
2022-05-31,0.033568863287815276
2022-06-01,-0.03567191348459353
2022-06-02,-0.04191908733462846
2022-06-03,-0.01827799431118482
2022-06-04,-0.008983777434511175
2022-06-05,0.015113637810048708
2022-06-06,0.04135518568191365
2022-06-07,-0.05252848628003903
2022-06-08,0.013393057336437586
2022-06-09,-0.0027754666720349874
2022-06-10,-0.0310496294816085
2022-06-11,-0.08680289163497079
2022-06-12,-0.07598590697792229
2022-06-13,-0.15201620729862508
2022-06-14,-0.06323013419179624
2022-06-15,-0.04887384967933439
2022-06-16,0.007005282588409045
2022-06-17,-0.05193646985879763
2022-06-18,-0.07538140706227914
2022-06-19,0.018655425661501468
2022-06-20,0.07313473606717036
2022-06-21,0.03465473390606011
2022-06-22,-0.0519830288671308
2022-06-23,0.013705102591649698
2022-06-24,0.07092687426552757
2022-06-25,0.027513198547725715
2022-06-26,0.015504186535965303
2022-06-27,-0.020450610471291597
2022-06-28,-0.01582706923548649
2022-06-29,-0.058789614616856944
2022-06-30,-0.07007474386790591
2022-07-01,0.017984393855252634
2022-07-02,-0.011320875624481808
2022-07-03,0.007561472700576388
2022-07-04,0.025105921131076236
2022-07-05,0.03960913809504607
2022-07-06,0.007912129187949368
2022-07-07,0.04870676481155822
2022-07-08,0.029583094034563828
2022-07-09,-0.013040119580806753
2022-07-10,-0.029977265502884265
2022-07-11,-0.033522692038643775
2022-07-12,-0.06593810149199442
2022-07-13,-0.004679465721959097
2022-07-14,0.05475820397384634
2022-07-15,0.08017932902766667
2022-07-16,0.029877070862944777
2022-07-17,0.07433524488197296
2022-07-18,0.07262977528441095
2022-07-19,0.05997800039073553
2022-07-20,0.009014871096216126
2022-07-21,-0.024660561821951532
2022-07-22,0.039928033952739916
2022-07-23,-0.026224720011210678
2022-07-24,0.032518006986999914
2022-07-25,-0.04425217030864825
2022-07-26,-0.08266910445575615
2022-07-27,0.06213178110700657
2022-07-28,0.10956851705803139
2022-07-29,0.028970397297113593
2022-07-30,-0.0023337233462203955
2022-07-31,-0.004683849312426602
2022-08-01,-0.02315330497471635
2022-08-02,-0.03297001923757037
2022-08-03,0.019059906835399154
2022-08-04,-0.013488861785943662
2022-08-05,0.030397477184370914
2022-08-06,0.028919099972048556
2022-08-07,-0.014059985568298572
2022-08-08,0.0359250683725465
2022-08-09,-0.014330999064716465
2022-08-10,0.013192046777585453
2022-08-11,0.0746369327584917
2022-08-12,0.0031679012765568615
2022-08-13,0.04484131790980328
2022-08-14,-0.004546610509595261
2022-08-15,-0.027202087804984565
2022-08-16,-0.019438489648126556
2022-08-17,-0.007454773608022158
2022-08-18,-0.0075107649213830285
2022-08-19,-0.06737866613241028
2022-08-20,-0.07039279760185924
2022-08-21,-0.0068217318809242755
2022-08-22,-0.01694423971649961
2022-08-23,0.02808296874282501
2022-08-24,0.015267472130788384
2022-08-25,0.027497249457222317
2022-08-26,-0.03969252255104028
2022-08-27,-0.0884625130371024
2022-08-28,-0.004029555486001257
2022-08-29,-0.0006731740409042786
2022-08-30,0.04412964950636411
2022-08-31,0.015979886219874118
2022-09-01,-0.012121360532344916
2022-09-02,0.02221608347935522
2022-09-03,-0.02221608347935522
2022-09-04,0.0012828738128893846
2022-09-05,0.012739025777429802
2022-09-06,0.03421795731034116
2022-09-07,-0.055325232758288045
2022-09-08,0.05226244322774232
2022-09-09,0.04145982787112423
2022-09-10,0.018081565819891843
2022-09-11,0.020029281875572735
2022-09-12,-0.017719812026910198
2022-09-13,-0.04240918192509291
2022-09-14,-0.03801806718752143
2022-09-15,-0.02403657782824098
2022-09-16,-0.0709611507940382
2022-09-17,-0.007588860152822008
2022-09-18,-0.016760168857464564
2022-09-19,-0.06547792937950714
2022-09-20,0.01714540695498812
2022-09-21,-0.017897569457542062
2022-09-22,-0.033668061383925085
2022-09-23,0.02231720171523488
2022-09-24,0.012103022171244149
2022-09-25,-0.011342276603934387
2022-09-26,-0.002283975107831182
2022-09-27,0.036667033147431916
2022-09-28,-0.03742951888776602
2022-09-29,0.015140334631412067
2022-09-30,0.004497758706831334
2022-10-01,-0.01052641298698731
2022-10-02,-0.015232586990110875
2022-10-03,0.0007671653617533636
2022-10-04,0.030213778596496432
2022-10-05,0.002229655327268709
2022-10-06,0.013274531208696594
2022-10-07,-0.01476041558312069
2022-10-08,-0.012719961999560603
2022-10-09,-0.006042314455962483
2022-10-10,-0.0045558165358610125
2022-10-11,-0.023874834428919023
2022-10-12,0.009309609518001416
2022-10-13,-0.017920230233570145
2022-10-14,0.03400636798519496
2022-10-15,-0.02150620522096336
2022-10-16,0.0
2022-10-17,0.0222657950789813
2022-10-18,0.0037893186683506386
2022-10-19,-0.01755100374103158
2022-10-20,-0.006952519314881833
2022-10-21,-0.0015515906914185251
2022-10-22,0.013878403172077114
2022-10-23,0.009146405226076126
2022-10-24,0.020278576973487006
2022-10-25,0.03219005071840453
2022-10-26,0.0947209624642884
2022-10-27,0.015594857957906605
2022-10-28,-0.014940193450073025
2022-10-29,0.05103148001244584
2022-10-30,-0.002490661312451792
2022-10-31,-0.013178728545447882
2022-11-01,0.0006315124933591321
2022-11-02,-0.013986241974739855
2022-11-03,-0.012886776276356926
2022-11-04,0.03504659409173794
2022-11-05,0.027178942875078604
2022-11-06,-0.014114993471654458
2022-11-07,-0.02313326040896424
2022-11-08,-0.08030628868668721
2022-11-09,-0.16263988992370226
2022-11-10,0.043399315534554894
2022-11-11,0.024410060198569283
2022-11-12,-0.007564332588926526
2022-11-13,-0.0594389165386735
2022-11-14,-0.009716675638572703
2022-11-15,0.024116924478312818
2022-11-16,-0.023303585677884264
2022-11-17,-0.020534602441707683
2022-11-18,0.007441125694688466
2022-11-19,-0.00412712100465118
2022-11-20,-0.014161002989497185
2022-11-21,-0.06141142455313542
2022-11-22,-0.010762435721792585
2022-11-23,0.046683950061488844
2022-11-24,0.031345217615657894
2022-11-25,-0.0075345689219394885
2022-11-26,0.020790769669074116
2022-11-27,0.0
2022-11-28,-0.03603238563769118
2022-11-29,0.02859740715017356
2022-11-30,0.05328136661293659
2022-12-01,0.007050557996666207
2022-12-02,0.0
2022-12-03,-0.005479465764625324
2022-12-04,-0.008671713781617463
2022-12-05,0.014151179546242787
2022-12-06,-0.018117864636348457
2022-12-07,-0.01360565205577835
2022-12-08,0.004823160475429411
2022-12-09,0.02377291035250284
2022-12-10,-0.007072721035368268
2022-12-11,0.003935463560235775
2022-12-12,-0.015037877364540542
2022-12-13,0.03217225294077153
2022-12-14,0.02214676236331581
2022-12-15,-0.031456371881317224
2022-12-16,-0.04300025504960203
2022-12-17,-0.04238274535450248
2022-12-18,0.005080451232418959
2022-12-19,-0.002536999246588678
2022-12-20,0.02177640490016941
2022-12-21,0.00495868784651865
2022-12-22,-0.003303058329257702
2022-12-23,0.009057287112510082
2022-12-24,0.0
2022-12-25,-0.0024620447397758483
2022-12-26,0.001642036493744392
2022-12-27,-0.0008206812114286421
2022-12-28,-0.017391742711869718
2022-12-29,0.0
2022-12-30,-0.0016722411923622005
2022-12-31,0.0033416906619034847
2023-01-01,-0.0008343763521194703
2023-01-02,0.01161838795386494
2023-01-03,0.0016488049901841606
2023-01-04,0.028422538506133854
2023-01-05,0.0023990415344661287
2023-01-06,0.0023932999058402515
2023-01-07,0.007936549595736864
2023-01-08,0.0007902015425003128
2023-01-09,0.0402531123583314
2023-01-10,0.009815103332659447
2023-01-11,0.0037495357014787345
2023-01-12,0.04964523048916547
2023-01-13,0.0085106896679088
2023-01-14,0.08134563945395268
2023-01-15,0.0006508298309784166
2023-01-16,0.016134586861035416
2023-01-17,0.006381642589520453
2023-01-18,-0.003824096438403757
2023-01-19,-0.021950526250211766
2023-01-20,0.02641055275774118
2023-01-21,0.04960719476274633
2023-01-22,-0.014011804020215735
2023-01-23,0.0006133088202053827
2023-01-24,-0.0055333679456550655
2023-01-25,-0.040899062841360134
2023-01-26,0.03223027790491351
2023-01-27,-0.01440676342753111
2023-01-28,0.0
2023-01-29,0.01689123675519255
2023-01-30,-0.008097210232619112
2023-01-31,-0.01322021142813501
2023-02-01,0.007575793808458187
2023-02-02,0.0502864984303697
2023-02-03,-0.013245226750020933
2023-02-04,0.0108500160240661
2023-02-05,-0.009638628837769225
2023-02-06,-0.010955678660974577
2023-02-07,0.004274815670142651
2023-02-08,0.01571979166070303
2023-02-09,-0.02859945452436463
2023-02-10,-0.051943278160840656
2023-02-11,-0.01045761164395742
2023-02-12,0.007853443505569935
2023-02-13,-0.023747817850036768
2023-02-14,0.016551188817997442
2023-02-15,0.036742773125850725
2023-02-16,0.06730368189610658
2023-02-17,-0.010110106930295792
2023-02-18,0.01306431882772685
2023-02-19,0.0005897965372980707
2023-02-20,0.0005894488823781074
2023-02-21,-0.00828407104342066
2023-02-22,-0.028935110859451996
2023-02-23,0.013365934095208587
2023-02-24,-0.014589924456097414
2023-02-25,-0.021665966644245138
2023-02-26,0.007481331652289036
2023-02-27,0.017241806434506124
2023-02-28,-0.0048959706122069235
2023-03-01,0.010375436376832248
2023-03-02,-0.0018231545615154943
2023-03-03,-0.04414767255784735
2023-03-04,-0.0025461503252453
2023-03-05,0.0019102202561196435
2023-03-06,-0.0019102202561196435
2023-03-07,-0.0019138761822841133
2023-03-08,-0.0051216501200546105
2023-03-09,-0.024034934171401012
2023-03-10,-0.07365290957476489
2023-03-11,0.023777343946956186
2023-03-12,0.026595498646220683
2023-03-13,0.08695529645797162
2023-03-14,0.0481730706601855
2023-03-15,-0.011232751862968016
2023-03-16,-0.014371504837653148
2023-03-17,0.03787434929243538
2023-03-18,0.045410753180607166
2023-03-19,-0.00556484463340734
2023-03-20,-0.013483350337287092
2023-03-21,0.00282406287661896
2023-03-22,0.006745388139531627
2023-03-23,-0.007309563048712775
2023-03-24,0.007309563048712775
2023-03-25,-0.020374219195137044
2023-03-26,0.009106494348794847
2023-03-27,-0.011969364898472001
2023-03-28,-0.004597709248629123
2023-03-29,0.03564733873023762
2023-03-30,-0.0022259330281544365
2023-03-31,0.009426185680545096
2023-04-01,0.006600684031352166
2023-04-02,-0.007152712750863266
2023-04-03,-0.007204242851847731
2023-04-04,0.02417700178368687
2023-04-05,0.0352036351929792
2023-04-06,-0.014252022707201384
2023-04-07,-0.008542497223114509
2023-04-08,0.002142475377647557
2023-04-09,-0.009677494882065929
2023-04-10,0.010747013700592056
2023-04-11,0.02219964316616352
2023-04-12,-0.01156690078179512
2023-04-13,0.04042000998066797
2023-04-14,0.06345871031711692
2023-04-15,-0.0019083975257601082
2023-04-16,0.004288784272217683
2023-04-17,-0.0071582267001710775
2023-04-18,0.002391773443470413
2023-04-19,-0.035500932050749334
2023-04-20,-0.03578109088768944
2023-04-21,-0.021785093907142006
2023-04-22,-0.023343234998829843
2023-04-23,0.0005366246439475475
2023-04-24,-0.008079763858411582
2023-04-25,-0.00869098354742004
2023-04-26,0.032208903369618014
2023-04-27,0.0
2023-04-28,0.004743091896012963
2023-04-29,-0.000525900616906938
2023-04-30,0.002101945072372935
2023-05-01,-0.03308732989097862
2023-05-02,0.001084598804804493
2023-05-03,0.012389062314160704
2023-05-04,0.013294532420534466
2023-05-05,0.020392863563140295
2023-05-06,-0.001554001866733934
2023-05-07,-0.01147040730531046
2023-05-08,-0.026569044247712448
2023-05-09,-0.007025157236166812
2023-05-10,0.0027078272705853834
2023-05-11,-0.01855948468817381
2023-05-12,-0.02172182314683546
2023-05-13,0.013978421623840553
2023-05-14,0.0011098780273615105
2023-05-15,0.012128042813274398
2023-05-16,-0.0038429912791677623
2023-05-17,-0.002202644062342607
2023-05-18,0.0005511160238693691
2023-05-19,-0.003864205746829441
2023-05-20,0.003864205746829441
2023-05-21,-0.001102535944100147
2023-05-22,0.0
2023-05-23,0.020202707317519497
2023-05-24,-0.01910017137341935
2023-05-25,-0.01219527309381796
2023-05-26,0.013846801132291198
2023-05-27,0.005485477276670814
2023-05-28,0.01250356055940216
2023-05-29,0.026127852581034894
2023-05-30,0.0021030501967782556
2023-05-31,-0.016415512907221874
2023-06-01,-0.004280370366172903
2023-06-02,0.012786535423593648
2023-06-03,0.005806297653022874
2023-06-04,0.0005261773338967046
2023-06-05,-0.026113927282303884
2023-06-06,-0.00922165471745462
2023-06-07,0.014069496153580552
2023-06-08,-0.008634700167623244
2023-06-09,-0.0016273396593753375
2023-06-10,-0.043267980248515414
2023-06-11,-0.005685063634608412
2023-06-12,-0.006865015519680107
2023-06-13,0.0011474470564767358
2023-06-14,-0.008638118785634141
2023-06-15,-0.047374163123691915
2023-06-16,0.019219810849016916
2023-06-17,0.02988795571376457
2023-06-18,0.0011540682181063744
2023-06-19,-0.004045079193808476
2023-06-20,0.009221967373342466
2023-06-21,0.05252603969510439
2023-06-22,0.03266689395474831
2023-06-23,-0.005282632464427728
2023-06-24,-0.00052980133689573
2023-06-25,0.006865619785981991
2023-06-26,-0.013245226750020933
2023-06-27,0.0010660981819974324
2023-06-28,-0.011251123240362482
2023-06-29,-0.0032379952737757733
2023-06-30,0.02139118998131817
2023-07-01,0.01678948147654946
2023-07-02,-0.0015620935225379995
2023-07-03,0.01960847138837618
2023-07-04,-0.00255820042303867
2023-07-05,-0.01600860420448047
2023-07-06,-0.008888947417246662
2023-07-07,-0.022305757514297753
2023-07-08,-0.0005372011947617494
2023-07-09,0.00375436214653746
2023-07-10,0.0
2023-07-11,0.004273510777381695
2023-07-12,0.004255325570138524
2023-07-13,0.012658396871922939
2023-07-14,0.03805086288170223
2023-07-15,-0.023999109426051213
2023-07-16,-0.0015515906914194133
2023-07-17,-0.008838113157716876
2023-07-18,-0.0073375591263173945
2023-07-19,0.002626741725718418
2023-07-20,-0.002626741725718418
2023-07-21,-0.004217191279106025
2023-07-22,-0.0015860431556342647
2023-07-23,-0.006369448285480139
2023-07-24,-0.009630893060961654
2023-07-25,-0.002152853361100604
2023-07-26,0.0026903432961047358
2023-07-27,0.005359069631838409
2023-07-28,-0.0010695188185261273
2023-07-29,0.003738322110606873
2023-07-30,-0.0005331911616588414
2023-07-31,-0.00588394315897478
2023-08-01,-0.013502770641215633
2023-08-02,0.007584001681038899
2023-08-03,-0.007040375682328737
2023-08-04,-0.0021762794225947957
2023-08-05,-0.0016353233407313539
2023-08-06,0.0005454049767052993
2023-08-07,-0.001637108141899546
2023-08-08,0.005989672140741753
2023-08-09,0.008110344537453962
2023-08-10,-0.002156335067346582
2023-08-11,-0.0027019740837301853
2023-08-12,0.0010816658707408777
2023-08-13,0.0005403945011268618
2023-08-14,-0.002163332374257365
2023-08-15,-0.0037971295962089258
2023-08-16,-0.008733679968754515
2023-08-17,-0.031182927436687713
2023-08-18,-0.05343896215556043
2023-08-19,-0.005384398291234049
2023-08-20,0.004190368298626623
2023-08-21,-0.0005975500625972074
2023-08-22,-0.01202660316579962
2023-08-23,0.000604777762612585
2023-08-24,0.006628526830907866
2023-08-25,-0.007233304593520451
2023-08-26,-0.0012106539008955863
2023-08-27,0.0018154316635081713
2023-08-28,-0.003027553024037566
2023-08-29,0.019219810849016916
2023-08-30,0.018857364915503716
2023-08-31,-0.012926149425539712
2023-09-01,-0.029405058886206703
2023-09-02,-0.006108754488320933
2023-09-03,0.0024479816386397957
2023-09-04,-0.0012232417427435749
2023-09-05,-0.002450981619140258
2023-09-06,0.001226241723244037
2023-09-07,0.0024479816386397957
2023-09-08,0.0012217472503230908
2023-09-09,-0.0018331810816611949
2023-09-10,-0.006134988567516153
2023-09-11,-0.024923408452456997
2023-09-12,0.002520480225335575
2023-09-13,0.006273546297237864
2023-09-14,0.016129381929883557
2023-09-15,0.0012300124552000469
2023-09-16,0.006738157193977301
2023-09-17,-0.00550965581096996
2023-09-18,0.006729912216198564
2023-09-19,0.0012187691941294432
2023-09-20,-0.006108754488320933
2023-09-21,-0.01855340789574811
2023-09-22,-0.0056338177182553295
2023-09-23,0.0006275494401117854
2023-09-24,-0.0006275494401117854
2023-09-25,-0.007561472700576388
2023-09-26,0.0050473293272439435
2023-09-27,0.006898741691156118
2023-09-28,0.018576385572935727
2023-09-29,0.021245108613736186
2023-09-30,0.006584878627483803
2023-10-01,0.0041679131487777354
2023-10-02,0.014745180157709648
2023-10-03,-0.02850549299792693
2023-10-04,-0.01029376331332088
2023-10-05,-0.006105025066802661
2023-10-06,0.0
2023-10-07,0.004277427847778625
2023-10-08,-0.00488998529419149
2023-10-09,-0.017929382914499747
2023-10-10,-0.016352565646513995
2023-10-11,-0.007638483988785083
2023-10-12,-0.010276262557384896
2023-10-13,-0.0019386112695016777
2023-10-14,0.0038734715957975396
2023-10-15,0.0032164710908340055
2023-10-16,0.014663954187014383
2023-10-17,0.0
2023-10-18,-0.005712487765391572
2023-10-19,-0.008309411824927615
2023-10-20,0.025349899895526384
2023-10-21,0.00934295179898914
2023-10-22,0.013547005206144824
2023-10-23,0.032493833476445744
2023-10-24,0.06531530639551786
2023-10-25,-0.008354267469858456
2023-10-26,0.009462915033521924
2023-10-27,-0.012263252903840893
2023-10-28,0.001681143573303956
2023-10-29,0.0011191942970150137
2023-10-30,0.007799482434823979
2023-10-31,0.0005547850350344774
2023-11-01,0.005530987551533251
2023-11-02,0.007692345623155461
2023-11-03,-0.012668855755437747
2023-11-04,0.018127384592556695
2023-11-05,0.023137970608869907
2023-11-06,0.0063626937878282774
2023-11-07,-0.004237294475514908
2023-11-08,0.0015910902322415765
2023-11-09,0.03744587257599097
2023-11-10,0.06902690187609206
2023-11-11,-0.01826973893017403
2023-11-12,-0.0053515087580056075
2023-11-13,0.006321440938798162
2023-11-14,-0.0146486994429047
2023-11-15,-0.01386847388767709
2023-11-16,0.01041934506795883
2023-11-17,-0.032608858612282354
2023-11-18,-0.006138126688785661
2023-11-19,0.007666789406850505
2023-11-20,0.028609228489210103
2023-11-21,-0.009945382819887882
2023-11-22,0.007964203370478096
2023-11-23,0.022549975117040155
2023-11-24,0.011566394005948943
2023-11-25,-0.0028790806835665705
2023-11-26,-0.002887393728835619
2023-11-27,-0.020940623966425598
2023-11-28,0.0004920049299741436
2023-11-29,0.006374132883224526
2023-11-30,-0.004408530284766066
2023-12-01,0.024728532775723622
2023-12-02,0.011428695823623158
2023-12-03,0.02478499561043801
2023-12-04,0.030029553995942315
2023-12-05,0.002238639842457424
2023-12-06,0.01465065050485137
2023-12-07,0.006151161749953893
2023-12-08,0.03401835022751243
2023-12-09,-0.0008470987376520966
2023-12-10,-0.004246290881450676
2023-12-11,-0.04838599053945014
2023-12-12,-0.011680276547704871
2023-12-13,-0.006346349496288539
2023-12-14,0.035734038690923065
2023-12-15,-0.006603589922610453
2023-12-16,-0.008873172680487151
2023-12-17,-0.009852296443011
2023-12-18,-0.023219800321284012
2023-12-19,0.019612943390290738
2023-12-20,-0.0022609098484656087
2023-12-21,0.006317710544079702
2023-12-22,0.03143938372511901
2023-12-23,-0.00043601483141131325
2023-12-24,0.0
2023-12-25,-0.006563138850776973
2023-12-26,-0.01726852740837259
2023-12-27,0.021211577424026018
2023-12-28,0.04111928307596102
2023-12-29,-0.01949214255988352
2023-12-30,-0.016828876130157155
2023-12-31,-0.0008707009692443535
2024-01-01,0.0034782643763255905
2024-01-02,0.03245374484973773
2024-01-03,-0.03723948380761577
2024-01-04,-0.02115548268154921
2024-01-05,0.00044533512203326353
2024-01-06,-0.001336600778180319
2024-01-07,-0.00044593088810263026
2024-01-08,0.005781648304673759
2024-01-09,0.01758287055786667
2024-01-10,0.050966443592026955
2024-01-11,0.07765093423006597
2024-01-12,-0.0011500863832365482
2024-01-13,-0.022106775781030485
2024-01-14,-0.0035356548323077774
2024-01-15,-0.008298802814694639
2024-01-16,0.00987174847915373
2024-01-17,0.0023547891571880086
2024-01-18,-0.016601171775389112
2024-01-19,-0.014856727788840729
2024-01-20,0.00040444894383462326
2024-01-21,0.0004042854310171151
2024-01-22,-0.03412458549410857
2024-01-23,-0.05590449518035445
2024-01-24,-0.014254138892100698
2024-01-25,-0.005398123769557728
2024-01-26,0.010320935232773998
2024-01-27,0.012863339930755835
2024-01-28,0.0030803104663803538
2024-01-29,0.0
2024-01-30,0.023877843789535724
2024-01-31,-0.003868476777920904
2024-02-01,-0.01825344030935039
2024-02-02,0.011338978880518269
2024-02-03,0.002165909445376535
2024-02-04,-0.0052060855111992765
2024-02-05,0.002172497052600697
2024-02-06,0.014649120216231104
2024-02-07,0.01990326129042863
2024-02-08,0.017868748856947114
2024-02-09,0.01917252282340165
2024-02-10,0.008449054486527885
2024-02-11,0.007583353044521068
2024-02-12,0.008709477065441895
2024-02-13,0.042444642627819995
2024-02-14,0.023152639857993762
2024-02-15,0.034467406069385476
2024-02-16,0.003204560335375639
2024-02-17,-0.012520285175567025
2024-02-18,0.010741241831412118
2024-02-19,0.036367644170875124
2024-02-20,0.008888947417245774
2024-02-21,0.00102058182017295
2024-02-22,0.009812293242750236
2024-02-23,-0.0064178568538064695
2024-02-24,0.005744229344331941
2024-02-25,0.025612575856725606
2024-02-26,0.02240717224994704
2024-02-27,0.03842992578443827
2024-02-28,0.021098474107404286
2024-02-29,0.037415290572663906
2024-03-01,-0.00760682427483772
2024-03-02,0.0049802358685262504
2024-03-03,0.0035005870052824406
2024-03-04,0.02530324759873004
2024-03-05,0.037887539894660094
2024-03-06,0.02750240743312915
2024-03-07,0.015569650841575466
2024-03-08,0.026358115066814847
2024-03-09,-0.002809349312919096
2024-03-10,0.0017886806864186866
2024-03-11,0.01545312574808655
2024-03-12,0.005765149443318407
2024-03-13,0.002994761409681246
2024-03-14,-0.022172740050407924
2024-03-15,-0.053373901869886
2024-03-16,-0.012167244871045924
2024-03-17,-0.026741772709550915
2024-03-18,-0.0036389123429394488
2024-03-19,-0.06877256084806227
2024-03-20,-0.011176675778063583
2024-03-21,0.06440561437147174
2024-03-22,-0.030068758507466598
2024-03-23,-0.012998705920695741
2024-03-24,0.002672607381475345
2024-03-25,0.041248949625297016
2024-03-26,0.02778346240059726
2024-03-27,-0.01449704786986139
2024-03-28,-0.0022490872567519915
2024-03-29,-0.005361943141384273
2024-03-30,-0.004537727582137663
2024-03-31,0.023596600438397175
2024-04-01,-0.01877594740522781
2024-04-02,-0.05914057504394066
2024-04-03,-0.0051151006667709
2024-04-04,0.006015055729761798
2024-04-05,-0.011156455230180384
2024-04-06,0.01205560110223658
2024-04-07,0.016047892690012944
