Date,CRIX,ETH,expected_return,abnormal_return
2017-09-08,-0.0142113353673325,-0.0360208660548524,-0.005848025191525356,-0.03017284086332704
2017-09-09,-0.0261250771612084,-0.0564608312233216,-0.011152681712512784,-0.04530814951080882
2017-09-10,0.0095301919132486,-0.0287714715705682,0.004723015350235717,-0.033494486920803916
2017-09-11,-0.0152314810545037,0.0105397982870787,-0.006302250452189611,0.01684204873926831
2017-09-12,-0.0548869305803823,0.0184257761750812,-0.02395904900965639,0.04238482518473759
2017-09-13,-0.2439594870869941,-0.0919843787500598,-0.10814460440990209,0.016160225659842292
2017-09-14,0.1409338894803671,-0.0823231122501662,0.0632312064157484,-0.14555431866591462
2017-09-15,0.0033963126835878,-0.0687355698525058,0.001991873193764331,-0.07072744304627013
2017-09-16,-0.0053533447180456,0.0797993915249533,-0.0019039580232458433,0.08170334954819915
2017-09-17,0.1206318259696308,-0.0181730100100594,0.054191605301756846,-0.07236461531181625
2017-09-18,-0.0178068789903429,0.1310115179807924,-0.007448959999102028,0.13846047797989444
2017-09-19,-0.0169250587182485,-0.00356977373134,-0.007056324860819192,0.003486551129479192
2017-09-20,-0.0717589839427308,-0.0031679985878447,-0.03147141997081289,0.028303421382968187
2017-09-21,0.0061472954830303,-0.0350326079397627,0.0032167628295031426,-0.03824937076926584
2017-09-22,0.0446497828495102,-0.0524627078651231,0.02036019888985336,-0.07282290675497646
2017-09-23,-0.0190812688066621,0.0460974429908311,-0.008016388802443444,0.054113831793274544
2017-09-24,0.0442142998382086,0.0363347122995234,0.020166297776697817,0.01616841452282558
2017-09-25,-0.0031821422238236,0.0206562938084191,-0.0009372186336714188,0.02159351244209052
2017-09-26,0.0666053695390251,0.0033412330644555,0.030136039941277542,-0.026794806876822043
2017-09-27,-0.0105620844055414,0.0152221091445534,-0.004223176907408982,0.01944528605196238
2017-09-28,-0.0089363638105792,0.0250567366257437,-0.003499316217411252,0.02855605284315495
2017-09-29,0.0333537523891722,-0.0390355827966919,0.0153305816059278,-0.054366164402619696
2017-09-30,0.00883411293632,0.0277815747587135,0.004413082505628944,0.023368492253084558
2017-10-01,0.0018601013428538,-0.002709393606711,0.0013078669724419605,-0.004017260579152961
2017-10-02,-0.0140147821190579,-0.0026833751940733,-0.005760508818565429,0.003077133624492129
2017-10-03,-0.0151297027231676,-0.0202849310869996,-0.006256933112066058,-0.014027997974933544
2017-10-04,0.0161229222500951,-0.0003304619513357,0.0076584633881008135,-0.007988925339436513
2017-10-05,0.0203246743140965,-0.0004669210391856,0.009529315709017714,-0.009996236748203314
2017-10-06,0.0107214271829541,0.0239487629459445,0.005253419152064101,0.018695343793880402
2017-10-07,0.0303665468027531,0.0283929243909115,0.014000512525391438,0.014392411865520063
2017-10-08,0.0035859358919738,0.0087418381049415,0.002076303929825139,0.006665534175116361
2017-10-09,0.0092176063384377,-0.0318500853514036,0.004583834970429298,-0.0364339203218329
2017-10-10,0.0081280903599623,-0.0084816289311504,0.0040987222208051285,-0.012580351151955528
2017-10-11,0.0644420272822801,0.0050491028225279,0.029172800363996373,-0.024123697541468474
2017-10-12,0.0612808838061047,0.0143380971308557,0.02776528451844645,-0.01342718738759075
2017-10-13,0.0076834286693161,0.0580235110254685,0.0039007342521442537,0.05412277677332425
2017-10-14,0.0024722583616432,0.0536785881890979,0.001580433121496713,0.05209815506760119
2017-10-15,-0.0001209072117358,-0.0276120625755673,0.0004258124400332265,-0.028037875015600525
2017-10-16,-0.0231616225415098,0.0222881135762076,-0.00983318787547871,0.03212130145168631
2017-10-17,-0.0120354419974759,-0.0455495449813962,-0.004879197164774238,-0.04067034781662196
2017-10-18,0.0055702030011417,-0.0644571705200629,0.0029598093508876504,-0.06741697987095055
2017-10-19,0.0243647024424529,0.01636166314342,0.01132815959256358,0.0050335035508564194
2017-10-20,0.0080339072564346,-0.0097280255619107,0.004056786696018796,-0.013784812257929496
2017-10-21,-0.0087386649178897,-0.0285851550091669,-0.0034112897402186347,-0.025173865268948267
2017-10-22,-0.0123251982106653,-0.0062551389087985,-0.005008212650621168,-0.0012469262581773326
2017-10-23,-0.0384959767398802,-0.0360700538676441,-0.016660890154147366,-0.019409163713496734
2017-10-24,0.018764498007151,0.0615779286120821,0.008834638959788284,0.052743289652293815
2017-10-25,0.0190653229580028,-0.0260117391242786,0.008968582859599174,-0.03498032198387777
2017-10-26,-0.0076503980512523,0.0029924063898985,-0.0029267331642443164,0.005919139554142817
2017-10-27,0.0003758580835482,-0.0024141674326063,0.0006469998141278279,-0.0030611672467341275
2017-10-28,0.0526225523827328,-0.0052298201321638,0.023910116676092375,-0.029139936808256175
2017-10-29,-3.988616582706328e-05,0.0247764881449565,0.0004618874890776778,0.024314600655878822
2017-10-30,0.0256362830184597,0.016495063444136,0.011894337566803609,0.004600725877332391
2017-10-31,0.0377709573306033,0.0013458316287904,0.017297365459607184,-0.015951533830816784
2017-11-01,0.0422705204310807,-0.0265276122237931,0.019300819719024757,-0.045828431942817854
2017-11-02,0.0342605045376789,-0.0485688143425155,0.0157343177939966,-0.06430313213651209
2017-11-03,0.0080555123991352,0.0356039557660219,0.004066406500031378,0.03153754926599052
2017-11-04,0.0016558746757535,0.0142948948639949,0.0012169339691809685,0.013077960894813933
2017-11-05,-0.0295484821974021,-0.0056262895445611,-0.012676970904222562,0.0070506813596614626
2017-11-06,0.0067997816362836,0.0016107440084685,0.003507285738895749,-0.001896541730427249
2017-11-07,0.038518004376467,-0.0079581106531652,0.017629992106372543,-0.025588102759537743
2017-11-08,-0.0141420717155789,0.0169372886919001,-0.005817185184389144,0.022754473876289247
2017-11-09,-0.0333052046408255,0.0553876958856234,-0.014349671433731231,0.06973736731935463
2017-11-10,0.0170483942533339,-0.0239428944852351,0.008070534690459874,-0.032013429175694975
2017-11-11,-0.0376718293634201,-0.0114942119021241,-0.01629393417755897,0.00479972227543487
2017-11-12,0.0410402790010264,0.0062444492567816,0.018753048218077755,-0.012508598961296155
2017-11-13,0.0295086810946996,0.0187887026066704,0.013618543283394208,0.005170159323276191
2017-11-14,0.0521457422986655,0.0395780474433085,0.023697814465294058,0.01588023297801444
2017-11-15,0.02053724828954,0.0233777350477311,0.009623965395450254,0.013753769652280846
2017-11-16,0.0210590823475396,-0.0202192054661507,0.009856314768681075,-0.030075520234831774
2017-11-17,0.0191390503784356,0.0077200558077938,0.009001410383339488,-0.0012813545755456885
2017-11-18,0.0121457845842227,0.0088532080009979,0.00588762181547419,0.0029655861855237093
2017-11-19,0.0298363579639291,0.0595798987135349,0.013764443141827308,0.04581545557170759
2017-11-20,-0.0168073984239462,0.0172848884433101,-0.0070039359927179185,0.024288824436028016
2017-11-21,0.0325451386584054,0.0115166219517437,0.01497054206720983,-0.003453920115466129
2017-11-22,0.0326347220596048,0.0042445140833304,0.015010429550216125,-0.010765915466885725
2017-11-23,0.0414963297583206,0.0832659987905346,0.018956107228876987,0.06430989156165762
2017-11-24,0.0291815444978986,0.0771345665679437,0.013472883984116285,0.06366168258382741
2017-11-25,0.0499410737903947,0.0831471657783771,0.022716174156031523,0.06043099162234557
2017-11-26,0.0365534988145039,-0.0194467342468387,0.016755285618681125,-0.036202019865519824
2017-11-27,0.0276066668513585,0.036076571710164,0.012771661385707225,0.023304910324456772
2017-11-28,-0.0694177276873508,-0.0096315174388141,-0.03042896324501846,0.020797445806204358
2017-11-29,0.0532167447945948,0.0017467253349412,0.024174683988934867,-0.022427958653993666
2017-11-30,0.0493239950758326,-0.0811797842048092,0.022441416595913255,-0.10362120080072246
2017-12-01,0.0100064461526043,0.0204806758056665,0.004935070068237475,0.015545605737429025
2017-12-02,0.0088305951130784,0.040460870662117,0.004411516176232093,0.03604935448588491
2017-12-03,0.0280958843091845,0.0133290454479482,0.012989488045268671,0.00033955740267952936
2017-12-04,0.0271221083686974,-0.0098253632171783,0.012555909159469683,-0.022381272376647984
2017-12-05,0.0762824529253505,-0.0039430481224842,0.0344448124812194,-0.038387860603703604
2017-12-06,0.2235630363782759,-0.048541130391599,0.10002227092756551,-0.1485634013191645
2017-12-07,-0.0556691632834152,-0.030500839898452,-0.024307342256300875,-0.006193497642151123
2017-12-08,-0.0716895909694672,0.0563101857899885,-0.03144052238259064,0.08775070817257913
2017-12-09,0.0102856863672036,0.0572890675182016,0.005059403250114686,0.05222966426808691
2017-12-10,0.0916217334188207,-0.0654119531964445,0.04127470821882628,-0.10668666141527078
2017-12-11,0.0775841615722505,0.0403606172182202,0.03502440513830999,0.00533621207991021
2017-12-12,-0.010595489222382,0.1845706018981987,-0.004238050578716594,0.1888086524769153
2017-12-13,0.0585590289508246,0.1687363229789733,0.026553364253843702,0.14218295872512962
2017-12-14,0.0289636690718317,0.0632245143445633,0.013375873798765215,0.04984864054579809
2017-12-15,0.0627067199535904,-0.0550795711280605,0.028400145601427746,-0.08347971672948824
2017-12-16,-0.001128234587016,0.0353483401639067,-2.2705399491886383e-05,0.03537104556339859
2017-12-17,0.0257205295320659,0.0331388686072253,0.011931848772393217,0.021207019834832082
2017-12-18,-0.0053207447682606,0.0245414978277791,-0.001889442723250022,0.02643094055102912
2017-12-19,-0.0161469335466097,0.1135630742943414,-0.006709860514244216,0.12027293480858561
2017-12-20,-0.0139846331197297,-0.0319019648901015,-0.005747084817218531,-0.026154880072882965
2017-12-21,-0.1557267603246863,0.0147261817904462,-0.06885851633765849,0.08358469812810469
2017-12-22,0.0888651135316251,-0.1712943920065956,0.04004730863996244,-0.21134170064655805
2017-12-23,-0.049600508048563,0.0674787860410095,-0.02160524142835351,0.089084027469363
2017-12-24,-0.0004639388786422,-0.0965174127546353,0.00027307577675455815,-0.09679048853138986
2017-12-25,0.1142746140731958,0.0793121548324551,0.05136102309465734,0.027951131737797758
2017-12-26,-0.0027806919166923,0.0385967308782859,-0.0007584707619766396,0.03935520164026254
2017-12-27,-0.0633551748223126,0.0073955931628697,-0.02772957952949365,0.03512517269236335
2017-12-28,0.0750644874383894,-0.0586478417790461,0.03390250690883684,-0.09255034868788294
2017-12-29,-0.0778699949539873,0.0419714958626578,-0.034192379932136814,0.07616387579479461
2017-12-30,0.0706440797383134,-0.0465825333994907,0.031934297009938016,-0.07851683040942872
2017-12-31,-0.029074483823873,0.0237288357160849,-0.012465920622406729,0.03619475633849163
2018-01-01,0.085870919863721,0.0401441031855309,0.0387141280791993,0.0014299751063315963
2018-01-02,0.0747389700499905,0.1242667260575638,0.03375756857066062,0.09050915748690318
2018-01-03,0.0161885581799481,0.0426043994757643,0.00768768813288123,0.034916711342883065
2018-01-04,0.0592850171511312,0.0694207208190071,0.026876614338287867,0.04254410648071924
2018-01-05,0.0257014201250296,0.0301749709874101,0.011923340207879975,0.018251630779530126
2018-01-06,-0.0049815449484373,0.0165333656989714,-0.0017384122101438582,0.018271777909115258
2018-01-07,-0.0961708576009527,0.0812732671532456,-0.04234093578130108,0.1236142029345467
2018-01-08,0.0004331723571642,0.0653476294288371,0.0006725192974726034,0.0646751101313645
2018-01-09,-0.0055338468608088,0.0539760012017973,-0.001984327556615553,0.05596032875841285
2018-01-10,-0.0979339709190725,0.0819355721417887,-0.043125971307672116,0.12506154344946083
2018-01-11,0.0652958567680848,-0.0762048974328042,0.029552972456698055,-0.10575786988950225
2018-01-12,0.0424865834847629,0.0089395150388087,0.01939702293598963,-0.01045750789718093
2018-01-13,-0.0486947970789319,0.0926588304827049,-0.02120196883068372,0.11386079931338862
2018-01-14,-0.038288919551741,-0.0044345970678651,-0.016568696846429004,0.012134099778563903
2018-01-15,-0.2370068672625827,-0.0134230203321408,-0.10504891367498378,0.09162589334284299
2018-01-16,-0.0162225091111336,-0.1600489211848312,-0.0067435109339121216,-0.15330541025091907
2018-01-17,0.0420326733503886,-0.1722243356959714,0.019194917048862833,-0.19141925274483423
2018-01-18,0.005476825915645,0.0905650504053365,0.0029182327098909917,0.08764681769544551
2018-01-19,0.1068885221736035,0.0038167985267003,0.04807232662652296,-0.04425552809982266
2018-01-20,-0.1234618413263728,0.0681035873020672,-0.05449239057089777,0.12259597787296497
2018-01-21,-0.0616037348352662,-0.0343925299597556,-0.026949741615499272,-0.007442788344256327
2018-01-22,-0.0033234223477114,-0.0539137646598311,-0.0010001243557723099,-0.05291364030405879
2018-01-23,0.0340083341843904,-0.0433894680956594,0.015622037610984815,-0.059011505706644214
2018-01-24,-0.0037025198476108,0.0306753604000373,-0.0011689195218690857,0.03184427992190639
2018-01-25,-0.0236630702937876,0.0527194423093213,-0.010056460138305683,0.06277590244762699
2018-01-26,0.0352872748542631,-0.0198026272961797,0.016191492705931027,-0.035994120002110726
2018-01-27,0.0675841591965955,0.0290963744876391,0.0305718512111151,-0.0014754767234760012
2018-01-28,-0.0527684159147359,0.0943846822833824,-0.023015769154312755,0.11740045143769515
2018-01-29,-0.0292889838208729,0.001682086182984,-0.012561427880120019,0.014243514063104019
2018-01-30,-0.1126288287966215,-0.042925044717033,-0.04966893446851496,0.006743889751481963
2018-01-31,0.0207432072797439,-0.0357180826020799,0.009715669724731816,-0.04543375232681171
2018-02-01,-0.1107166950564195,0.0099503308531687,-0.04881754681134947,0.05876787766451817
2018-02-02,-0.0601029067540679,-0.1772399804496576,-0.026281489977554424,-0.1509584904721032
2018-02-03,0.0284007294684034,0.0282678877655664,0.013125221964109621,0.015142665801456779
2018-02-04,-0.0905562289644636,-0.0523313661869329,-0.03984099269668726,-0.012490373490245635
2018-02-05,-0.1979048128833636,-0.1563530647692887,-0.0876385172323353,-0.0687145475369534
2018-02-06,0.1205150289522096,-0.1338666479011978,0.05413960081225097,-0.18800624871344876
2018-02-07,0.1464906938579915,0.1619496760488976,0.06570540294338918,0.09624427310550841
2018-02-08,0.0610882560942966,0.0196501089923071,0.027679516011352316,-0.008029407019045216
2018-02-09,0.0708392619732363,0.0214176926372759,0.03202120293195463,-0.01060351029467873
2018-02-10,0.0066531020506674,0.0454050928890765,0.0034419758779136458,0.041963117011162857
2018-02-11,-0.0474303109963845,-0.0540313215318013,-0.020638949717164665,-0.03339237181463663
2018-02-12,0.0733750938538362,0.0381046583118722,0.033150295483588305,0.004954362828283897
2018-02-13,-0.044043627061904,-0.0123598522773793,-0.01913101079013503,0.006771158512755731
2018-02-14,0.1074139667689184,0.0434910657784222,0.04830628361058212,-0.004815217832159921
2018-02-15,0.0407979510146399,0.0526850673375305,0.018645150400965108,0.03403991693656539
2018-02-16,0.010812537515024,0.0024090473531011,0.005293986509113283,-0.002884939156012183
2018-02-17,0.057871573914233,0.0327201404992925,0.026247271264266254,0.006472869235026244
2018-02-18,-0.0501236450526532,-0.0221438535557805,-0.02183817094521977,-0.00030568261056072854
2018-02-19,0.0362628093820625,-0.003441132255582,0.016625854612028368,-0.020066986867610367
2018-02-20,0.0062424119339121,-0.0019330704508462,0.0032591139321334417,-0.005192184382979642
2018-02-21,-0.1386602431534234,-0.0775539598946943,-0.06125955933746395,-0.016294400557230346
2018-02-22,0.0053366889509689,-0.0446847998732549,0.0028558359854729265,-0.04754063585872783
2018-02-23,0.0409110821374563,0.0177369026413991,0.018695522631516817,-0.0009586199901177178
2018-02-24,-0.0531434695660602,-0.0021492144481234,-0.023182763775451875,0.021033549327328475
2018-02-25,0.0061136521614217,-0.0048452513613517,0.0032017829626866164,-0.008047034324038317
2018-02-26,0.0451368667294662,0.0248041920175916,0.02057707556258809,0.00422711645500351
2018-02-27,0.017685300488238,0.0206331682447169,0.008354120558837372,0.012279047685879528
2018-02-28,-0.0346301289020321,-0.0101697515606407,-0.014939600965831449,0.004769849405190749
2018-03-01,0.0365912968119257,-0.0046904930411164,0.016772115376869012,-0.02146260841798541
2018-03-02,0.0084915504080544,-0.0032862959485866,0.0042605547288104,-0.007546850677397
2018-03-03,0.0092184410057045,-0.0022974499380961,0.004584206610442679,-0.0068816565485387785
2018-03-04,0.0093271916199544,-0.008373076930316,0.004632628396395658,-0.013005705326711657
2018-03-05,0.0046539309694564,0.008945034880897,0.002551834384502505,0.006393200496394495
2018-03-06,-0.0590591699690437,-0.0339076307842409,-0.02581676065584635,-0.008090870128394552
2018-03-07,-0.0696512734055057,-0.0633428480409747,-0.030532950710769637,-0.03280989733020506
2018-03-08,-0.0630739062069576,-0.0567011172890037,-0.02760434319145593,-0.029096774097547767
2018-03-09,0.0002162779026599,-0.0743117546616654,0.0005759458948961205,-0.07488770055656152
2018-03-10,-0.0422840117274914,0.0538101031153965,-0.018347532759503262,0.07215763587489976
2018-03-11,0.0594929258213365,-0.0309145471747962,0.026969186772897898,-0.057883733947694097
2018-03-12,-0.0304065257029826,0.0181807793634041,-0.013059019311508694,0.03123979867491279
2018-03-13,-0.0071565524704215,-0.0282709803369964,-0.002706845808446364,-0.025564134528550036
2018-03-14,-0.1080309073005807,-0.0505605915898774,-0.04762168561345763,-0.00293890597641977
2018-03-15,0.0048797323798916,-0.0928717574953079,0.0026523736562977826,-0.09552413115160568
2018-03-16,0.0110404671940136,0.0122215298770376,0.0053954734037344396,0.006826056473303161
2018-03-17,-0.0632046167937945,-0.0395697196008422,-0.027662542771304373,-0.011907176829537826
2018-03-18,0.0008029176945827,-0.1415157410661498,0.000837150363780416,-0.1423528914299302
2018-03-19,0.0560286068452864,0.0588787529365424,0.02542668043315742,0.03345207250338498
2018-03-20,0.0197877253970641,0.0089113547638115,0.009290236364891152,-0.0003788816010796524
2018-03-21,0.003640109451009,0.0451537201957821,0.0021004249933980366,0.043053295202384066
2018-03-22,-0.0323958397081032,-0.0372502332148565,-0.013944771889676792,-0.02330546132517971
2018-03-23,0.0028129125872613,-0.0464747089987911,0.001732111216472371,-0.04820682021526347
2018-03-24,-0.0247326450959706,0.026035019736363,-0.010532693973757815,0.03656771371012082
2018-03-25,-0.0104718603905524,-0.0280878551467385,-0.004183004187725978,-0.023904850959012524
2018-03-26,-0.0477377844696134,-0.0443286196288559,-0.020775853906714315,-0.023552765722141582
2018-03-27,-0.0523763370550085,-0.0753001147460823,-0.022841193969120866,-0.05245892077696143
2018-03-28,0.002353047347074,-0.0262475263592243,0.0015273537869980338,-0.027774880146222335
2018-03-29,-0.1200880316823465,-0.0852697864179115,-0.05299018398975849,-0.03227960242815301
2018-03-30,-0.0147919879375812,-0.0743592948217246,-0.006106563818305164,-0.06825273100341943
2018-03-31,0.0067533334343741,0.0423490173602081,0.0034866044314265858,0.038862412928781516
2018-04-01,-0.0300756465217162,-0.0489594531560939,-0.012911693606710725,-0.036047759549383177
2018-04-02,0.0302441056907589,0.0083204078903333,0.013945994972936937,-0.005625587082603637
2018-04-03,0.0681417229585719,0.0405270189967277,0.030820109423942477,0.009706909572785222
2018-04-04,-0.0910587314083715,-0.0256581767254822,-0.040064734566538626,0.014406557841056426
2018-04-05,0.0013881060473144,-0.0333446893637221,0.0010977085716911991,-0.034442397935413295
2018-04-06,-0.0383308525727716,-0.0162891385333088,-0.016587367745740336,0.0002982292124315347
2018-04-07,0.0361968047045744,0.0321534419557725,0.016596465680413876,0.015556976275358625
2018-04-08,0.02018811368373,0.0279592955173395,0.009468511366358873,0.018490784150980627
2018-04-09,-0.0200226277278749,0.0221012724389648,-0.008435533839023644,0.030536806277988444
2018-04-10,0.012663268698251,-0.0033359326899251,0.006118034353153888,-0.009453967043078987
2018-04-11,0.0284565805512473,0.0411878804623722,0.013150089954027314,0.028037790508344887
2018-04-12,0.1281298087058839,0.0701133478636908,0.05753012175647483,0.012583226107215975
2018-04-13,0.0007502315541207,0.1137080525069418,0.0008136915811911315,0.11289436092575067
2018-04-14,0.0054751447132677,-0.0058527100183267,0.002917484145644079,-0.00877019416397078
2018-04-15,0.0532512038643675,0.0358211972950703,0.02419002707193427,0.01163117022313603
2018-04-16,-0.0234532231690636,-0.0157621188497198,-0.009963024596572702,-0.005799094253147098
2018-04-17,-0.0167038172007769,1.5623230181560643e-05,-0.0069578159054738496,0.00697343913565541
2018-04-18,0.044238981516556,0.0056182712882577,0.020177287424472605,-0.014559016136214905
2018-04-19,0.0528730919992881,0.054188330130886,0.024021670764952093,0.03016665936593391
2018-04-20,0.056716443397339,0.0729184114330241,0.02573294329451093,0.047185468138513174
2018-04-21,0.0194320805981282,0.0335716651950308,0.00913188363789145,0.02443978155713935
2018-04-22,0.0007278012239853,0.0291698993082292,0.0008037043581104858,0.028366194950118717
2018-04-23,0.0299787139714675,0.0267383659603162,0.013827827906811764,0.012910538053504438
2018-04-24,0.0830059088342585,0.0753406977029156,0.03743846677118342,0.03790223093173218
2018-04-25,-0.1174344553410371,-0.0681575423291169,-0.05180866509448575,-0.016348877234631153
2018-04-26,0.058309326076241,-0.0201619290211105,0.026442182728770695,-0.046604111749881195
2018-04-27,-0.0332491735836315,0.0528998140133234,-0.01432472330928264,0.06722453732260604
2018-04-28,0.0445380746625767,0.0164139661325686,0.020310460229026495,-0.003896494096457894
2018-04-29,0.0119936227615085,0.0114633638071381,0.005819870959439932,0.0056434928476981686
2018-04-30,-0.0254537362809692,-0.0023817825463137,-0.010853763636245854,0.008471981089932154
2018-05-01,-0.007165514932649,-0.0368440742923104,-0.002710836392137178,-0.034133237900173224
2018-05-02,0.0193652303413793,0.0311976447051636,0.00910211820764056,0.02209552649752304
2018-05-03,0.0672437535842442,0.078255776561031,0.03042028381251089,0.04783549274852011
2018-05-04,0.0044947113333133,0.0645621034199228,0.0024809409997247774,0.062081162420198024
2018-05-05,0.0319096810131638,0.0332139041318733,0.01468760119103817,0.01852630294083513
2018-05-06,-0.021172739907957,-0.0209017958816675,-0.008947627367781813,-0.011954168513885687
2018-05-07,-0.0399239932168153,-0.0644389613531837,-0.017296722040343285,-0.04714223931284041
2018-05-08,-0.0172300765579658,0.007811372382724,-0.007192135666565007,0.015003508049289006
2018-05-09,0.0045727632183414,-0.0122973506289039,0.002515694014189343,-0.014813044643093243
2018-05-10,-0.0399135540106918,0.0189892932821598,-0.017292073928625317,0.03628136721078512
2018-05-11,-0.0718487074099467,-0.0759944559961516,-0.031511369818953555,-0.04448308617719804
2018-05-12,0.0178000060929184,-0.0404135058410171,0.00840519383576322,-0.04881869967678032
2018-05-13,0.0367794642311736,0.0472699814207056,0.016855897915119405,0.030414083505586192
2018-05-14,-0.003107641311062,0.0208750133384878,-0.000904046708382297,0.021779060046870097
2018-05-15,-0.0366469731345278,0.0070316630061491,-0.01583761152328903,0.02286927452943813
2018-05-16,-0.0098158357041944,-0.0403324466170227,-0.003890905727760482,-0.036441540889262214
2018-05-17,-0.0458565375184676,0.0069332120054248,-0.01993821875567276,0.02687143076109756
2018-05-18,0.0193224854393783,-0.0305741146273508,0.009083085814034789,-0.039657200441385584
2018-05-19,-0.00460375443647,0.0263949950925797,-0.0015701989873338192,0.02796519407991352
2018-05-20,0.0357917305036679,0.0202803498024932,0.01641610425085637,0.0038642455516368288
2018-05-21,-0.0183648471354045,-0.0058119286650688,-0.007697398265636035,0.0018854696005672356
2018-05-22,-0.0542798884530473,-0.0370436996373619,-0.023688760293063847,-0.013354939344298052
2018-05-23,-0.0755199499834899,-0.1026355929940363,-0.03314600998447093,-0.06948958300956537
2018-05-24,0.0183560158634445,-0.0462887545288097,0.008652760125681483,-0.05494151465449118
2018-05-25,-0.0212498980645685,0.0129243876662217,-0.008981982444943797,0.021906370111165495
2018-05-26,-0.0123437020196925,0.002567300666687,-0.005016451569419097,0.007583752236106097
2018-05-27,-0.0086151969126619,-0.03517612755767,-0.00335631495812275,-0.031819812599547255
2018-05-28,-0.0610854300294665,-0.0669917931251484,-0.02671896366046941,-0.040272829464678986
2018-05-29,0.0687431595281662,0.0083912799672436,0.031087902236314715,-0.022696622269071116
2018-05-30,-0.0068326328639205,0.0349594648286952,-0.0025626188911075584,0.03752208371980276
2018-05-31,0.0163101233689832,0.0180323523631349,0.007741815676007235,0.010290536687127663
2018-06-01,0.0054233302817587,0.006891482931187,0.002894413496074793,0.003997069435112207
2018-06-02,0.0191183148023963,0.021090632892764,0.008992177758480198,0.012098455134283802
2018-06-03,0.0279710178630105,0.0373475769709257,0.012933890599948015,0.024413686370977686
2018-06-04,-0.0304090872711233,-0.0149072578446993,-0.013060159863266203,-0.001847097981433097
2018-06-05,0.0193497033695448,-0.0114234460735893,0.009095204741341047,-0.020518650814930345
2018-06-06,-0.0014729721428139,0.0163225132549733,-0.00017620161881843108,0.01649871487379173
2018-06-07,0.0015439762159701,0.0054950355087983,0.0011671105883617212,0.004327924920436579
2018-06-08,-0.0096612088070369,-0.0106914362416468,-0.0038220572842976395,-0.006869378957349161
2018-06-09,-0.0194143117626834,0.0035439712115721,-0.008164677939390784,0.011708649150962884
2018-06-10,-0.1055794962717513,-0.0775842145835135,-0.04653018189240293,-0.031054032691110567
2018-06-11,0.0176692898560775,-0.0611158233688087,0.00834699174022062,-0.06946281510902932
2018-06-12,-0.0601572582591796,-0.0091146526530261,-0.026305690272558673,0.017191037619532574
2018-06-13,-0.0395913156125473,-0.0799541103277849,-0.017148595578195695,-0.0628055147495892
2018-06-14,0.0604572019913645,0.0237905686963291,0.027398535835675236,-0.0036079671393461354
2018-06-15,-0.0471836305107782,0.0184821153967451,-0.020529113926762994,0.03901122932350809
2018-06-16,0.0098475756990259,-0.0105276888384331,0.004864332158842789,-0.015392020997275888
2018-06-17,-0.0094798373056352,0.0103423359049914,-0.0037413006643978886,0.01408363656938929
2018-06-18,0.0418176289907092,0.0014520078198891,0.01909916741078848,-0.01764715959089938
2018-06-19,0.0155504765521561,0.0492612886628416,0.00740357891460616,0.04185770974823544
2018-06-20,-0.0055253239332913,0.0033196197131442,-0.0019805326780781606,0.005300152391222361
2018-06-21,-0.0086243722231245,0.0076394766777374,-0.003360400313615559,0.010999876991352959
2018-06-22,-0.1056181286740676,-0.0847368685141205,-0.04654738317378155,-0.038189485340338954
2018-06-23,0.0106751145562666,-0.0392903928949364,0.005232798210179312,-0.04452319110511571
2018-06-24,-0.0166653246884749,-0.0435087312646755,-0.006940676910863697,-0.0365680543538118
2018-06-25,0.0115007915684897,0.014173337412175,0.005600435265178281,0.008572902146996719
2018-06-26,-0.0464045227657754,-0.0151842581010965,-0.020182212084202886,0.004997953983106386
2018-06-27,0.0161524776429038,-0.0365501983208282,0.007671623083006542,-0.044221821403834745
2018-06-28,-0.0442920717319434,0.0027569429199987,-0.019241632092982682,0.021998575012981383
2018-06-29,0.0424368836550144,-0.043884295810872,0.019374893824033984,-0.06325918963490598
2018-06-30,0.034113742653826,0.0757170905972746,0.015668971289289502,0.06004811930798511
2018-07-01,-0.0077329171240911,0.0067422207405654,-0.00296347521769936,0.00970569595826476
2018-07-02,0.0516798910333076,0.0187716397011898,0.023490391726464742,-0.0047187520252749415
2018-07-03,-0.0173417813720613,0.0240693877217372,-0.007241872825617924,0.03131126054735512
2018-07-04,0.0090336531914552,-0.0111161286926693,0.004501928859185686,-0.015618057551854986
2018-07-05,-0.0056481697429546,0.0058106039856093,-0.00203523042430944,0.00784583440991874
2018-07-06,0.0043949348760561,-0.0066278596780771,0.002436515004618647,-0.009064374682695747
2018-07-07,0.0253710079747087,0.005238519922778,0.011776222451079654,-0.0065377025283016536
2018-07-08,-0.0081593378327919,0.0376057121953827,-0.003153341292710029,0.04075905348809273
2018-07-09,-0.0186940160641153,-0.0123171798285239,-0.007843962471441618,-0.004473217357082282
2018-07-10,-0.062374048026589,-0.06869487053737,-0.027292727636537065,-0.04140214290083294
2018-07-11,0.0151383126048703,-0.0229095768125073,0.0072200607379901945,-0.030129637550497492
2018-07-12,-0.0270654060232047,-0.0125573563186032,-0.011571368109780973,-0.000985988208822227
2018-07-13,0.0065734710209248,0.004670467606072,0.003406519740916102,0.001263947865155898
2018-07-14,0.0006903291983118,-0.0046589485010608,0.0007870197405669263,-0.005445968241627726
2018-07-15,0.0235555920310046,0.021629818923107,0.01096789890414625,0.01066192001896075
2018-07-16,0.0693319090888939,0.0462473874979805,0.031350046090913616,0.014897341407066882
2018-07-17,0.0656028939334998,0.0351389732469922,0.029689682377886824,0.005449290869105377
2018-07-18,-0.0127754526823151,0.0283758565157823,-0.005208690834592605,0.0335845473503749
2018-07-19,0.0010605154096277,-0.0435581542154235,0.0009518471083084311,-0.04451000132373193
2018-07-20,-0.031803936765387,-0.0326992338369738,-0.013681223975075762,-0.019018009861898034
2018-07-21,0.0131340123691297,0.0021626244777568,0.006327635461407205,-0.004165010983650404
2018-07-22,-0.0007847763374098,0.0078963232322326,0.00013022120198918598,0.007766102030243414
2018-07-23,0.0189460316139218,-0.0074787113137837,0.008915467757960668,-0.01639417907174437
2018-07-24,0.0794002574402714,0.0171553573843876,0.035833031425140174,-0.018677674040752573
2018-07-25,-0.0272151461385607,0.0146502868550237,-0.011638040687810566,0.026288327542834264
2018-07-26,-0.0250753664697747,0.0027662593120378,-0.010685292477392182,0.013451551789429982
2018-07-27,0.0213077680915931,-0.0235983727294106,0.009967043411008049,-0.03356541614041865
2018-07-28,0.0026862792420008,0.0055103885264617,0.0016757270499919573,0.003834661476469743
2018-07-29,0.0012611421499615,-0.0034111882231329,0.0010411772251440344,-0.0044523654482769345
2018-07-30,-0.0099889743590191,-0.0136121793786081,-0.003967996629195241,-0.00964418274941286
2018-07-31,-0.0536171069344728,-0.0412409201725205,-0.023393653317830974,-0.017847266854689525
2018-08-01,-0.0160665675381537,-0.0466765856758479,-0.00667407712408874,-0.04000250855175916
2018-08-02,-0.0168341974221197,-0.0120940399941282,-0.007015868388339424,-0.005078171605788777
2018-08-03,-0.0054038531028135,-0.0141036019723994,-0.0019264471485986613,-0.012177154823800738
2018-08-04,-0.0449640552106176,0.0050161878115462,-0.01954083628960018,0.02455702410114638
2018-08-05,0.0071234281191561,-0.0127796564235511,0.003651391046494976,-0.016431047470046076
2018-08-06,-0.0170789212388431,0.0021139295151568,-0.00712483296157619,0.009238762476732991
2018-08-07,-0.0465544784434568,-0.0111873825335777,-0.02024898064249753,0.00906159810891983
2018-08-08,-0.0804367210204439,-0.0956760765002666,-0.03533522828335896,-0.06034084821690765
2018-08-09,0.0398506147649868,-0.0139891249581891,0.018223343927295077,-0.03221246888548418
2018-08-10,-0.0666989732690002,-0.013862016476418,-0.029218423466350407,0.015356406989932406
2018-08-11,-0.0136232870958137,-0.1117916775656411,-0.005586193589654392,-0.1062054839759867
2018-08-12,0.0134523854778487,0.0090317127865757,0.006469392771284562,0.002562320015291137
2018-08-13,-0.0353321339138821,-0.0416202907357154,-0.015252172408817578,-0.026368118326897824
2018-08-14,-0.0181684630624676,-0.156688204339022,-0.00760995721888964,-0.14907824712013237
2018-08-15,0.009189983766789,0.0854984255354516,0.004571535874363775,0.08092688966108783
2018-08-16,0.0111253946741873,0.0026979309062324,0.0054332878132884585,-0.0027353569070560583
2018-08-17,0.075709784383668,0.0405997599507532,0.03418982878536979,0.006409931165383409
2018-08-18,-0.0476239756473653,0.0097208933619103,-0.020725179926907682,0.03044607328881798
2018-08-19,0.0202450283154806,-0.0195742460871377,0.009493852907050196,-0.029068098994187896
2018-08-20,-0.0577491110575101,-0.0194019116579386,-0.025233449999280278,0.005831538341341678
2018-08-21,0.0369500153376511,-0.046721430575527,0.016931836696972354,-0.06365326727249936
2018-08-22,-0.027257661249207,0.0117292910800976,-0.011656970765600764,0.023386261845698364
2018-08-23,0.0279232176122175,-0.0280521432368994,0.012912607285565269,-0.04096475052246467
2018-08-24,0.0213333747702462,0.0104387739151823,0.009978444920059372,0.00046032899512292794
2018-08-25,0.0035331407027907,0.0117981038602898,0.00205279659271625,0.00974530726757355
2018-08-26,-0.0100334654465443,-0.0212501762383903,-0.0039878065211376434,-0.017262369717252656
2018-08-27,0.0354919235503574,0.0111692826774687,0.01628261361983284,-0.005113330942364139
2018-08-28,0.033696762573216,0.0405293734461986,0.015483308703848316,0.025046064742350285
2018-08-29,-0.0093979268164021,0.0136079957078214,-0.003704829586010829,0.01731282529383223
2018-08-30,-0.008599154391125,-0.0357734539149632,-0.0033491719405925615,-0.03242428197437064
2018-08-31,0.0016479169806578,-0.0034530077578347,0.001213390763367734,-0.004666398521202434
2018-09-01,0.037101849792406,0.0330517486866135,0.01699944179069196,0.01605230689592154
2018-09-02,0.0088287983445178,0.0139052344011574,0.004410716155531074,0.009494518245626325
2018-09-03,-0.0116755384255622,-0.0155936905888687,-0.004718948196590282,-0.010874742392278418
2018-09-04,0.0071724498353011,-0.0083288072998506,0.0036732182247835167,-0.012002025524634117
2018-09-05,-0.1173088148236685,-0.0820463527313517,-0.05175272298987323,-0.03029362974147847
2018-09-06,-0.0269519095437988,-0.1581860408429429,-0.011520833202276171,-0.14666520764066673
2018-09-07,-0.0258736373117693,-0.0147132552138975,-0.011040726790202075,-0.0036725284236954255
2018-09-08,-0.0453583154669816,-0.0496027215925876,-0.019716382753177435,-0.029886338839410165
2018-09-09,0.0123209628847282,-0.0720779531313375,0.005965620879931812,-0.07804357401126931
2018-09-10,-0.0003448784276365,-0.0054274217353649,0.0003260880720305682,-0.005753509807395469
2018-09-11,-0.0159826732161558,-0.032313491027244,-0.0066367227336747445,-0.025676768293569255
2018-09-12,0.0043001510010709,-0.0761573853113342,0.002394311983164619,-0.07855169729449882
2018-09-13,0.0470906580570451,0.1135688179652243,0.0214470114807744,0.0921218064844499
2018-09-14,-0.0026163579827986,0.0772340198329066,-0.0006853002090864606,0.07791932004199306
2018-09-15,0.0123541280685257,0.0254608151315478,0.005980387853360059,0.019480427278187742
2018-09-16,-0.0044845929198906,-0.0024185027156056,-0.0015171416920767916,-0.0009013610235288083
2018-09-17,-0.0540668476760615,-0.0244041922081024,-0.023593902760776646,-0.0008102894473257551
2018-09-18,0.0378035394781619,-0.0456659962903813,0.017311872833067583,-0.06297786912344888
2018-09-19,0.0044180467035443,0.029755014139658,0.002446805667998664,0.027308208471659337
2018-09-20,0.059862298750497,0.0055613629608348,0.027133652022459934,-0.021572289061625134
2018-09-21,0.0735571168472866,0.0879427823220737,0.03323134218376714,0.05471144013830656
2018-09-22,-0.0055587482225893,0.0456408394173442,-0.0019954150196003807,0.04763625443694458
2018-09-23,0.0045780188928477,0.0068315043619797,0.0025180341310497207,0.00431347023092998
2018-09-24,-0.0458839745717591,-0.0249587876257564,-0.019950435248708917,-0.005008352377047484
2018-09-25,-0.0163591716799391,-0.0979237962350536,-0.006804360665199872,-0.09111943556985372
2018-09-26,0.0035421538998541,0.0034187749009868,0.002056809766360981,0.0013619651346258193
2018-09-27,0.0469237919408138,0.0173869325844346,0.021372713460310905,-0.003985780875876307
2018-09-28,-0.0143647917775622,0.0319734418344817,-0.005916352469495301,0.037889794303977
2018-09-29,0.0091813727469602,0.0030668228533166,0.004567701772259038,-0.0015008789189424384
2018-09-30,0.0039022642526136,0.0271990896815754,0.0022171508048097668,0.024981938876765634
2018-10-01,-0.0031490147518669,-0.0097515863860113,-0.0009224684516396687,-0.008829117934371631
2018-10-02,-0.0266211293355427,-0.0089941001734024,-0.011373551565734302,0.0023794513923319025
2018-10-03,-0.004719626815099,-0.0382932632118633,-0.001621791776528949,-0.03667147143533435
2018-10-04,0.0089476223016298,0.0170197694537499,0.004463623150650585,0.012556146303099314
2018-10-05,0.0070382090896394,-0.0033575406018817,0.0036134468230545826,-0.006970987424936282
2018-10-06,-0.0138659175448987,0.0125618540401895,-0.005694226079882647,0.018256080120072148
2018-10-07,0.0006741849059554,-0.0074003791231218,0.0007798314090412988,-0.008180210532163099
2018-10-08,0.0139157952637329,0.0145353713676019,0.006675728428470253,0.007859642939131647
2018-10-09,-0.007074666136277,0.0047285352472021,-0.0026703854852402104,0.00739892073244231
2018-10-10,-0.0109653350749212,-0.0127495732164435,-0.004402726399913317,-0.008346846816530184
2018-10-11,-0.0925701966445222,-0.1114501377927492,-0.040737722453964065,-0.07071241533878514
2018-10-12,0.0202156786734448,-0.0274917422055125,0.009480784823763895,-0.03697252702927639
2018-10-13,0.0071293561826717,0.016185768292515,0.003654030548116626,0.012531737744398376
2018-10-14,-0.0082766103880542,0.0057312474030464,-0.0032055575179537883,0.008936804921000189
2018-10-15,0.0603192332186424,0.0428398372288985,0.027337104510187796,0.015502732718710707
2018-10-16,0.0039173803583878,0.0066179878102285,0.002223881330823707,0.004394106479404794
2018-10-17,0.000468269554922,-0.0026685675855269,0.0006881465103311195,-0.0033567140958580197
2018-10-18,-0.0216570298769527,-0.0135374605146356,-0.00916326003689022,-0.00437420047774538
2018-10-19,-0.0038394069568301,-0.016918952985482,-0.0012298692309632127,-0.015689083754518787
2018-10-20,0.0093800779206114,0.0101099880128083,0.004656176301370002,0.005453811711438298
2018-10-21,-0.0014314498151657,0.0087012315619823,-0.00015771358290692393,0.008858945144889224
2018-10-22,-0.003754348432774,-0.0105371282183748,-0.0011919964734277344,-0.009345131744947065
2018-10-23,-0.0035286908570322,-0.0093874014105193,-0.0010915212447901391,-0.00829588016572916
2018-10-24,0.0013324316886054,0.0046607577797344,0.0010729192691289007,0.003587838510605499
2018-10-25,-0.00215709044783,-0.0094616720896443,-0.0004808089110207824,-0.008980863178623517
2018-10-26,0.0016940766977739,0.0020687930064804,0.0012339436214574336,0.0008348493850229666
2018-10-27,-0.0036397617038712,0.0023738329363611,-0.0011409761265703507,0.0035148090629314507
2018-10-28,0.0056665309077326,0.0016872508686827,0.003002699860577323,-0.0013154489918946232
2018-10-29,-0.0365847490964972,-0.0168973278192909,-0.015809905941381014,-0.0010874218779098853
2018-10-30,0.0080312624133105,-0.0205704850109889,0.004055609065634657,-0.024626094076623556
2018-10-31,0.0073230433952282,0.001799448451516,0.0037402708035205044,-0.0019408223520045044
2018-11-01,0.0038982183746654,0.0068176043190426,0.002215349356263008,0.004602254962779592
2018-11-02,0.0132697573116802,0.0125164854987165,0.00638807661475348,0.006128408883963019
2018-11-03,-0.0054640135710366,-0.0023290096780792,-0.0019532339151399143,-0.0003757757629392856
2018-11-04,0.0109560202660805,0.0190209687015077,0.0053578729626062,0.013663095738901499
2018-11-05,0.0174248434263226,0.0249689446773491,0.008238150674998109,0.01673079400235099
2018-11-06,0.0343052095995579,0.0194195560421164,0.015754222959151302,0.0036653330829651
2018-11-07,0.0034762558133998,0.0290274358191355,0.00202746829496783,0.02699996752416767
2018-11-08,-0.0237284060468931,-0.0209343827180772,-0.010085551227802256,-0.010848831490274944
2018-11-09,-0.0122413548480873,-0.0170840144994963,-0.0049708809501583014,-0.012113133549337999
2018-11-10,0.0025142562181716,0.0049056239358362,0.001599132889156223,0.0033064910466799767
2018-11-11,0.0029458305046565,-0.0039509157818589,0.00179129362192193,-0.00574220940378083
2018-11-12,-0.0022879431857054,0.0014256381199988,-0.0005390717843706653,0.0019647099043694654
2018-11-13,-0.0080090662480216,-0.010394137867725,-0.0030864320751138705,-0.007307705792611131
2018-11-14,-0.1030363058325072,-0.0583288735051876,-0.04539781290362866,-0.012931060601558943
2018-11-15,-0.0114096790338802,-0.1010317216225544,-0.004600572896860636,-0.09643114872569376
2018-11-16,-0.0217418895734455,-0.0020368543249356,-0.009201044265401949,0.0071641899404663485
2018-11-17,0.0056036570699289,-0.020171271066661,0.0029747049518848794,-0.02314597601854588
2018-11-18,0.0034600564275626,0.0129304436177664,0.0020202554327786,0.0109101881849878
2018-11-19,-0.1354695781278918,-0.1021327711762491,-0.059838898865984445,-0.04229387231026465
2018-11-20,-0.1120600289252484,-0.1352638286934624,-0.04941567331857405,-0.08584815537488835
2018-11-21,0.0480920135577322,-0.0391815102989649,0.02189287031156398,-0.061074380610528875
2018-11-22,-0.0648595703582453,-0.0042571815590557,-0.028399419595519924,0.024142238036464224
2018-11-23,-0.0040096921303662,-0.0812214167872591,-0.0013056896047680302,-0.07991572718249107
2018-11-24,-0.1105096610841318,-0.0041170533969117,-0.04872536384061172,0.04460831044370002
2018-11-25,0.0307669423656111,-0.1051769943351619,0.014178790766622157,-0.11935578510178405
2018-11-26,-0.0525839682129545,0.0219761555233315,-0.022933642839930254,0.044909798363261755
2018-11-27,6.187017519909688e-05,-0.0533143639497906,0.0005071950378994685,-0.05382155898769007
2018-11-28,0.1005653408111877,0.0927537508561382,0.045256896694612976,0.04749685416152522
2018-11-29,-0.0122931114596021,0.014876342270691,-0.004993925855069479,0.01987026812576048
2018-11-30,-0.0580254695240682,-0.0313332452932888,-0.02535650006760651,-0.005976745225682287
2018-12-01,0.0432526654084863,0.0079536972542237,0.019738124962758324,-0.011784427708534623
2018-12-02,-0.0195624718946101,0.0095907626961651,-0.0082306470214452,0.0178214097176103
2018-12-03,-0.06082255810204,-0.0496503409091326,-0.026601918544994076,-0.02304842236413852
2018-12-04,0.0090463425551208,-0.0102887933725677,0.004507578865445726,-0.014796372238013427
2018-12-05,-0.0532209786479285,-0.0310520542151211,-0.023217275103939772,-0.007834779111181328
2018-12-06,-0.093987292868845,-0.0726388014131371,-0.041368692039949605,-0.03127010937318749
2018-12-07,-0.0134330587297553,-0.1293452100188723,-0.005501493403940514,-0.12384371661493179
2018-12-08,0.0011989672559487,0.0407395807342485,0.0010134935248697645,0.03972608720937874
2018-12-09,0.0364153846146315,0.0294401760011746,0.01669378954098615,0.012746386460188452
2018-12-10,-0.0360945993757457,-0.0154088560312501,-0.01559166418682317,0.00018280815557306963
2018-12-11,-0.0168678571315492,-0.0304373224901324,-0.0070308555519198465,-0.023406466938212554
2018-12-12,0.0181690993128897,0.0074485560775823,0.008569534543329961,-0.0011209784657476608
2018-12-13,-0.0416546252761946,-0.0103633613364424,-0.018067295114533578,0.007703933778091178
2018-12-14,-0.0268159515431349,-0.0421319714345953,-0.011460297183678478,-0.030671674250916825
2018-12-15,-0.000126624661398,-0.0170174980762602,0.0004232667153433061,-0.017440764791603506
2018-12-16,0.0038845791540698,0.0308662168437416,0.0022092764211830464,0.028656940422558553
2018-12-17,0.0994592296173895,0.0355986392081524,0.04476439483762838,-0.009165755629475983
2018-12-18,0.0506174851982699,0.0555016938764838,0.023017349911535968,0.03248434396494783
2018-12-19,0.0087913153842471,0.0892192669747382,0.0043940266693003015,0.0848252403054379
2018-12-20,0.1007849390644013,0.0433922580824797,0.0453546739778596,-0.0019624158953798973
2018-12-21,-0.0463694194553712,0.0457628961444855,-0.02016658214965624,0.06592947829414174
2018-12-22,0.0255015008997601,-0.0188393056258249,0.011834325115867341,-0.030673630741692243
2018-12-23,0.020064812280605,0.1494130385940835,0.009413610764730075,0.13999942782935343
2018-12-24,0.0386311720265135,0.1241517441739281,0.01768038060086657,0.10647136357306153
2018-12-25,-0.0792443530768549,-0.1247050157906075,-0.034804320152495564,-0.08990069563811193
2018-12-26,0.0097119262885847,0.0133085368551739,0.004803933541673252,0.008504603313500649
2018-12-27,-0.0733498281142388,-0.0532265006946239,-0.03217975174887801,-0.021046748945745895
2018-12-28,0.0884812928530554,-0.0057360536895432,0.03987641045359153,-0.04561246414313473
2018-12-29,0.0014382713751421,0.1125586064113202,0.001120044949127671,0.11143856146219254
2018-12-30,-0.0085992963556273,-0.0049510938391623,-0.0033492351510377685,-0.0016018586881245312
2018-12-31,-0.0367531502657314,-0.0099544489421887,-0.01588488745230979,0.005930438510121091
2019-01-01,0.032903475618081,-0.0051209756882615,0.01513009349301218,-0.02025106918127368
2019-01-02,0.037207821246044,0.0922095760654277,0.017046626140689226,0.07516294992473849
2019-01-03,-0.0342185453302903,0.0180223274277251,-0.01475634120449486,0.03277866863221996
2019-01-04,0.0149480582692671,0.0046923213430298,0.0071353489891991945,-0.0024430276461693944
2019-01-05,-0.005831953293665,0.039554355618125,-0.0021170610219162543,0.04167141664004126
2019-01-06,0.0491040306284791,-0.0208930977734951,0.022343476262789794,-0.04323657403628489
2019-01-07,-0.0109230579422829,-0.0068061859452086,-0.004383902283089356,-0.002422283662119244
2019-01-08,-0.0016634145837297,-0.0239251649264033,-0.0002609971224943676,-0.023664167803908932
2019-01-09,0.0058395476591908,0.007239814824814,0.00307973648389365,0.00416007834092035
2019-01-10,-0.1113593742037339,-0.1067257813680111,-0.049103703099498706,-0.05762207826851239
2019-01-11,-0.0082892433523991,-0.0712415893016498,-0.003211182412118107,-0.06803040688953169
2019-01-12,-0.0016183904178639,-0.0059993094159933,-0.00024094987460245785,-0.005758359541390842
2019-01-13,-0.0410851201883639,-0.0357238257264826,-0.01781371996323648,-0.017910105763246118
2019-01-14,0.0562394112755653,-0.0014823978242795,0.02552054222024994,-0.02700294004452944
2019-01-15,-0.0292523415059884,0.0427344496234018,-0.012545112695691897,0.0552795623190937
2019-01-16,0.013082786222319,-0.0371765639812009,0.006304826748710065,-0.04348139072991097
2019-01-17,0.0038633827483369,-0.0062630002115335,0.0021998386094663007,-0.008462838820999801
2019-01-18,-0.011508571699891,-0.0019786135639616,-0.004644605379241754,0.002665991815280154
2019-01-19,0.0226645301489378,0.0152591294363082,0.010571148890163345,0.004687980546144855
2019-01-20,-0.0378273839168077,-0.0179006388535718,-0.016363195664862728,-0.0015374431887090721
2019-01-21,-0.0035299604219432,-0.0339836697071849,-0.0010920865252788783,-0.03289158318190603
2019-01-22,0.0116964684349785,0.0043636432877729,0.005687561424514702,-0.0013239181367418022
2019-01-23,-0.0051544108683909,0.0055439786845665,-0.0018153816749353245,0.007359360359501824
2019-01-24,0.0022836565965267,-0.0144188307302544,0.0014964571884519614,-0.01591528791870636
2019-01-25,-0.0024444712416524,-0.0025207719704036,-0.0006087667288358508,-0.0019120052415677494
2019-01-26,-0.0005083719525114,0.002452263569534,0.0002532917156992038,0.0021989718538347964
2019-01-27,-0.0099322030079642,-0.0153001470211657,-0.0039427188849911945,-0.011357428136174505
2019-01-28,-0.0435604165489236,-0.0747817952889411,-0.018915858754524457,-0.05586593653441665
2019-01-29,-0.0077724141261441,-0.0136242660679837,-0.0029810614666818253,-0.010643204601301874
2019-01-30,0.0310100741033858,0.0191566285297506,0.014287046458289784,0.0048695820714608155
2019-01-31,-0.0144323588856467,0.0068171528060858,-0.005946437081593319,0.012763589887679118
2019-02-01,0.0081341099297267,-0.0132589258543767,0.004101402466067845,-0.017360328320444547
2019-02-02,0.0083009471832431,0.0064510924087963,0.004175687635254937,0.002275404773541363
2019-02-03,-0.010936217679208,0.008287711995675,-0.004389761725530026,0.012677473721205026
2019-02-04,0.0019217839977612,-0.0098172491426504,0.0013353315006521113,-0.01115258064330251
2019-02-05,0.0002339288561277,-0.0027197676458179,0.0005838050752472292,-0.0033035727210651293
2019-02-06,-0.0230109296597156,-0.0324538910841551,-0.00976609107315529,-0.022687800010999806
2019-02-07,-0.0019243558185015,0.011314654164015,-0.00037718258685773585,0.011691836750872736
2019-02-08,0.0897857212871615,0.0520104363806224,0.04045721411031501,0.01155322227030739
2019-02-09,0.0030106395031976,0.0769617133205322,0.0018201501711637836,0.07514156314936841
2019-02-10,0.0074992463958052,-0.0035099125729827,0.003818726121102492,-0.007328638694085192
2019-02-11,-0.018492864459735,0.0211742583459226,-0.007754398656114384,0.028928657002036985
2019-02-12,0.0059109932105325,-0.0033738000447014,0.003111547993357042,-0.006485348038058442
2019-02-13,-0.0085306619021876,0.0155500610182928,-0.0033186752977773545,0.018868736316070153
2019-02-14,-0.006837186889208,-0.0040450319715947,-0.002564646594943686,-0.0014803853766510136
2019-02-15,0.0044219288012348,-0.0022707440497438,0.0024485341925197853,-0.004719278242263585
2019-02-16,0.0064045955268623,0.007904791777288,0.003331327034349799,0.0045734647429382
2019-02-17,0.0231570337899897,0.0273789482622426,0.010790438740179984,0.016588509522062617
2019-02-18,0.0666845345708386,0.1134497778790271,0.030171288590233453,0.08327848928879365
2019-02-19,0.005713936652846,0.04066468449866,0.003023807519220498,0.037640876979439505
2019-02-20,0.0253580134210507,-0.0126564936930355,0.011770436557361976,-0.024426930250397477
2019-02-21,-0.018620683691541,0.002658014236835,-0.007811310844848896,0.010469325081683896
2019-02-22,0.0119062070023829,0.0115320451606066,0.005780948630527192,0.005751096530079408
2019-02-23,0.0411030593975283,0.0230106299772963,0.018781001521536552,0.0042296284557597486
2019-02-24,-0.10598568335595,0.0208265725743839,-0.04671103883913004,0.06753761141351394
2019-02-25,0.0242457886055715,-0.1052300096657212,0.011275212578001556,-0.11650522224372276
2019-02-26,-0.0096635413213466,-0.0132086977368484,-0.0038230958486259016,-0.0093856018882225
2019-02-27,0.0001854401422756,-0.0019012802802347,0.0005622152190475544,-0.0024634954992822544
2019-02-28,0.0001470178812565,0.0016090108057005,0.0005451075041925272,0.0010639033015079728
2019-03-01,0.0023451542041028,-0.0025317024944406,0.0015238393233595164,-0.004055541817800116
2019-03-02,-0.0033301217207597,-0.0205924243558826,-0.0010031072870412634,-0.019589317068841337
2019-03-03,-0.0046126272890063,-0.0053165489007405,-0.0015741496718358653,-0.0037423992289046352
2019-03-04,-0.0304695172336071,-0.0460350027904423,-0.013087066623551835,-0.032947936166890464
2019-03-05,0.0511908479212497,0.0320888946551791,0.0232726426952783,0.008816251959900798
2019-03-06,0.0040989664675592,0.0461068363182066,0.002304733505967535,0.04380210281223906
2019-03-07,0.0004172072465493,0.0038368236351917,0.0006654107475647022,0.003171412887626998
2019-03-08,-0.0086205841088018,-0.0091512478348487,-0.0033587136356858353,-0.005792534199162865
2019-03-09,0.0226854607932374,0.0015505239780644,0.01058046837019685,-0.00902994439213245
2019-03-10,-0.0055672141165503,-0.0074527581142804,-0.0019991845036452078,-0.0054535736106351915
2019-03-11,-0.0176659101632719,-0.0153732754185602,-0.007386192883554627,-0.007987082535005572
2019-03-12,0.0051916390416986,-0.0041733066732732,0.00279125174649984,-0.00696455841977304
2019-03-13,-0.0039882423180976,-0.0069541257062519,-0.0012961389624515185,-0.005657986743800382
2019-03-14,0.0023441520889182,-0.001316396894567,0.0015233931262754483,-0.0028397900208424484
2019-03-15,0.0185484999533498,0.0217242757294657,0.008738464684364075,0.012985811045101625
2019-03-16,0.0244340171620516,0.0450110554357543,0.011359022337927818,0.03365203309782648
2019-03-17,-0.0091537706527491,-0.0150840171145549,-0.0035961177633048068,-0.011487899351250094
2019-03-18,0.0003065045316814,-0.0040919299225121,0.0006161197784909154,-0.004708049701003015
2019-03-19,0.0057582619316729,-0.0019943932384665,0.0030435435839633626,-0.005037936822429863
2019-03-20,0.0070646338185467,0.0002242063286201,0.003625212573306572,-0.003401006244686472
2019-03-21,-0.018641816449743,-0.0048133823514353,-0.007820720317166007,0.003007337965730707
2019-03-22,0.0026940042301486,-0.0097775473622947,0.0016791666418063311,-0.011456714004101032
2019-03-23,0.0065351563530757,0.0049116767300807,0.003389459932488856,0.001522216797591844
2019-03-24,-0.0048338479509073,-0.0049777203849608,-0.0016726493411281373,-0.003305071043832663
2019-03-25,-0.0155517151797521,-0.008771080892922,-0.006444836389515769,-0.0023262445034062315
2019-03-26,0.0003543018293852,-0.0092595664431822,0.0006374017779950824,-0.009896968221177282
2019-03-27,0.0354871373677259,0.0293990494995624,0.016280482546711893,0.013118566952850505
2019-03-28,-0.006284039881474,0.003585024969575,-0.0023183549652938677,0.005903379934868868
2019-03-29,0.0191238163152744,0.0139705779181458,0.008994627336175351,0.004975950581970449
2019-03-30,-0.0021967818135406,0.0182892515126908,-0.0004984817014493832,0.018787733214140182
2019-03-31,-0.0004709390825707,-0.009834207479618,0.00026995889894572,-0.01010416637856372
2019-04-01,0.0080025240764065,0.0044225856352335,0.004042813169190225,0.0003797724660432747
2019-04-02,0.168059297065974,0.0744562920415594,0.07530893755370177,-0.0008526455121423693
2019-04-03,0.0184394452507623,0.1031433721166816,0.008689907501471082,0.09445346461521052
2019-04-04,-0.0193031011731585,-0.0568603543436809,-0.008115160836440866,-0.048745193507240034
2019-04-05,0.0333173915212654,0.017253001929439,0.01531439173725449,0.0019386101921845082
2019-04-06,0.0056376888459768,0.0128530993084208,0.0029898577800942395,0.009863241528326561
2019-04-07,0.0255091438885601,0.0206840101871499,0.01183772819703858,0.008846281990111319
2019-04-08,0.0149400373247861,0.0647226622872834,0.00713177762126276,0.05759088466602064
2019-04-09,-0.0198962239739657,-0.0176597853126487,-0.008379251899306233,-0.009280533413342467
2019-04-10,0.0245906348413065,0.0137734094452071,0.011428757187644679,0.002344652257562422
2019-04-11,-0.0608973864675732,-0.0670927372131933,-0.026635236270360976,-0.04045750094283232
2019-04-12,0.0040324091708843,-0.0216317551180038,0.0022750985177384555,-0.023906853635742256
2019-04-13,-0.0036324510430372,-5.486817921251941e-05,-0.001137721016182971,0.0010828528369704515
2019-04-14,0.0194304613908604,-0.0013971041345666,0.009131162677294807,-0.010528266811861408
2019-04-15,-0.0204167041662532,0.0069236427828656,-0.008610998456670932,0.015534641239536531
2019-04-16,0.0287408150580033,-0.0101339969360125,0.01327664687089183,-0.02341064380690433
2019-04-17,0.0024273438430668,0.0175939458183451,0.0015604346946401077,0.01603351112370499
2019-04-18,0.0142274250538472,0.0369918136885019,0.006814483240087331,0.030177330448414568
2019-04-19,-0.0011663182279786,0.0002899290274047,-3.9662341976492304e-05,0.0003295913693811923
2019-04-20,0.0020714042299045,0.0069619857878784,0.0014019507000474342,0.005560035087830966
2019-04-21,-0.0094399344365614,-0.0214623989901836,-0.0037235337009786174,-0.017738865289204982
2019-04-22,0.0100418487212028,0.0036814936640494,0.004950833249077291,-0.0012693395850278907
2019-04-23,0.0185685544919831,0.0161155972194899,0.008747394073717739,0.007368203145772162
2019-04-24,-0.0272245085673406,-0.044421616755522,-0.011642209358723437,-0.03277940739679856
2019-04-25,-0.0481665544379046,-0.0157017523691571,-0.020966766001978006,0.005265013632820906
2019-04-26,0.0161932533571658,-0.0495223082353923,0.007689778685360542,-0.05721208692075284
2019-04-27,-0.000325339292166,0.0117970557975155,0.00033478797540108804,0.011462267822114413
2019-04-28,-0.0063937296063354,0.0040177647897854,-0.002367194895211641,0.006384959684997041
2019-04-29,-0.0153015651633818,-0.0137832926429979,-0.006333455772198218,-0.007449836870799683
2019-04-30,0.0315980111498745,0.0177597426628821,0.014548828536628056,0.0032109141262540424
2019-05-01,0.0048662152773815,0.0164573111957846,0.0026463550949410207,0.01381095610084358
2019-05-02,0.0141495543735681,-0.0039238781647705,0.006779810907995276,-0.010703689072765775
2019-05-03,0.0461709918843107,0.0351697379140754,0.02103752525514252,0.014132212658932879
2019-05-04,0.0052762760149933,-0.0127615452185718,0.0028289368063300906,-0.01559048202490189
2019-05-05,-0.0080134877074566,-0.0072214400158099,-0.0030884007533033045,-0.004133039262506596
2019-05-06,0.0024182527610365,0.0248795434312194,0.0015563868423020912,0.02332315658891731
2019-05-07,0.0173128520100966,0.0557167404506948,0.008188285904831338,0.04752845454586346
2019-05-08,0.0075546219172801,-0.0387828263868792,0.0038433823648063724,-0.042626208751685574
2019-05-09,0.026120963657414,0.0006295506569626,0.012110144183776532,-0.011480593526813932
2019-05-10,0.0246782082962724,0.0175897774835886,0.01146774973146404,0.006122027752124561
2019-05-11,0.1417385463902043,0.0763581056184721,0.06358948415902797,0.01276862145944413
2019-05-12,-0.0556577052056992,0.0254180637168035,-0.024302240486619633,0.04972030420342313
2019-05-13,0.0986273380437321,0.0134395153858699,0.04439399071629476,-0.030954475330424863
2019-05-14,0.0511814501044041,0.0648079105377137,0.02326845826764208,0.04153945227007162
2019-05-15,0.0483945007474995,0.1162011725878748,0.02202755433204016,0.09417361825583463
2019-05-16,-0.0272195039921507,0.1154759273946197,-0.011639981045161235,0.12711590843978093
2019-05-17,-0.0714082580862429,-0.0899126512376442,-0.031315257428944324,-0.05859739380869988
2019-05-18,-0.0146857652550638,-0.001228158943153,-0.006059267607321109,0.004831108664168109
2019-05-19,0.1106109839588684,0.0603072892628304,0.04972977241685243,0.01057751684597797
2019-05-20,-0.0285838419612236,-0.01568448911528,-0.012247459739066918,-0.0034370293762130827
2019-05-21,0.0027895330307758,0.0150327286477471,0.0017217013453408388,0.013311027302406261
2019-05-22,-0.0413173754987017,0.0014767143820293,-0.017917132868084787,0.019393847250114088
2019-05-23,0.0209715212499022,-0.0508257557209361,0.00981732772702756,-0.06064308344796367
2019-05-24,0.0172792302552577,0.0345328939962268,0.008173315640733043,0.026359578355493754
2019-05-25,0.0067271911061617,0.0085852518487747,0.0034749644215770364,0.005110287427197664
2019-05-26,0.0684179509604403,0.0015851861939886,0.03094310140217586,-0.029357915208187257
2019-05-27,0.0340420460520842,0.0640558318665469,0.015637047998308173,0.048418783868238724
2019-05-28,-0.0083881146324493,0.0073601483760388,-0.0032552053722872012,0.010615353748326001
2019-05-29,-0.0077486630258842,-0.0051137169869912,-0.0029704861637204105,-0.002143230823270789
2019-05-30,-0.0428810165597433,0.0227214052834519,-0.018613352317393462,0.04133475760084536
2019-05-31,0.0392554368085864,-0.0669744306705544,0.017958337795536346,-0.08493276846609076
2019-06-01,-0.0102888507694558,0.0397700320020337,-0.004101518186371428,0.043871550188405134
2019-06-02,0.0215900356841389,0.001670439214199,0.010092724548921512,-0.008422285334722512
2019-06-03,-0.0684952774901273,-0.0214148525157176,-0.030018237417763823,0.008603384902046225
2019-06-04,-0.0620052240045181,-0.0695870853303093,-0.027128506790758712,-0.04245857853955059
2019-06-05,0.0203607912154089,-0.0046380071852141,0.00954539695027503,-0.01418340413548913
2019-06-06,0.0092515866317022,0.0010448144356356,0.004598964875657164,-0.0035541504400215633
2019-06-07,0.0238480485860179,0.0190162057586285,0.011098116731466824,0.007918089027161677
2019-06-08,-0.0164044120483382,-0.0087087261808429,-0.006824504178412785,-0.0018842220024301148
2019-06-09,-0.0399936283781983,-0.0350384851407126,-0.01732772746410614,-0.017710757676606462
2019-06-10,0.0468420116053716,0.0042599867132135,0.02133630033358736,-0.017076313620373863
2019-06-11,-0.0096458594236894,0.0176290301707409,-0.0038152228902108617,0.02144425306095176
2019-06-12,0.031410918553969,0.0294913762395125,0.014465524569153393,0.015025851670359107
2019-06-13,0.0048142581470767,0.0326373865926559,0.002623220907978464,0.030014165684677435
2019-06-14,0.0432342082212944,-0.0104478591269581,0.019729906802579047,-0.030177765929537147
2019-06-15,0.0148050473380347,0.0360639572702901,0.007071672615977442,0.02899228465431266
2019-06-16,0.01959175180676,0.0187562910708809,0.00920297808770721,0.00955331298317369
2019-06-17,0.0280412321809864,0.0016968475912992,0.012965153896245824,-0.011268306304946624
2019-06-18,-0.0247459472950053,-0.014003632264786,-0.010538616848205971,-0.0034650154165800293
2019-06-19,0.0175519123211769,-0.0006842234424642,0.008294728772237888,-0.008978952214702088
2019-06-20,0.0220484579745887,0.0065203156003725,0.010296839497396435,-0.0037765238970239355
2019-06-21,0.0539573378855795,0.0657398919959151,0.024504436978168665,0.041235455017746434
2019-06-22,0.0558445410700203,0.0652526450048194,0.025344724173575077,0.03990792083124433
2019-06-23,0.0055526685265263,0.0168242857934872,0.00295200203336139,0.01387228376012581
2019-06-24,0.0128828260150761,-0.0138298720392677,0.006215793409257106,-0.020045665448524805
2019-06-25,0.0488016231382468,0.013063513535183,0.02220882772895294,-0.009145314193769941
2019-06-26,0.0733781937818625,0.0739161761415969,0.03315167574293115,0.04076450039866575
2019-06-27,-0.1443752503124562,-0.0762573642795203,-0.0638041964899358,-0.01245316778958451
2019-06-28,0.0832197615484524,-0.0248384356561253,0.03753368582280519,-0.06237212147893049
2019-06-29,-0.012475871832752,0.0062562223917481,-0.005075300877458001,0.011331523269206101
2019-06-30,-0.0944783474444888,0.0048556950384872,-0.04158733668593217,0.04644303172441937
2019-07-01,-0.0111611195128071,-0.0508857424584912,-0.0044899004559830185,-0.04639584200250818
2019-07-02,0.0030618041029484,-0.0237399049037287,0.0018429314797071086,-0.02558283638343581
2019-07-03,0.0864242013842302,0.0338173706832192,0.038960479601373436,-0.005143108918154234
2019-07-04,-0.05969476103893,0.0007738703746102,-0.026099760940046467,0.026873631314656667
2019-07-05,-0.0177025129864825,-0.0237064566734126,-0.007402490484106156,-0.016303966189306445
2019-07-06,0.0238884823024951,0.0091990605889042,0.011116120057499018,-0.001917059468594818
2019-07-07,0.01653696797056,0.0105673248662832,0.0078428194341736,0.0027245054321095984
2019-07-08,0.0549577199003934,0.0449844765984748,0.02494986235922644,0.02003461423924836
2019-07-09,0.0128363415041441,0.0140820755371962,0.006195095935003711,0.00788697960219249
2019-07-10,-0.0386092620333364,-0.0334918607585521,-0.01671133102999154,-0.01678052972856056
2019-07-11,-0.0745695569542768,-0.0958535187349731,-0.0327228424635408,-0.06313067627143229
2019-07-12,0.0373964466536955,-0.0001352163738124,0.017130612600697686,-0.017265828974510088
2019-07-13,-0.0323143893790733,-0.0146527083434122,-0.013908505700053048,-0.0007442026433591518
2019-07-14,-0.1124342002499982,-0.0746641449799971,-0.049582275079141064,-0.025081869900856035
2019-07-15,0.0552920902334745,-0.100502305497061,0.02509874251782742,-0.12560104801488842
2019-07-16,-0.1325157770423741,-0.0343875741945369,-0.05852370331608211,0.02413612912154521
2019-07-17,0.02260676982696,-0.0597240894358375,0.010545430801427247,-0.07026952023726475
2019-07-18,0.0932941600700818,0.0579709838623268,0.04201936502732331,0.015951618835003484
2019-07-19,-0.0139794619981232,0.0088530260289703,-0.005744782347983817,0.014597808376954118
2019-07-20,0.0219266585195017,0.034218609982636,0.010242607646072271,0.023976002336563725
2019-07-21,-0.0076626245743751,-0.0143598013330326,-0.0029321770883056642,-0.011427624244726936
2019-07-22,-0.02905119029539,-0.0170654980775069,-0.012455549055698137,-0.004609949021808762
2019-07-23,-0.0366383074198157,-0.0324075591579751,-0.015833753067998335,-0.016573806089976766
2019-07-24,-0.0020141655498804,-0.0214737688449382,-0.0004171708445730494,-0.02105659800036515
2019-07-25,0.0060069216939329,0.0563461936267914,0.0031542606577594167,0.053191932969031984
2019-07-26,1.6266582023583e-05,-0.0211222255621601,0.00048688979693451,-0.02160911535909461
2019-07-27,-0.045309542564162,-0.0153652131110932,-0.01969466636033749,0.004329453249244289
2019-07-28,0.012127375428574,-0.023454202045368,0.0058794250415934645,-0.029333627086961467
2019-07-29,-0.0069032584406718,0.0116915782061974,-0.0025940653025494165,0.014285643508746816
2019-07-30,0.0087703605493123,-0.0069689345141643,0.00438469641825858,-0.01135363093242288
2019-07-31,0.0472513334188775,0.022785210432727,0.02151855303511163,0.0012666573976153686
2019-08-01,0.0205815534902944,0.0007695985640872,0.009643692520325186,-0.008874093956237986
2019-08-02,0.0099814338558159,0.0180384871861365,0.004923933210853873,0.013114553975282628
2019-08-03,0.0212669099136917,0.0177908333966305,0.009948851091282625,0.007841982305347876
2019-08-04,0.01152485613094,-0.0080166089970949,0.005611150138837229,-0.013627759135932128
2019-08-05,0.0653715972167505,0.0463582015189691,0.029586696291901828,0.01677150522706727
2019-08-06,-0.0305832644125256,-0.0062708926959818,-0.013137713156340056,0.006866820460358256
2019-08-07,0.0339244614586204,-0.014444993008416,0.015584692836405472,-0.03002968584482147
2019-08-08,0.0005205532594203,-0.0147105344131679,0.000711426106179911,-0.015421960519347811
2019-08-09,-0.0203951041576226,-0.0436192797585626,-0.00860138093863016,-0.03501789881993244
2019-08-10,-0.0342499615620957,-0.0219552726495457,-0.014770329447802016,-0.0071849432017436834
2019-08-11,0.0227813738621707,0.0138971051820329,0.010623174171226253,0.003273931010806648
2019-08-12,-0.0156616754769016,0.0040160317941273,-0.00649379679317532,0.01050982858730262
2019-08-13,-0.0348145862562443,-0.0170227374343392,-0.0150217315780098,-0.0020010058563294
2019-08-14,-0.0933052614827607,-0.0314431247428963,-0.041065013959435064,0.00962188921653876
2019-08-15,0.0251237384793823,-0.091960063193107,0.011666124400986046,-0.10362618759409305
2019-08-16,0.0001634853327603,0.001844275563112,0.0005524397240370583,0.0012918358390749418
2019-08-17,-0.0069230139944034,-0.0017739035386696,-0.0026028615672948822,0.0008289580286252821
2019-08-18,0.0161163376388646,0.0288639572174611,0.0076555315551379765,0.021208425662323123
2019-08-19,0.0487393265015727,0.044913764836485,0.022181089822115082,0.02273267501436992
2019-08-20,-0.0174338889409906,-0.0036520014496357,-0.007282884207651087,0.003630882758015387
2019-08-21,-0.0553198218902117,-0.0542461059778762,-0.024151796154029265,-0.030094309823846935
2019-08-22,0.0058301438863175,0.0050115029090154,0.0030755494043046092,0.0019359535047107912
2019-08-23,0.0309449869321376,0.0216159438845933,0.014258066051179413,0.007357877833413887
2019-08-24,-0.0306383416866857,-0.0133801870830589,-0.013162236603850205,-0.00021795047920869504
2019-08-25,-0.0084058817111944,-0.0076263125163489,-0.0032631162580319755,-0.004363196258316925
2019-08-26,0.0211244171164413,0.0047620521852005,0.009885405419955704,-0.005123353234755204
2019-08-27,-0.014819300625299,-0.0141301013644294,-0.0061187249369121155,-0.008011376427517286
2019-08-28,-0.0490197528262665,-0.017685443819901,-0.0213466570952067,0.003661213275305702
2019-08-29,-0.0254489197347513,-0.0806797630835083,-0.01085161904357753,-0.06982814403993076
2019-08-30,0.008969009517397,-0.0040382117672539,0.004473145921543904,-0.008511357688797804
2019-08-31,0.0035405313221037,0.0016870348008231,0.0020560873050391405,-0.0003690525042160406
2019-09-01,0.0091866769747532,0.0120516675910078,0.004570063507727017,0.0074816040832807835
2019-09-02,0.0513439066297483,0.0135409757580591,0.023340792894449843,-0.009799817136390743
2019-09-03,0.0279198455418931,0.0317904935797592,0.012911105853425388,0.018879387726333813
2019-09-04,-0.008873391567004,-0.0096970456828664,-0.0034712774930287828,-0.006225768189837617
2019-09-05,-0.0007040370068898,-0.0222837104886703,0.00016617081576738928,-0.022449881304437688
2019-09-06,-0.0203807533663322,0.0036777549044044,-0.008594991172936306,0.012272746077340706
2019-09-07,0.017493546406297,-0.0050856694619225,0.008268741040060396,-0.013354410501982897
2019-09-08,-0.0002246739833804,0.0438329780207036,0.00037960973634954497,0.04345336828435405
2019-09-09,-0.0062853348581777,-0.002883497170413,-0.0023189315605176572,-0.0005645656098953429
2019-09-10,-0.0178019344093751,0.0035961709147951,-0.007446758398284403,0.011042929313079503
2019-09-11,-0.0005626577111659,-0.0145189680528972,0.0002291206946526197,-0.01474808874754982
2019-09-12,0.0198924005770129,0.0036970066186468,0.009336843542174983,-0.005639836923528183
2019-09-13,-0.0026872641201238,0.003488693162053,-0.0007168715416071554,0.0042055647036601555
2019-09-14,0.0066059175809209,0.0193989351441459,0.0034209667432974528,0.015977968400848447
2019-09-15,-0.0037398981366791,0.0286677406669335,-0.0011855624026935999,0.029853303069627097
2019-09-16,0.0019074792269133,0.0263515998724406,0.0013289622258035871,0.02502263764663701
2019-09-17,0.0084045289125223,0.0461758260840108,0.004221807947847116,0.04195401813616369
2019-09-18,0.0055259492893,0.0485910154356696,0.0029401051517233177,0.04565091028394628
2019-09-19,0.0081865567757075,-0.0054118981604114,0.0041247547015242384,-0.009536652861935639
2019-09-20,-0.0094902973089459,0.0268172547183009,-0.0037459580361734104,0.03056321275447431
2019-09-21,-0.0161206627708496,-0.0022647251273362,-0.006698163312444958,0.004433438185108758
2019-09-22,-0.0029329626738432,-0.0295428575947216,-0.0008262701216447687,-0.028716587473076833
2019-09-23,-0.0390357325108619,-0.0114761618498233,-0.016901219264834528,0.005425057415011227
2019-09-24,-0.1118079872753021,-0.0849263069782688,-0.04930345044140582,-0.035622856536862986
2019-09-25,-0.0304599716230287,-0.1247886225317334,-0.013082816389974711,-0.11170580614175868
2019-09-26,-0.0389733525098181,-0.011650131468798,-0.016873444239570316,0.0052233127707723166
2019-09-27,0.0132826719145082,0.0012034524367452,0.006393826909941405,-0.0051903744731962055
2019-09-28,0.0031727056044408,0.0389456541548449,0.0018923109595764273,0.03705334319526847
2019-09-29,-0.0191631836001731,-0.0215770212658066,-0.008052861797332994,-0.013524159468473606
2019-09-30,0.0324833736298577,0.0166499934713506,0.014943040861700828,0.001706952609649771
2019-10-01,0.0086231215573411,0.0369317981098253,0.004319137478639364,0.03261266063118594
2019-10-02,-0.0012874414491816,-0.0149318946664749,-9.359309658859698e-05,-0.014838301569886303
2019-10-03,-0.0184584373184026,-0.0023053557312744,-0.007739069789421828,0.005433714058147428
2019-10-04,-0.0028636384491322,-0.0066455256576087,-0.0007954031440790274,-0.005850122513529673
2019-10-05,-0.0010763582967356,0.0004965257567732,3.9279302240966766e-07,0.0004961329637507904
2019-10-06,-0.0284813133937396,-0.0078706284607124,-0.012201808352332059,0.004331179891619659
2019-10-07,0.0429457930693475,0.0121010590933909,0.019601488431340453,-0.007500429337949553
2019-10-08,0.0001660791161413,0.0267851634271547,0.0005535946198006313,0.02623156880735407
2019-10-09,0.0471337370217757,0.027857835899284,0.0214661926175767,0.006391643281707299
2019-10-10,-0.00675589917312,0.0308966847377867,-0.0025284528095920484,0.03342513754737875
2019-10-11,-0.0363887894896661,-0.0315532058453804,-0.015722653890412355,-0.015830551954968044
2019-10-12,0.0059921097531363,-0.0159911380457904,0.0031476655628098556,-0.019138803608600256
2019-10-13,0.0025733872597974,-0.0011712358970825,0.0016254612980625093,-0.0027966971951450094
2019-10-14,0.0126968266631983,0.007507100408155,0.0061329762144656935,0.0013741241936893068
2019-10-15,-0.0226278033687341,-0.0048655533218937,-0.009595502066529224,0.004729948744635524
2019-10-16,-0.0218663807981682,-0.0339073901948587,-0.00925647464138764,-0.024650915553471063
2019-10-17,0.0137225574837795,-0.0049448269389564,0.006589688285309029,-0.011534515224265428
2019-10-18,-0.0168938242539624,-0.0123235112042596,-0.007042417550461,-0.005281093653798599
2019-10-19,-0.0025041529646658,-0.002307854921649,-0.0006353403315413867,-0.0016725145901076133
2019-10-20,0.029777325691918,-0.0047706872815149,0.013738158710614155,-0.018508845992129055
2019-10-21,0.0023997576635981,0.010321245381796,0.0015481518023851325,0.00877309357941087
2019-10-22,-0.0202226873480944,-0.0050954719284863,-0.008524611442630024,0.0034291395141437244
2019-10-23,-0.0715842597794322,-0.0553168042249367,-0.03139362311334764,-0.02392318111158906
2019-10-24,-0.0014257778512618,-0.0166266960504231,-0.0001551881109913673,-0.016471507939431734
2019-10-25,0.1412308432840303,0.0469672032122181,0.06336342666680703,-0.016396223454588923
2019-10-26,0.0482982092733914,0.0753358653333515,0.021984680044106072,0.05335118528924543
2019-10-27,0.0291475681803614,-0.0009972057152047,0.01345775584910202,-0.01445496156430672
2019-10-28,-0.0246874567459958,0.0082109528797253,-0.01051257362202334,0.01872352650174864
2019-10-29,0.0254671975244535,0.0161956248492165,0.011819051356652115,0.004376573492564387
2019-10-30,-0.0262457396521655,-0.0072429263515791,-0.011206407324547047,0.003963480972967947
2019-10-31,-0.0018976868156146,-0.012940565863567,-0.0003653080723248669,-0.012575257791242134
2019-11-01,0.0057033121618497,-0.0035819105524534,0.003019076908433326,-0.0066009874608867255
2019-11-02,0.0080431778047866,0.0107779275173207,0.0040609144566853776,0.006717013060635322
2019-11-03,-0.0092020758966304,-0.0058867663782535,-0.0036176259285299883,-0.0022691404497235113
2019-11-04,0.0196328201736708,0.0120407649499965,0.009221263995200324,0.002819500954796177
2019-11-05,-0.0018789072558815,0.0121103929975125,-0.0003569463740672575,0.012467339371579757
2019-11-06,0.0075303982424905,0.0171315031652214,0.0038325966455371343,0.013298906519684264
2019-11-07,-0.0186211168876866,-0.010633754507701,-0.007811503727723008,-0.002822250779977992
2019-11-08,-0.0439602135926318,-0.0176013931252123,-0.019093870501939395,0.0014924773767270964
2019-11-09,0.005616192314032,-0.0061532012569598,0.0029802863355948956,-0.009133487592554695
2019-11-10,0.0237484693902079,0.0194363065065648,0.011053778568062968,0.008382527938501833
2019-11-11,-0.0299546883272503,-0.0028928035147721,-0.012857836331125801,0.009965032816353702
2019-11-12,0.0055726745806836,-0.0059554665708505,0.0029609098347457797,-0.008916376405596279
2019-11-13,-0.001099482051079,0.0063122015445111,-9.903180852941635e-06,0.006322104725364042
2019-11-14,-0.0148661207135472,-0.005942625668788,-0.006139571828739727,0.00019694615995172714
2019-11-15,-0.0230549735957712,-0.0202863172330483,-0.009785701868541788,-0.010500615364506513
2019-11-16,0.0042101276643959,-0.0047877909895133,0.002354228616561898,-0.007142019606075198
2019-11-17,0.0018226075382985,0.0124746507303772,0.0012911726577361359,0.011183478072641063
2019-11-18,-0.0377307989683828,-0.0065890119037153,-0.016320190705937505,0.009731178802222205
2019-11-19,-0.0118418675151694,-0.0319371372849515,-0.00479300710311017,-0.02714413018184133
2019-11-20,-0.0055107195562698,-0.003517462474365,-0.001974030001996841,-0.0015434324723681589
2019-11-21,-0.0610996734140911,-0.0395196181472767,-0.026725305602777465,-0.012794312544499233
2019-11-22,-0.0484934976716013,-0.0966160911514544,-0.02111233920531144,-0.07550375194614296
2019-11-23,0.0072600743093111,-0.019699976734155,0.003712233485101998,-0.023412210219257
2019-11-24,-0.0515000397878777,-0.0104047872741972,-0.02245101797799788,0.01204623070380068
2019-11-25,0.0178999464699582,-0.0472078573756986,0.008449692817019188,-0.05565755019271779
2019-11-26,0.0099372828205455,0.028466072687685,0.004904274728975756,0.023561797958709246
2019-11-27,0.0393850814627541,0.0169034075570859,0.018016062763228306,-0.0011126552061424058
2019-11-28,-0.0067196966517037,0.0240769999592451,-0.0025123334455308026,0.026589333404775903
2019-11-29,0.0346741913288752,0.0054523737541058,0.015918514024914905,-0.010466140270809105
2019-11-30,-0.020594547156576,-0.0028755655463914,-0.008690183988357768,0.005814618441966368
2019-12-01,-0.0176672855246842,-0.0261721609241103,-0.007386805270494909,-0.018785355653615388
2019-12-02,-0.0141325560230951,0.001036092886494,-0.005812948272001814,0.006849041158495814
2019-12-03,-0.0035614488205766,-0.00143744947714,-0.001106106901247743,-0.00033134257589225694
2019-12-04,-0.01007932451322,-0.0107762273004157,-0.0040082255130292335,-0.006768001787386467
2019-12-05,0.0206301068916454,0.0009801702224905,0.009665311178975743,-0.008685140956485243
2019-12-06,0.0141939450461006,0.0134024804133483,0.006799576089631292,0.006602904323717008
2019-12-07,-0.0010545734045734,-0.001047193849887,1.0092631433094787e-05,-0.0010572864813200948
2019-12-08,0.0045636096580441,0.0055768287484561,0.002511618343072626,0.003065210405383474
2019-12-09,-0.0209889769592939,-0.0023054880137935,-0.00886580594334548,0.006560317929551981
2019-12-10,-0.0149641494724201,-0.0163092650096121,-0.0061832196519002675,-0.010126045357711833
2019-12-11,-0.0069589854393843,-0.0144646801893522,-0.002618878043351578,-0.011845802146000622
2019-12-12,0.0019745368652834,-0.0135499310677591,0.001358819993817732,-0.014908751061576832
2019-12-13,0.0052841273765986,0.0089296196411226,0.0028324326665945454,0.006097186974528054
2019-12-14,-0.0230122219658728,-0.0073594333973874,-0.009766666479304131,0.002407233081916731
2019-12-15,0.0055753710974686,-0.0070084304087334,0.0029621104731006294,-0.00997054088183403
2019-12-16,-0.0383932125803561,-0.0159047257068065,-0.01661513386881109,0.0007104081620045895
2019-12-17,-0.0525114612049995,-0.0795089277356035,-0.022901358711297927,-0.056607569024305575
2019-12-18,0.0868528219167767,-0.0352863607718632,0.039151325159581744,-0.07443768593144495
2019-12-19,-0.0161722844102181,0.020815359609684,-0.006721148120294406,0.027536507729978406
2019-12-20,0.0067299553748272,0.0032719483242775,0.003476195226814879,-0.00020424690253737898
2019-12-21,-0.0073329032537436,-0.0015411561719416,-0.002785366927076926,0.0012442107551353262
2019-12-22,0.041652121849049,0.0130324245439474,0.019025474480937585,-0.005993049936990185
2019-12-23,-0.0187031599179023,0.0174540462321042,-0.007848033820683305,0.025302080052787508
2019-12-24,-0.0095623160322508,-0.0250175614893493,-0.0037780247534837446,-0.021239536735865556
2019-12-25,-0.0075418195710836,-0.0198580983109613,-0.0028783880219010543,-0.016979710289060247
2019-12-26,0.0020392681582057,0.0035025752888602,0.00138764194422199,0.0021149333446382097
2019-12-27,0.006777074410607,-0.0047203036645377,0.0034971752266114535,-0.008217478891149155
2019-12-28,0.0121256471951891,0.0155913380425847,0.0058786555365417685,0.00971268250604293
2019-12-29,0.015093655819423,0.026679111659611,0.00720017706817194,0.01947893459143906
2019-12-30,-0.0202294514362719,0.0163993595142839,-0.008527623188652399,0.0249269827029363
2019-12-31,-0.0083543771452729,-0.0172567940167107,-0.0032401835777537643,-0.014016610438956937
2020-01-01,0.0010181638981965,-0.0028888131871642,0.0009329898739336965,-0.0038218030610978966
2020-01-02,-0.0327178129089791,-0.0141998613701339,-0.014088132159620488,-0.0001117292105134119
2020-01-03,0.0519286831391898,0.0154932568653061,0.023601167726958278,-0.008107910861652178
2020-01-04,0.0057746103732405,0.0235937972223494,0.0030508228140046015,0.020542974408344798
2020-01-05,0.0006878015866096,0.0219317666517442,0.0007858943080931847,0.021145872343651013
2020-01-06,0.0583732565935548,0.0276353502690547,0.026470648129601614,0.001164702139453088
2020-01-07,0.0380939501136499,0.0117535592910869,0.017441179703902857,-0.005687620412815958
2020-01-08,-0.0139853967240188,0.0002653686894484,-0.005747424816065385,0.006012793505513784
2020-01-09,-0.0266355990514091,-0.0272647647956603,-0.011379994283224367,-0.015884770512435933
2020-01-10,0.0437223942334306,0.0044031960252564,0.019947274205493915,-0.015544078180237515
2020-01-11,-0.0094762207491836,0.0288624082360531,-0.0037396903735172887,0.03260209860957039
2020-01-12,0.020231926653464,0.0043769201556695,0.009488019322769574,-0.005111099167100073
2020-01-13,-0.0057675210511991,-0.0018052356722808,-0.0020883722253087706,0.00028313655302797066
2020-01-14,0.1136449204903584,0.0693560248526372,0.05108064869774542,0.018275376154891776
2020-01-15,-0.0071746698805235,0.0640143983548613,-0.0027149126810799796,0.06672931103594128
2020-01-16,-0.0104503980606445,-0.0156989287154978,-0.004173447971864387,-0.011525480743633413
2020-01-17,0.0272887186736054,0.0399513921919716,0.01263009327858902,0.02732129891338258
2020-01-18,-0.0040399682441671,0.0202303812294308,-0.0013191702045059447,0.021549551433936744
2020-01-19,-0.0246867584350045,-0.012261507614923,-0.010512262695362535,-0.0017492449195604647
2020-01-20,-0.0020043504034035,-0.0253203651256823,-0.0004128005987120976,-0.0249075645269702
2020-01-21,0.0112903800553159,0.010819650146514,0.005506748426504141,0.00531290172000986
2020-01-22,-0.0065616454681816,0.0038673047495629,-0.0024419603204601163,0.0063092650700230166
2020-01-23,-0.035914104466145,-0.0301181902600342,-0.015511297874057306,-0.014606892385976893
2020-01-24,0.0019704720107878,-0.0164989542016416,0.0013570100958629153,-0.017855964297504516
2020-01-25,-0.0105818755077793,-0.0031544687985709,-0.0042319890003148205,0.0010775202017439204
2020-01-26,0.0330820168175929,0.0199161347366905,0.015209589906031858,0.004706544830658641
2020-01-27,0.0321734992477162,0.0317864956320059,0.014805067654764383,0.016981427977241514
2020-01-28,0.0435293602967084,0.019403860635772,0.01986132482460909,-0.0004574641888370895
2020-01-29,-0.004681455898841,0.0250638537338714,-0.001604795974257647,0.026668649708129048
2020-01-30,0.0304007066465956,0.0043545736694321,0.01401572237646343,-0.00966114870703133
2020-01-31,-0.0230294190444597,0.0213715394679345,-0.009774323569464907,0.031145863037399406
2020-02-01,0.0081880387300161,0.0070472765070368,0.0041254145495151495,0.00292186195752165
2020-02-02,0.0025283343429451,0.0306873306333095,0.0016054012486418556,0.029081929384667644
2020-02-03,-0.0002163894557796,0.0103791617014854,0.00038329846606361973,0.009995863235421782
2020-02-04,-0.0101154538182877,-0.0103897862101023,-0.004024312277124174,-0.006365473932978126
2020-02-05,0.052277254300912,0.0417117246534504,0.023756370879590667,0.01795535377385973
2020-02-06,0.0185086835035566,0.0680382444046276,0.008720736199586384,0.059317508205041225
2020-02-07,0.0095021904105481,0.0470389497658079,0.004710547533115993,0.04232840223269191
2020-02-08,0.0113165955138567,0.0145666142843445,0.0055184209980190455,0.009048193286325454
2020-02-09,0.025626105185597,0.0184609439104166,0.011889805832911878,0.006571138077504722
2020-02-10,-0.0212280561286419,-0.0202169650038586,-0.008972257207495426,-0.011244707796363175
2020-02-11,0.0349175929248497,0.015985538302365,0.016026889872372718,-4.135157000771661e-05
2020-02-12,0.0252503409978324,0.1216751021633282,0.01172249484166615,0.10995260732166205
2020-02-13,-0.0035956356714486,0.0464109697842012,-0.0011213287773424053,0.047532298561543604
2020-02-14,0.0167256099746788,0.0170078227467147,0.007926813283846867,0.009081009462867832
2020-02-15,-0.0547162225562933,0.017458755959276,-0.023883040359407307,0.0413417963186833
2020-02-16,-0.0038920687301651,-0.0517838593685082,-0.001253317163960373,-0.05053054220454783
2020-02-17,-0.0191030160333527,-0.0365209994863739,-0.008026071870103764,-0.028494927616270135
2020-02-18,0.0466096710144503,0.0689081106796676,0.021232849457108377,0.04767526122255922
2020-02-19,-0.0600934979095875,0.0213946501434607,-0.026277300639805507,0.047671950783266206
2020-02-20,-0.0074207052020938,-0.0741580439902191,-0.002824461208783678,-0.07133358278143542
2020-02-21,0.0137965898610126,0.016932145680399,0.006622651592676965,0.010309494087722035
2020-02-22,-0.005197904938285,-0.0021462221591095,-0.0018347476395063056,-0.0003114745196031944
2020-02-23,0.0352581356626267,0.028293836214341,0.0161785183267977,0.0121153178875433
2020-02-24,-0.0354108028775526,-0.0055689725660048,-0.015287200180810132,0.009718227614805331
2020-02-25,-0.0387131198364238,-0.0413758112285478,-0.016757574265906405,-0.024618236962641392
2020-02-26,-0.071741883990696,-0.0916531605213544,-0.03146380612676294,-0.060189354394591464
2020-02-27,0.0001785946607091,-0.0348919741209883,0.000559167232188405,-0.03545114135317671
2020-02-28,-0.005986166727923,-0.0053934246170479,-0.002185725368837141,-0.003207699248210759
2020-02-29,-0.022088508257549,0.0049476570840516,-0.009355378067051978,0.014303035151103578
2020-03-01,0.0003880719786186,-0.0290777790046385,0.0006524381154820807,-0.02973021712012058
2020-03-02,0.0454964991518505,0.0249372244664174,0.020737203800010526,0.004200020666406873
2020-03-03,-0.0178553731935755,0.0065215605353259,-0.007470552299477393,0.013992112834803293
2020-03-04,-0.0028455717306696,-0.0108618509111204,-0.0007873588421658587,-0.010074492068954543
2020-03-05,0.0300357469609444,0.0243959052361297,0.013853222146906471,0.01054268308922323
2020-03-06,0.0199672919562985,0.0259212303531271,0.009370189324748288,0.016551041028378812
2020-03-07,-0.0286587883707332,0.0284315650471249,-0.012280830024138403,0.0407123950712633
2020-03-08,-0.1175693872466459,-0.0823212241328343,-0.05186874423883526,-0.03045247989399904
2020-03-09,-0.0122417545163004,-0.1079448991075882,-0.004971058904543207,-0.102973840203045
2020-03-10,0.0009828062874026,0.0050690082995634,0.0009172467107940682,0.004151761588769332
2020-03-11,-0.0041731743458166,-0.0289087419490901,-0.0013784809255183437,-0.027530261023571756
2020-03-12,-0.4649564020660524,-0.2353083653372927,-0.20654464920224241,-0.0287637161350503
2020-03-13,0.1035505857414547,-0.2197567078184281,0.04658609278263174,-0.26634280060105986
2020-03-14,-0.0625939907118944,0.0358446605806959,-0.02739065827999356,0.06323531886068946
2020-03-15,0.0362088712724757,-0.0408468660161815,0.016601838383567175,-0.05744870439974868
2020-03-16,-0.0771637916990872,-0.0918985553787052,-0.03387793919923676,-0.05802061617946844
2020-03-17,0.0647302855051439,0.0195227786209608,0.02930114886173104,-0.009778370240770239
2020-03-18,-0.0008955617155175,-0.0099723818129371,8.089342667084255e-05,-0.010053275239607943
2020-03-19,0.1419698801782827,0.0854120593751197,0.06369248675121825,0.02171957262390145
2020-03-20,-0.0064134386466045,0.093306512460602,-0.002375970449592014,0.095682482910194
2020-03-21,-0.0012875619069205,-0.0331020285664207,-9.36467310336954e-05,-0.033008381835387006
2020-03-22,-0.0520899772427743,-0.0141148997735207,-0.022713690748755816,0.008598790975235115
2020-03-23,0.0932324601342351,-0.0185450577428545,0.04199189280468357,-0.060536950547538076
2020-03-24,0.0396607011288629,0.0734761910837322,0.018138783876748492,0.055337407206983706
2020-03-25,-0.0087303783365779,-0.0023240660470431,-0.003407600096078879,0.001083534049035779
2020-03-26,0.0153887393592571,-0.0109053454507384,0.007331564574372691,-0.018236910025111092
2020-03-27,-0.0506184646331364,0.0106427289131412,-0.022058491979512432,0.032701220892653635
2020-03-28,-0.021385398435985,-0.0609146743836541,-0.009042314701699625,-0.05187235968195447
2020-03-29,-0.0507362216324249,-0.0020958021783039,-0.022110923906020086,0.020015121727716186
2020-03-30,0.072014575366917,0.0164077710747658,0.032544517434304934,-0.016136746359539135
2020-03-31,0.0054891961578427,0.0150140326264143,0.002923740625630273,0.012090292000784028
2020-04-01,0.0223847236636052,-0.0049065219170536,0.010446563573248293,-0.015353085490301894
2020-04-02,0.0314721126984487,0.0496934773152801,0.014492771585512884,0.03520070572976722
2020-04-03,-0.0067610135354607,0.0269651165887871,-0.002530730006463583,0.02949584659525068
2020-04-04,0.0173468670147167,-0.0017396554539281,0.0082034312654738,-0.0099430867194019
2020-04-05,-0.0106183475914782,0.0078465233268207,-0.004248228388407553,0.012094751715228252
2020-04-06,0.0858696638400804,0.0764036081007546,0.0387135688280328,0.0376900392727218
2020-04-07,-0.015524086684401,0.0959359802202284,-0.006432534655890435,0.10236851487611882
2020-04-08,0.0293211757555464,-0.0046250262420342,0.013535055539806357,-0.018160081781840556
2020-04-09,-0.0089446445037157,0.0051935960698115,-0.003503003239809824,0.008696599309621324
2020-04-10,-0.0662903250516429,-0.0610708045983248,-0.02903647068707256,-0.03203433391125224
2020-04-11,0.0026230654354657,-0.0161314582319063,0.001647580768424463,-0.017779039000330763
2020-04-12,0.0074411810330863,0.0126809305221087,0.0037928722113636858,0.008888058310745014
2020-04-13,-0.0107757497854308,-0.0366017154317086,-0.004318312547441249,-0.03228340288426735
2020-04-14,0.0017647328380743,0.0271881524056052,0.0012654036414811163,0.025922748764124082
2020-04-15,-0.0344299060779453,-0.0039005875041198,-0.014850450694840304,0.010949863190720504
2020-04-16,0.0688236291876487,0.0441666826990259,0.031123731777637734,0.013042950921388165
2020-04-17,-0.0038746632400572,0.0349044707649008,-0.0012455672774680103,0.03615003804236881
2020-04-18,0.0375049775661793,0.0379451494816267,0.017178936563277757,0.020766212918348945
2020-04-19,-0.0212605788122628,0.0292024382307349,-0.00898673810432318,0.038189176335058084
2020-04-20,-0.0411107172154823,-0.0208305729525601,-0.017825117174890947,-0.003005455777669152
2020-04-21,-0.001718577154584,-0.0420595146434488,-0.000285558548808568,-0.041773956094640234
2020-04-22,0.0416090403840847,0.0315272182439665,0.019006292230893018,0.012520926013073485
2020-04-23,0.0309852908925734,0.0433738496083995,0.01427601160264816,0.029097838005751345
2020-04-24,0.0155911613689552,0.01569234000487,0.0074216940443842345,0.008270645960485764
2020-04-25,0.0090619125338342,0.0239467210794286,0.004514511480785445,0.019432209598643155
2020-04-26,0.0181654250937022,0.0124728212672371,0.008567898577811343,0.0039049226894257577
2020-04-27,0.0082518430410676,0.0026039946026266,0.0041538237563405345,-0.0015498291537139343
2020-04-28,0.0032142162024575,0.0021937739393669,0.0019107937728074953,0.00028298016655940446
2020-04-29,0.1082758395509042,0.0575695303334251,0.04869003702343287,0.008879493309992229
2020-04-30,-0.0206450935199828,0.0321908978357283,-0.008712690023900347,0.04090358785962865
2020-05-01,0.024133614938619,-0.01164808179875,0.011225266659735262,-0.022873348458485262
2020-05-02,0.0156553583162217,0.0060805063036353,0.0074502780745601925,-0.0013697717709248922
2020-05-03,-0.0124748658303559,0.0005023061591176,-0.005074852949572461,0.005577159108690061
2020-05-04,-0.0074048442598941,-0.0450507606806782,-0.0028173990404133775,-0.04223336164026482
2020-05-05,0.0136448491700971,0.0105099106216739,0.006555088247802578,0.003954822373871323
2020-05-06,0.0102659997562808,0.0041258164095205,0.0050506376825193355,-0.0009248212729988355
2020-05-07,0.0745201638001704,0.0002467182852532,0.033660143931112226,-0.03341342564585902
2020-05-08,-0.011006364414924,0.0267080880314969,-0.004420994930469312,0.03112908296196621
2020-05-09,-0.0217801799791601,3.767560363776568e-05,-0.009218093270985536,0.009255768874623302
2020-05-10,-0.0926690926590367,-0.115979799577321,-0.040781756427284155,-0.07519804315003685
2020-05-11,-0.016133076054551,-0.0096716664207114,-0.006703690392641319,-0.0029679760280700816
2020-05-12,0.0195749849525226,0.0126446608506123,0.009195512557212617,0.003449148293399682
2020-05-13,0.0515633675168798,0.0219711121327117,0.02343850901472217,-0.0014673968820104709
2020-05-14,0.0429695286318123,0.0344198166599181,0.01961205681601645,0.014807759843901647
2020-05-15,-0.0452244722149206,-0.0070969637020095,-0.019656788337575736,0.012559824635566236
2020-05-16,0.0102096050389608,0.0052912427688101,0.005025527636476995,0.00026571513233310425
2020-05-17,0.0260924835685116,0.0217593129750008,0.012097463273620154,0.009661849701380648
2020-05-18,0.0123671619346685,0.0406619418491001,0.005986191251169438,0.03467575059793067
2020-05-19,0.0025682473855459,-0.0015208985619743,0.001623172741877811,-0.003144071303852111
2020-05-20,-0.0211727425797709,-0.0017961345628743,-0.008947628557421077,0.0071514939945467775
2020-05-21,-0.0495429429780802,-0.0355731437443767,-0.02157961027637784,-0.01399353346799886
2020-05-22,0.0148030966923622,-0.0077053373523385,0.007070804080678811,-0.01477614143301731
2020-05-23,0.0008132435987207,0.0227528222491848,0.0008417480271903188,0.02191107422199448
2020-05-24,-0.0397389362568905,-0.0022843851835432,-0.017214324450551318,0.014929939267008118
2020-05-25,0.0118623805348319,-0.0197708505882152,0.0057614346641421095,-0.025532285252357307
2020-05-26,-0.0068105795867641,-0.0056486891571641,-0.0025527995528592698,-0.00309588960430483
2020-05-27,0.0347606777279381,0.012797850676633,0.015957022551346255,-0.0031591718747132555
2020-05-28,0.0395551513390808,0.025737289838954,0.018091787274812376,0.007645502564141624
2020-05-29,-0.0098840619980835,0.0487363067932555,-0.003921283845823077,0.05265759063907858
2020-05-30,0.0372706987661537,0.0519644940333297,0.017074622688947886,0.03488987134438182
2020-05-31,-0.0267755151459248,0.0223157727277865,-0.011442292664035786,0.03375806539182229
2020-06-01,0.0687037484990158,0.0045236520357558,0.031070354267221663,-0.026546702231465862
2020-06-02,-0.0578562353901004,0.0222385815157402,-0.025281147674726265,0.047519729190466466
2020-06-03,0.012378521751728,-0.0214274124261413,0.005991249269773876,-0.027418661695915177
2020-06-04,0.0114697078411039,0.0183175252804712,0.005586595071221884,0.012730930209249315
2020-06-05,-0.0126265776224157,-0.0011004037292314,-0.005142403427078562,0.004041999697847162
2020-06-06,0.0026622267847455,-0.0055285175953434,0.001665017566235084,-0.007193535161578484
2020-06-07,0.0059691526865082,-0.0020842042289652,0.00313744380752101,-0.0052216480364862105
2020-06-08,0.0044643588696482,0.0096483375825719,0.0024674264048061703,0.00718091117776573
2020-06-09,-0.0026584536848242,0.0004262976523916,-0.0007040435429709023,0.0011303411953625022
2020-06-10,0.0108208391390025,0.0046365280542266,0.005297682851079916,-0.0006611547968533166
2020-06-11,-0.0601399853390374,-0.0119497012675546,-0.02629799941354443,0.01434829814598983
2020-06-12,0.017461673254723,-0.0258858645341604,0.008254549350810561,-0.034140413884970966
2020-06-13,0.0006979220993414,0.0063051458610816,0.0007904005198935845,0.005514745341188015
2020-06-14,-0.0141380254437759,-0.0047050371525516,-0.005815383560476452,0.0011103464079248518
2020-06-15,0.0056068546328003,-0.0379318218954471,0.0029761286836587,-0.0409079505791058
2020-06-16,0.0089800984531054,0.0263218156462192,0.004478083328794631,0.02184373231742457
2020-06-17,-0.0036190273498579,-0.0001112627899866,-0.0011317440458245977,0.0010204812558379977
2020-06-18,-0.0079695001686364,-0.0026740275451331,-0.0030688150690840353,0.00039478752395093533
2020-06-19,-0.0116599337962988,-0.0123743542887675,-0.004712000152909981,-0.007662354135857519
2020-06-20,0.0061228068478529,-0.0032418747701008,0.003205859135220406,-0.006447733905321206
2020-06-21,-0.007097875415285,0.0039931847120922,-0.0026807195394246384,0.006673904251516838
2020-06-22,0.0420875782991299,0.033384670485546,0.01921936376756919,0.014165306717976809
2020-06-23,-0.0048028752363782,0.0226207311938813,-0.001658858576233104,0.024279589770114407
2020-06-24,-0.0340306346964043,-0.0131723289884417,-0.014672673001284461,0.0015003440128427605
2020-06-25,-0.003891039601763,-0.0268299061224634,-0.0012528589390983953,-0.025577047183365006
2020-06-26,-0.0097103457363356,-0.0086286773115515,-0.00384393576185199,-0.004784741549699509
2020-06-27,-0.0230454644854871,-0.015621958686987,-0.009781467886913676,-0.005840490800073324
2020-06-28,0.0143661508988213,-0.020398447743827,0.006876251655997572,-0.027274699399824572
2020-06-29,0.0062961310643148,0.0088640406033215,0.0032830326589551807,0.00558100794436632
2020-06-30,-0.005302952260231,0.0072223822987105,-0.001881520514981881,0.009103902813692381
2020-07-01,0.0102878803766097,0.0088844346291327,0.0050603801444023535,0.0038240544847303456
2020-07-02,-0.014956180226358,0.0012323236081996,-0.006179671302958174,0.007411994911157774
2020-07-03,-0.0024490377564223,-0.0078334116170104,-0.0006107999936800484,-0.007222611623330351
2020-07-04,0.0088105162999712,0.0017222305603343,0.004402575978540588,-0.002680345418206288
2020-07-05,-0.0053814409056069,-0.0014547177915824,-0.0019164679993004315,0.0004617502077180315
2020-07-06,0.0379608924575558,0.0326204959774276,0.01738193507905882,0.015238560898368777
2020-07-07,-0.010714482603868,0.0167881609784554,-0.004291033010934365,0.021079193989389764
2020-07-08,0.0247515665287547,0.0206649389582063,0.011500412872317518,0.009164526085888781
2020-07-09,-0.0200472936806335,0.0019685367309696,-0.008446516484896879,0.010415053215866478
2020-07-10,0.0027384209269873,-0.017961756855219,0.0016989434109022708,-0.01966070026612127
2020-07-11,-0.0042824326036399,0.0024188725248928,-0.0014271287424562616,0.0038460012673490617
2020-07-12,0.0065852717629031,-0.0002693959950894,0.003411774083671781,-0.0036811700787611813
2020-07-13,-0.0064710505643983,0.0098252309331376,-0.0024016224605805827,0.012226853393718182
2020-07-14,0.0006178157944001,-0.0110653881233382,0.0007547327641010671,-0.011820120887439266
2020-07-15,-0.005165772174517,-0.0012209202436892,-0.0018204403565545391,0.0005995201128653391
2020-07-16,-0.0104495285153465,-0.0211907212080255,-0.004173060802223217,-0.01701766040580228
2020-07-17,0.0002636401559392,-0.0047862961060189,0.0005970341885702242,-0.005383330294589124
2020-07-18,0.0042982653433716,0.0073381181003178,0.0023934723841046424,0.0049446457162131575
2020-07-19,0.0058764974589857,0.0026720009809375,0.003096188577603785,-0.00042418759666628487
2020-07-20,-0.0072285400115825,0.0120407284028596,-0.002738898641742268,0.014779627044601867
2020-07-21,0.0261595574192048,0.0147460667598808,0.012127328260256873,0.0026187384996239262
2020-07-22,0.0223169386869432,0.0149125266331227,0.010416381954014285,0.004496144679108416
2020-07-23,0.0126586793740042,0.0841153188437155,0.006115990932269508,0.07799932791144598
2020-07-24,-0.0032941920456108,0.028434351443769,-0.0009871094092231002,0.0294214608529921
2020-07-25,0.0305902985514778,0.0432635010928672,0.014100139174473671,0.029163361918393534
2020-07-26,0.0201119156441276,0.0657740603148795,0.009434583786371274,0.05633947652850824
2020-07-27,0.0854166112421346,0.0470147339191466,0.03851184476353453,0.008502889155612071
2020-07-28,-0.0008275069330929,-0.0149432244519633,0.00011119517834709639,-0.015054419630310397
2020-07-29,0.0161936708509244,0.0083459642813341,0.007689964576663823,0.0006559997046702761
2020-07-30,0.0100413703264932,0.0056525855097993,0.004950620241303596,0.0007019652684957037
2020-07-31,0.0224251737188367,0.0534319373460157,0.010464574174197222,0.04296736317181848
2020-08-01,0.0562697085454262,0.0607452260889092,0.025534032239835417,0.035211193849073785
2020-08-02,-0.0623591769206681,0.0466999368319047,-0.027286106198003108,0.07398604302990781
2020-08-03,0.0240524720032473,0.0217723545873314,0.011189137338763004,0.010583217248568396
2020-08-04,-0.0026719219103101,0.0103418424643955,-0.0007100403415742289,0.01105188280596973
2020-08-05,0.0390345196252033,0.0080207665950009,0.017859973251658643,-0.009839206656657743
2020-08-06,0.0021830785012504,0.0063439180859745,0.0014516742597796132,0.004892243826194886
2020-08-07,-0.0214178547340031,-0.0202094403497836,-0.009056766039986756,-0.011152674309796844
2020-08-08,0.0152079561104025,-0.0082498051929542,0.007251069877029594,-0.015500875069983794
2020-08-09,-0.0055443910530659,0.0155982610382565,-0.0019890224139645614,0.01758728345222106
2020-08-10,0.015746685159292,0.0080163550439094,0.0074909418342769835,0.0005254132096324162
2020-08-11,-0.0393799600758093,-0.0188556381500824,-0.0170544884080386,-0.0018011497420437998
2020-08-12,0.0128956647470364,-0.0169361130920968,0.006221509922540063,-0.023157623014636863
2020-08-13,0.0299359245336754,0.0359790043659318,0.013808775683409548,0.022170228682522254
2020-08-14,0.0051241353397806,0.0836415795969216,0.0027611953663326805,0.08088038423058892
2020-08-15,0.0086913637047194,0.0148942412941188,0.00434952265555184,0.01054471863856696
2020-08-16,0.0051194695085268,-0.0187461663043304,0.0027591178802989463,-0.021505284184629346
2020-08-17,0.0238976107023773,0.0073806913400069,0.01112018452580789,-0.00373949318580099
2020-08-18,-0.0251098125131745,-0.0076119989415959,-0.010700629760330184,0.0030886308187342837
2020-08-19,-0.0254299474515189,-0.0390440734291654,-0.01084317153416294,-0.02820090189500246
2020-08-20,0.0131210641601171,-6.803531035171062e-05,0.0063218702028879125,-0.006389905513239623
2020-08-21,-0.0375582265965279,-0.0128120505098552,-0.016243351944988955,0.003431301435133755
2020-08-22,0.0148637091802408,-0.042215313047059,0.007097792111361477,-0.049313105158420474
2020-08-23,-0.0028912260777413,0.003726012049757,-0.0008076866815714269,0.004533698731328427
2020-08-24,0.0158934889708071,0.0248574851995186,0.0075563070074973464,0.017301178192021253
2020-08-25,-0.042118926181546,-0.0236534742409793,-0.018274027547373336,-0.005379446693605964
2020-08-26,0.0082090736683708,-0.0157585760133738,0.004134780467028083,-0.019893356480401882
2020-08-27,-0.0158513180121335,-0.0048468198422098,-0.006578236134616444,0.0017314162924066444
2020-08-28,0.0220536245232327,0.0194602131658347,0.01029913993049542,0.00916107323533928
2020-08-29,-0.0004043766569123,0.0222579880205273,0.0002995961708818194,0.021958391849645483
2020-08-30,0.029148628532277,0.0299803044953916,0.01345822797639846,0.016522076518993137
2020-08-31,0.0015615922613658,0.0426509448129319,0.0011749542257091703,0.041475990587222726
2020-09-01,0.0406715628337126,0.0765781026438299,0.01858887539520022,0.05798922724862968
2020-09-02,-0.0600176212210463,-0.0227096023238955,-0.02624351614307687,0.0035339138191813717
2020-09-03,-0.1208188139528037,-0.0746435540165073,-0.05331556865928318,-0.02132798535722412
2020-09-04,0.0291103374183983,-0.0815049763872099,0.013441178655501063,-0.09494615504271096
2020-09-05,-0.0514559746064042,-0.0724042773308974,-0.022431397722976736,-0.049972879607920656
2020-09-06,0.0170330521605732,-0.0509093407301506,0.008063703542545415,-0.058973044272696014
2020-09-07,0.007617372294888,0.0075094220221316,0.003871322302193909,0.003638099719937691
2020-09-08,-0.0276291503770291,-0.0097154468795643,-0.011822378263805099,0.0021069313842407983
2020-09-09,0.0171457019691336,0.0104789072427378,0.008113861465379959,0.002365045777357841
2020-09-10,0.0172682117693119,0.0598179357026875,0.008168409601611578,0.05164952610107593
2020-09-11,0.0071206600339879,-0.0019951817000078,0.0036501585419391287,-0.005645340241946928
2020-09-12,0.0112830865517024,0.0195475180745559,0.0055035009554598975,0.014044017119096003
2020-09-13,-0.0180873436523532,0.0015933659476772,-0.007573838372662572,0.009167204320339772
2020-09-14,0.0283782935781449,-0.0098331743206081,0.013115232265354769,-0.022948406585962866
2020-09-15,-0.0014104535451266,0.0027936101917349,-0.00014836488266594875,0.0029419750744008486
2020-09-16,0.0133895751998265,-0.0194715215492493,0.006441426162920869,-0.02591294771217017
2020-09-17,0.010545275717348,0.0462220987624695,0.005174986780700369,0.04104711198176913
2020-09-18,-0.0063602245639078,0.0072627001646807,-0.0023522765979315293,0.00961497676261223
2020-09-19,0.01284306984686,-0.0031668672424229,0.006198091765170324,-0.009364959007593224
2020-09-20,-0.019516927534867,-0.0180268526087363,-0.008210368154479189,-0.009816484454257111
2020-09-21,-0.0517155084866036,-0.0534960689875019,-0.02254695655527614,-0.03094911243222576
2020-09-22,0.0051637058501849,-0.0406753746907346,0.0027788143452971963,-0.0434541890360318
2020-09-23,-0.0371504042784982,-0.0171444963972291,-0.016061766901753212,-0.001082729495475887
2020-09-24,0.0561414864501355,-0.0057668449555148,0.02547694067400443,-0.031243785629519228
2020-09-25,0.0022471406312112,0.0359547713429044,0.0014801982618374374,0.03447457308106697
2020-09-26,0.0065759358364019,0.0151165037626963,0.0034076172130386175,0.011708886549657682
2020-09-27,0.00539874334771,0.007284724608306,0.00288346603369991,0.00440125857460609
2020-09-28,-0.0085435518691197,0.0161430364822816,-0.0033244146237023818,0.019467451105983982
2020-09-29,0.0150076032409067,-0.01405252475561,0.00716186170263255,-0.02121438645824255
2020-09-30,-0.0046383293217271,0.0020973697920885,-0.0015855936377899627,0.0036829634298784627
2020-10-01,-0.0155201181397117,0.0107488470756544,-0.006430767640386058,0.01717961471604046
2020-10-02,-0.009856364326187,-0.0436978071692761,-0.00390895131097517,-0.03978885585830093
2020-10-03,-0.0007649548566952,0.0071689035836088,0.00013904682107238438,0.007029856762536416
2020-10-04,0.0152518224284063,0.0033673741616411,0.007270601587039473,-0.003903227425398373
2020-10-05,0.0085084320804345,0.0110308607414717,0.004268071382690065,0.0067627893587816346
2020-10-06,-0.0210234476508546,-0.0082066554987294,-0.008881154201007435,0.0006744987022780351
2020-10-07,0.0068356563147702,-0.0284074079620637,0.003523259129159259,-0.031930667091222956
2020-10-08,0.0205980823298661,0.0112452629424613,0.009651052073531504,0.0015942108689297966
2020-10-09,0.021538120670705,0.0383788739082859,0.010069609114718393,0.028309264793567504
2020-10-10,0.0191153467253188,0.0451679966828155,0.008990856206469389,0.03617714047634611
2020-10-11,0.0081680469221181,-0.0007818587750927,0.004116513091353033,-0.004898371866445733
2020-10-12,0.0175468120146335,0.0155564805721137,0.008292457833784414,0.007264022738329285
2020-10-13,-0.0097274323960547,0.008615751407869,-0.003851543687428102,0.012467295095297103
2020-10-14,-0.0012038472686963,-0.0055033141655718,-5.6372345769917264e-05,-0.005446941819801883
2020-10-15,0.002538835840502,-0.0088730320868029,0.001610077095949876,-0.010483109182752776
2020-10-16,-0.0176899033618971,-0.0189693362049183,-0.0073968759820931505,-0.01157246022282515
2020-10-17,0.0020756955642999,-0.0061962687214283,0.0014038614393750229,-0.007600130160803323
2020-10-18,0.013274191273731,0.0157018160990949,0.0063900508597987,0.0093117652392962
2020-10-19,0.0170723581663239,0.0116232706491112,0.008081204749414492,0.0035420658996967083
2020-10-20,0.0017235914366224,-0.0105928655820237,0.0012470852149724465,-0.011839950796996146
2020-10-21,0.0674793665279365,0.0272942822844335,0.0305251917213619,-0.0032309094369284003
2020-10-22,0.0237692558645079,0.0565102079739245,0.01106303385564193,0.04544717411828257
2020-10-23,-0.0037858427102568,0.0154902971379984,-0.0012060194669853755,0.016696316604983774
2020-10-24,0.0134564816994755,-0.0009402345947764,0.006471216635620382,-0.007411451230396782
2020-10-25,-0.0078411967141072,-0.0067602752841153,-0.003011687277621962,-0.003748588006493338
2020-10-26,-0.0043313944999985,-0.0201085639091447,-0.0014489292856686437,-0.018659634623476057
2020-10-27,0.0382792454666356,-0.0042552565385012,0.01752368343946556,-0.02177893997796676
2020-10-28,-0.0306439308537989,-0.0138919455437829,-0.01316472521005696,-0.0007272203337259399
2020-10-29,0.0098887894724146,-0.0133626023276054,0.004882682809338945,-0.018245285136944345
2020-10-30,0.0002961550559792,-0.0166067956433204,0.0006115116197174311,-0.017218307263037833
2020-10-31,0.0153009013746299,0.0114996954290571,0.007292454247323083,0.004207241181734016
2020-11-01,0.0007436365569537,0.005805942784745,0.0008107551238351559,0.004995187660909844
2020-11-02,-0.0160664820507028,0.0036558144002132,-0.006674039060349259,0.01032985346056246
2020-11-03,0.0239806310836483,-0.0255949406103654,0.01115714978949276,-0.03675209039985816
2020-11-04,0.0095736818955209,0.0223499820543215,0.00474237949477148,0.017607602559550017
2020-11-05,0.0852692660264873,0.0444712963486706,0.03844623852726193,0.006025057821408671
2020-11-06,0.0188992981071773,0.0740283357307873,0.00889465941700533,0.06513367631378197
2020-11-07,-0.0471171271199182,0.033577070018592,-0.020499502940382996,0.054076572958975
2020-11-08,0.0437463220102225,-0.0175381431116523,0.019957928174615284,-0.037496071286267585
2020-11-09,-0.0132504118709873,0.0082045071846197,-0.005420168924430677,0.013624676109050377
2020-11-10,-0.0008243673481551,-0.0020297699025428,0.00011259309513945591,-0.002142362997682256
2020-11-11,0.025626539147364,0.0334922022177073,0.011889999056682966,0.021602203161024337
2020-11-12,0.0265004853541599,-0.0060293341098729,0.012279128225761916,-0.018308462335634816
2020-11-13,0.0093520917194602,0.0144294689867479,0.004643715297346002,0.009785753689401898
2020-11-14,-0.0155278390453545,-0.0061186151583898,-0.006434205414443496,0.00031559025605369575
2020-11-15,-0.0110798511532799,-0.019542231758149,-0.004453715289242414,-0.015088516468906583
2020-11-16,0.043482636958239,0.0010505757748138,0.019840521011132,-0.0187899452363182
2020-11-17,0.0526343180059756,0.0316882077525448,0.023915355382045405,0.007772852370499395
2020-11-18,0.0053080926418722,0.0158192675249209,0.002843103327660588,0.012976164197260312
2020-11-19,-0.0010391877316369,-0.0078235738846776,1.6943183651234848e-05,-0.007840517068328836
2020-11-20,0.0500951975008154,0.0480347312417048,0.022784798552939488,0.02524993268876531
2020-11-21,0.0311623754576189,0.0501066539773207,0.01435485944147053,0.035751794535850166
2020-11-22,-0.0080149891273535,0.0458654057049194,-0.003089069268450319,0.048954474973369716
2020-11-23,0.0266089306471961,0.0690648665504554,0.01232741406583028,0.056737452484625125
2020-11-24,0.0391585662209408,0.034993918915064,0.017915205654237945,0.017078713260826058
2020-11-25,-0.0331334872564301,-0.0263586497146377,-0.014273213360469295,-0.012085436354168406
2020-11-26,-0.0965900467674121,-0.1276955881100807,-0.04252758197389602,-0.08516800613618467
2020-11-27,0.001909482565753,-0.0135271046355445,0.0013298542230135004,-0.014856958858558
2020-11-28,0.0413940046784579,0.0213573818908159,0.01891054644608134,0.0024468354447345596
2020-11-29,0.0248069509466581,0.0459833600710002,0.011525073077203223,0.03445828699379698
2020-11-30,0.0777294907149421,0.0759980075485575,0.03508911370744021,0.04090889384111729
2020-12-01,-0.0439520732391898,0.0159787925338212,-0.019090245966531767,0.035069038500352964
2020-12-02,0.020302422984141,-0.0175717414184237,0.009519408186713534,-0.027091149605137234
2020-12-03,0.0124942731673574,0.0220307257225975,0.00604278819955391,0.01598793752304359
2020-12-04,-0.0480290838482826,-0.0143942143638131,-0.02090555649514975,0.00651134213133665
2020-12-05,0.0257938459087974,-0.0167114682099027,0.011964493276752364,-0.028675961486655063
2020-12-06,0.0122890024030422,0.0147373489674915,0.005951390306487902,0.008785958661003597
2020-12-07,-0.0081491504762762,-0.0033824773712023,-0.003148805318361448,-0.0002336720528408518
2020-12-08,-0.0517507474484855,-0.0253333449817656,-0.02256264688936041,-0.0027706980924051897
2020-12-09,0.0165315362520779,-0.0347366185268729,0.007840400932802263,-0.04257701945967517
2020-12-10,-0.0165289560028902,0.0053246657960972,-0.00687995803263375,0.01220462382873095
2020-12-11,-0.0176344597313757,-0.029321519539069,-0.007372189412476228,-0.02194933012659277
2020-12-12,0.033834774020347,0.022957853593172,0.015544759030341937,0.007413094562830064
2020-12-13,0.0222136337167899,0.0390761195050544,0.010370384869886121,0.02870573463516828
2020-12-14,0.0025150272329579,0.0063171880769239,0.0015994761875661335,0.0047177118893577666
2020-12-15,0.0047559337727012,0.0046688682779958,0.002597251671930177,0.0020716166060656227
2020-12-16,0.092986713872067,0.0260219591450754,0.041882472982206945,-0.015860513837131544
2020-12-17,0.0543485450942586,0.0771687174349846,0.024678624056122932,0.052490093378861666
2020-12-18,0.0141191426504807,-0.0075174480191879,0.00676626992750559,-0.014283717946693489
2020-12-19,0.0278084523113921,0.0152103641209313,0.012861507428615249,0.0023488566923160516
2020-12-20,-0.0172161564761736,-0.0113790955804748,-0.007185937676552363,-0.004193157903922438
2020-12-21,-0.035322023459603,-0.0381682512505268,-0.015247670675596424,-0.022920580574930377
2020-12-22,0.0330337595908876,-0.016942718125577,0.015188103120708153,-0.03213082124628515
2020-12-23,-0.0455292630707031,-0.0028366685905512,-0.01979249807752453,0.016955829486973332
2020-12-24,0.0312470394674821,-0.0397935875974218,0.014392556539475845,-0.054186144136897645
2020-12-25,0.030994906776419,0.047568666140604,0.014280293125769037,0.03328837301483496
2020-12-26,0.056730983930274,0.0228296468696189,0.0257394175436752,-0.0029097706740562994
2020-12-27,0.0137410478532142,0.0470951194552542,0.0065979212200573435,0.04049719823519686
2020-12-28,0.0253996842565502,0.0904168637878717,0.011788990717179426,0.07862787307069227
2020-12-29,0.0097632394835667,-0.0072585973159924,0.004826781013028884,-0.012085378329021283
2020-12-30,0.0410856114202946,0.0227099622215041,0.0187732327174268,0.003936729504077301
2020-12-31,0.0045563463433992,0.0070354743408982,0.00250838431382626,0.00452709002707194
2021-01-01,0.0080620465270246,-0.0056179010862811,0.004069315855019691,-0.009687216941300791
2021-01-02,0.0832457509363493,0.0174241666246341,0.03754525773517068,-0.02012109111053658
2021-01-03,0.0603831459532226,0.1338893543264427,0.02736556199316256,0.10652379233328013
2021-01-04,-0.0335206192077013,0.1648046607557969,-0.014445585908517043,0.17925024666431394
2021-01-05,0.0754198548906917,0.0426008268896955,0.03406073614578162,0.008540090743913882
2021-01-06,0.0793090538622394,0.0739725533709299,0.03579242254983338,0.03818013082109652
2021-01-07,0.0608195858132774,0.0705175302001741,0.02755988914828427,0.042957641051889824
2021-01-08,0.0242978072869171,-0.0157092937051794,0.011298374170890444,-0.027007667876069844
2021-01-09,0.0070433626614878,0.0198026272961797,0.0036157414781667193,0.01618688581801298
2021-01-10,-0.0431144420417126,0.0625451140525736,-0.01871728624734732,0.08126240029992092
2021-01-11,-0.0908737296062653,-0.1951432354940978,-0.03998236153605701,-0.1551608739580408
2021-01-12,-0.0481337800202386,0.0129751588631332,-0.020952173019235767,0.03392733188236897
2021-01-13,0.0979666571020878,-0.0176502491921271,0.04409981903404569,-0.06175006822617279
2021-01-14,0.0515918447661079,0.0912977101703145,0.02345118866049855,0.06784652150981596
2021-01-15,-0.0568858297158101,0.0228339730385087,-0.0248490694177698,0.047683042456278496
2021-01-16,0.0050997284171572,0.01740615847695,0.0027503280549966225,0.014655830421953377
2021-01-17,-0.0009848520440982,0.0065520299913002,4.113643579748013e-05,0.00651089355550272
2021-01-18,0.01276244282103,0.0016313217320842,0.006162192155649092,-0.004530870423564893
2021-01-19,0.00419722482542,0.1095083805775374,0.0023484835592913144,0.10715989701824608
2021-01-20,-0.0107824639082796,-0.0244004711918579,-0.0043213020461368564,-0.020079169145721044
2021-01-21,-0.1464359130307517,-0.064937802436547,-0.06472171745986154,-0.00021608497668546
2021-01-22,0.0645862067783227,-0.047433257707496,0.029236997046878006,-0.076670254754374
2021-01-23,-0.0166792266889643,0.0394139685408765,-0.006946866850080675,0.04636083539095717
2021-01-24,0.0260108127109486,0.0601508902238903,0.012061098892501126,0.04808979133138917
2021-01-25,-0.007177242718086,0.0617389273851465,-0.0027160582506071257,0.06445498563575362
2021-01-26,0.0080587970812509,-0.0556920457702538,0.004067869022109319,-0.05975991479236312
2021-01-27,-0.0744590114160796,-0.0344993968515918,-0.032673621478210624,-0.001825775373381175
2021-01-28,0.0827526469601824,0.0216057787145818,0.03732570058277015,-0.01571992186818835
2021-01-29,0.0296050632191757,0.0381925864562688,0.013661457933883911,0.02453112852238489
2021-01-30,0.0081361451599484,0.0,0.004102308663084201,-0.004102308663084201
2021-01-31,-0.0315140167456284,-0.0170437619632926,-0.01355213555348786,-0.00349162640980474
2021-02-01,0.0124523647608025,-0.0105185041912196,0.006024128259968017,-0.016542632451187617
2021-02-02,0.0683731361604884,0.0832909703904141,0.03092314737556402,0.05236782301485007
2021-02-03,0.0589574883669392,0.0890361961709098,0.02673078041550063,0.06230541575540917
2021-02-04,-0.0137506540079073,0.0447557601411947,-0.005642904380645569,0.05039866452184027
2021-02-05,0.0408567842276532,0.0174755878499484,0.01867134620010708,-0.001195758350158678
2021-02-06,0.0235073712305808,0.0101040978491591,0.01094642833781697,-0.0008423304886578699
2021-02-07,-0.0185441498170852,-0.0490858909200708,-0.007777233732617281,-0.04130865718745352
2021-02-08,0.1496962629682858,0.0311856516347859,0.06713269953740632,-0.03594704790262042
2021-02-09,0.0156338258341683,0.0539087753079394,0.007440690623084929,0.04646808468485447
2021-02-10,-0.016797367262372,0.0079545873984621,-0.006999469564992835,0.014954056963454934
2021-02-11,0.0481599362492559,-0.0016992357529597,0.021923113249068253,-0.02362234900202795
2021-02-12,0.0074262467283183,0.0168638060520045,0.0037862226332089277,0.013077583418795571
2021-02-13,-0.0035464781612493,0.0160357320599215,-0.0010994411360332522,0.017135173195954752
2021-02-14,0.0218182498042427,0.0005483959556134,0.010194338092452591,-0.009645942136839192
2021-02-15,-0.0164096868744358,-0.0244185273481454,-0.006826852822620442,-0.01759167452552496
2021-02-16,0.0219485099435789,0.0011229647446233,0.01025233710816986,-0.009129372363546561
2021-02-17,0.0547245518184098,0.0111608301375287,0.02484604303797707,-0.01368521290044837
2021-02-18,0.0045511951843835,0.0576823855574648,0.0025060907330406394,0.05517629482442416
2021-02-19,0.0830096945159635,0.0140444441107741,0.03744015236597725,-0.02339570825520315
2021-02-20,-0.0048290521215186,0.0275106498820161,-0.0016705139727375459,0.029181163854753646
2021-02-21,0.0247637141478165,-0.0233869326981537,0.011505821663928545,-0.034892754362082244
2021-02-22,-0.0631579413814957,-0.0703164984174602,-0.02764176029720813,-0.04267473812025206
2021-02-23,-0.1208591857852763,-0.1433555882605706,-0.053333544431135145,-0.09002204382943546
2021-02-24,0.0317818047031437,0.0393431946281115,0.014630663587927062,0.024712531040184435
2021-02-25,-0.0627376555402019,-0.0172950574063488,-0.027454625804345115,0.010159568397996314
2021-02-26,-0.0055445388565171,-0.0804062212963172,-0.0019890882242326368,-0.07841713307208457
2021-02-27,0.0057561531095196,0.0033704110099055,0.0030426046197503847,0.0003278063901551152
2021-02-28,-0.0343726402702611,-0.0740044471264544,-0.0148249527912079,-0.0591794943352465
2021-03-01,0.0977000975424466,0.0800427076735363,0.043981131980830465,0.036061575692705836
2021-03-02,-0.0271596071192661,0.0303053494953289,-0.011613311645838061,0.04191866114116696
2021-03-03,0.0399282692899145,0.0243601789355265,0.018257920015074116,0.006102258920452384
2021-03-04,-0.0364765188846369,-0.0114650937402096,-0.015761715867343342,0.004296622127133743
2021-03-05,-0.000893648418069,-0.0452091397517264,8.174533247528015e-05,-0.045290885084201676
2021-03-06,0.0162723090281335,0.0579400564457666,0.007724978640821673,0.05021507780494493
2021-03-07,0.0388306384393661,0.0517675652050719,0.017769194075756587,0.03399837112931531
2021-03-08,0.0250316933317211,0.0411822899664153,0.011625140812352521,0.029557149154062778
2021-03-09,0.0456361101947049,0.0538548522935506,0.020799366354956963,0.03305548593859364
2021-03-10,0.0092440913616602,-0.0043787699958475,0.004595627567043903,-0.008974397562891402
2021-03-11,0.0239958874131982,-0.0171511811437872,0.011163942750884184,-0.028315123894671383
2021-03-12,-0.0150875117176312,-0.0061573102452143,-0.006238147343789569,8.083709857526888e-05
2021-03-13,0.0692276118154513,0.0320469413146593,0.03130360717849964,0.0007433341361596582
2021-03-14,-0.0308380007187984,0.0241752305319877,-0.013251135843484146,0.037426366375471844
2021-03-15,-0.0534725164187861,-0.0461662211857749,-0.023329273626279772,-0.02283694755949513
2021-03-16,0.0140202218131086,-0.0100559506608721,0.006722224901676913,-0.016778175562549014
2021-03-17,0.0365027650933384,0.0022434109240778,0.016732696161105936,-0.014489285237028136
2021-03-18,-0.022166877255259,0.0122495963784894,-0.009390272277614716,0.021639868656104115
2021-03-19,0.0099907467594189,-0.0016615899696601,0.004928079830419891,-0.006589669800079991
2021-03-20,0.0022906036184124,0.0186716022930637,0.0014995503866750725,0.017172051906388628
2021-03-21,-0.0149813587079048,-0.0275803471821731,-0.006190882154984062,-0.02138946502718904
2021-03-22,-0.0485606328642926,-0.0123805745695539,-0.021142231504797125,0.008761656935243224
2021-03-23,-0.005734209873033,-0.0428058409977367,-0.002073540247116041,-0.040732300750620655
2021-03-24,-0.0410236990087859,-0.0071174677688636,-0.01778637185829915,0.010668904089435549
2021-03-25,-0.0194249000773538,-0.0538027059929762,-0.008169392442477589,-0.045633313550498614
2021-03-26,0.0710485325631964,0.0297051544139153,0.03211438176853588,-0.0024092273546205793
2021-03-27,0.0126874047882239,0.0347548460530484,0.006128781074820434,0.028626064978227964
2021-03-28,-0.0049342877420262,0.0017652255245694,-0.0017173706891431973,0.0034825962137125972
2021-03-29,0.0396040149202843,0.0323914957912352,0.018113544042682162,0.01427795174855304
2021-03-30,0.0188813390501056,0.0385199729678165,0.00888666305189566,0.029633309915920843
2021-03-31,0.0100264635311955,0.0130578569174568,0.004943982911885931,0.008113874005570869
2021-04-01,0.0084904131585705,0.0469867371702816,0.004260048362465121,0.04272668880781648
2021-04-02,0.0202017029756849,0.0433973242979872,0.009474562070447593,0.03392276222753961
2021-04-03,-0.0362456877470371,0.0311157820159264,-0.01565893708293615,0.04677471909886255
2021-04-04,0.0241717444411655,-0.0198217753971672,0.011242244022332567,-0.031064019419499767
2021-04-05,0.0207730863603909,0.0102016915861442,0.009728973543358865,0.00047271804278533475
2021-04-06,0.0049341304940586,0.0210433398705136,0.002676594704230324,0.018366745166283276
2021-04-07,-0.0452889966920331,-0.0390882089176836,-0.01968551820214726,-0.019402690715536342
2021-04-08,0.0385605844477954,-0.0019704439872993,0.017648951108249888,-0.019619395095549188
2021-04-09,0.0017320990765341,0.0233928795747058,0.0012508732866225313,0.022142006288083268
2021-04-10,0.0384114945577103,0.0298954647966267,0.017582568046459867,0.012312896750166832
2021-04-11,0.0090823103155965,0.0004673989334911,0.004523593700957003,-0.004056194767465902
2021-04-12,0.0087625118696852,0.003265689862884,0.004381201752159098,-0.0011155118892750985
2021-04-13,0.0619974234011806,0.035235857491692,0.028084327561457414,0.0071515299302345875
2021-04-14,0.0040712070137072,0.0580822475656583,0.0022923734623773043,0.055789874103281
2021-04-15,0.008749165430963,0.0427717259902769,0.0043752591797561885,0.03839646681052071
2021-04-16,-0.0285283908054303,-0.0106253553789361,-0.012222769818782895,0.0015974144398467945
2021-04-17,-0.0218203047705785,-0.005355316609414,-0.009235959046502032,0.0038806424370880317
2021-04-18,-0.0657314010610132,-0.1034806003881145,-0.02878760682524586,-0.07469299356286864
2021-04-19,-0.017370709232777,0.0136489835011062,-0.007254753108541517,0.020903736609647717
2021-04-20,0.0313528358702086,-0.0104475172405029,0.014439662947129285,-0.024887180187632186
2021-04-21,-0.0317406916102704,0.0705137843276579,-0.013653063735386616,0.08416684806304452
2021-04-22,-0.0339516768336274,0.0538432320208226,-0.014637516595437392,0.06848074861626
2021-04-23,-0.015593762995758,-0.0845218099133431,-0.006463558401896769,-0.07805825151144632
2021-04-24,-0.0346777387640226,-0.0079295569677144,-0.014960799508593308,0.007031242540878908
2021-04-25,-0.0105385507713862,-0.0008849558099663,-0.004212698432380415,0.0033277426224141153
2021-04-26,0.10135736791627,0.0892959131540189,0.045609550950552386,0.043686362203466514
2021-04-27,0.028882844852422,0.0404656557354874,0.01333988638776007,0.027125769347727334
2021-04-28,0.0033792470413622,0.0392655739725968,0.0019842746263383183,0.037281299346258484
2021-04-29,-0.0080109201556641,0.0225476194123341,-0.0030872575372931955,0.025634876949627294
2021-04-30,0.0615166807061644,0.0069204428445734,0.027870274334842612,-0.020949831490269213
2021-05-01,0.0130179295814976,0.039150907561825,0.006275948986491024,0.03287495857533398
2021-05-02,-0.0168340744669368,0.0203841917208293,-0.007015813641894181,0.02740000536272348
2021-05-03,0.0467983030314638,0.078252196899748,0.02131683885997021,0.056935358039777784
2021-05-04,-0.0621026736948131,0.0562619547929124,-0.02717189678057344,0.08343385157348585
2021-05-05,0.0807660170440254,0.004771855162776,0.03644114310940372,-0.03166928794662772
2021-05-06,-0.0073967634571445,0.0353682926030298,-0.002813801020266381,0.038182093623296186
2021-05-07,0.0040385110933538,-0.00345224738723,0.0022778154309785123,-0.005730062818208512
2021-05-08,0.040093275960368,0.0489273854389438,0.018331390107474265,0.030595995331469537
2021-05-09,0.0033650104653801,0.0642983715575358,0.001977935715614334,0.06232043584192147
2021-05-10,-0.0324549082082583,0.0425703366121279,-0.013971072451662596,0.056541409063790495
2021-05-11,0.0318320716071145,-0.0171624657767726,0.014653045192678276,-0.03181551096945087
2021-05-12,-0.0992664298226309,0.0558613696632157,-0.043719255679114694,0.09958062534233039
2021-05-13,-0.0169074172942629,-0.0981374229890565,-0.0070484699235204154,-0.09108895306553609
2021-05-14,0.0375931541877729,0.0372458616328419,0.017218197670227007,0.020027663962614895
2021-05-15,-0.0689526148429067,-0.0170379200971435,-0.030221869292005,0.013183949194861499
2021-05-16,-0.0084489160741725,-0.052387290350282,-0.003282277535668164,-0.04910501281461384
2021-05-17,-0.0682676286154979,-0.0880930428603701,-0.029916875552768646,-0.05817616730760146
2021-05-18,-0.0020685257294896,0.0105696814896862,-0.00044137500194317303,0.011011056491629374
2021-05-19,-0.2178305680168151,-0.1919471740171587,-0.09651056505182017,-0.09543660896533852
2021-05-20,0.0902302467507674,-0.0485778724798544,0.040655141423165966,-0.08923301390302037
2021-05-21,-0.1132185171379234,-0.0255845407006392,-0.049931496320127805,0.024346955619488606
2021-05-22,-0.0183438054963911,-0.1107101654050666,-0.007688029364619389,-0.10302213604044722
2021-05-23,-0.0872813566925607,-0.1101494108013119,-0.0383828385035621,-0.0717665722977498
2021-05-24,0.150707837840212,0.1139735072397156,0.06758310859726932,0.046390398642446276
2021-05-25,-0.0024238334292334,0.0926851010887128,-0.0005995776337453696,0.09328467872245817
2021-05-26,0.0522696115745162,0.0762592816962337,0.023752967915256284,0.05250631378097741
2021-05-27,-0.0304698921098189,-0.0089944840953375,-0.013087233539167086,0.004092749443829586
2021-05-28,-0.0927958424286163,-0.0801029431944408,-0.04083819243230818,-0.03926475076213263
2021-05-29,-0.0355999483110771,-0.0621920202564476,-0.01537141818508789,-0.04682060207135971
2021-05-30,0.0314015510050484,-0.0087885060330794,0.014461353618470807,-0.023249859651550207
2021-05-31,0.0755387064451014,0.0496105005533342,0.03411365542874384,0.015496845124590361
2021-06-01,-0.0162740703137522,0.0438254795400299,-0.006766468831979152,0.05059194837200905
2021-06-02,0.0290684184856289,0.0305396024152768,0.013422514029062513,0.01711708838621429
2021-06-03,0.0453038588249228,0.0386063967038552,0.020651429675967694,0.017954967027887504
2021-06-04,-0.0643822028175336,-0.0419539914238811,-0.028186869174203443,-0.013767122249677657
2021-06-05,-0.0393711585685991,0.0022329745043121,-0.017050569490420196,0.019283543994732297
2021-06-06,0.0202729735301421,0.000371678131021,0.009506295661622963,-0.009134617530601963
2021-06-07,-0.0666483991568931,0.0213243374383393,-0.029195905075552312,0.05052024251389162
2021-06-08,-0.0027303497787851,-0.096948479979626,-0.0007360556589174859,-0.0962124243207085
2021-06-09,0.0823011199976857,0.0111599404554381,0.037124655815521546,-0.025964715360083445
2021-06-10,-0.0326556220282974,0.0015841587471365,-0.01406044134119737,0.01564460008833387
2021-06-11,-0.016939152693995,-0.0387301330720708,-0.007062600278034357,-0.031667532794036446
2021-06-12,-0.0203887379106468,-0.0283706971292154,-0.008598546333506207,-0.01977215079570919
2021-06-13,0.0751725244127445,0.0113613677386483,0.03395061094285369,-0.02258924320420539
2021-06-14,0.0329184079023185,0.0533622822623636,0.015136742171515054,0.038225540090848546
2021-06-15,-0.0082081813202599,0.0223582563112128,-0.0031750891137378506,0.02553334542495065
2021-06-16,-0.0598726898797536,-0.0427957538771099,-0.026178984697122674,-0.016616769179987223
2021-06-17,-0.0008076606960827,-0.030834919777007,0.00012003182030179577,-0.030954951597308794
2021-06-18,-0.0564757108108917,-0.0487692875606278,-0.02466646180707994,-0.02410282575354786
2021-06-19,-0.016435517391331,-0.0248570276840469,-0.006838353996832479,-0.01801867368721442
2021-06-20,0.0125265607413052,-0.0259518320408034,0.006057164412556704,-0.032008996453360104
2021-06-21,-0.1466480015380877,-0.0716981616459833,-0.06481615098905257,-0.00688201065693074
2021-06-22,-0.006725577173043,-0.0623605180985871,-0.0025149517787471025,-0.05984556631984
2021-06-23,0.0589337751467038,0.0438553638835843,0.026720221978820395,0.017135141904763902
2021-06-24,0.0304953373320824,-0.0106572944739884,0.014057857189483393,-0.024715151663471793
2021-06-25,-0.0809292293343357,-0.0326707822895482,-0.03555452021398227,0.0028837379244340683
2021-06-26,-0.0059652913064134,-0.0602952084985703,-0.002176430477042845,-0.058118778021527456
2021-06-27,0.0777441855888145,0.0368274648489155,0.03509565667772284,0.0017318081711926586
2021-06-28,0.0116146740649583,0.0951629874973107,0.005651142048821101,0.0895118454484896
2021-06-29,0.0416069500295677,0.0627582327518352,0.01900536148949274,0.043752871262342466
2021-06-30,-0.0026239762283051,-0.0032310205814471,-0.0006886922731754535,-0.0025423283082716464
2021-07-01,-0.0527475843464362,-0.0064935293105481,-0.023006493788392018,0.01651296447784392
2021-07-02,0.0075227348064519,-0.0326347239471465,0.0038291844601248044,-0.0364639084072713
2021-07-03,0.0268309599465457,0.0524464753725419,0.01242627378522176,0.04002020158732014
2021-07-04,0.0282317355606309,0.0502663073628433,0.013049976533212895,0.037216330829630405
2021-07-05,-0.0429602632448702,-0.024150460232283,-0.018648637322918854,-0.0055018229093641464
2021-07-06,0.0181958731962161,0.0189307876594382,0.008581455756433013,0.010349331903005186
2021-07-07,-0.0043694821938302,0.0283767965497707,-0.001465888032714644,0.029842684582485346
2021-07-08,-0.0473026120666162,-0.0761644106711907,-0.02058209109354847,-0.05558231957764223
2021-07-09,0.0256958126740229,-0.0287722863746546,0.01192084346067297,-0.04069312983532757
2021-07-10,-0.0104393961226083,-0.0028288562004776,-0.004168549300787159,0.0013396931003095587
2021-07-11,0.0142110039997387,0.0023579355419043,0.006807171678928357,-0.0044492361370240575
2021-07-12,-0.0339415348589451,-0.0108928379917419,-0.014633000827590061,0.0037401628358481615
2021-07-13,-0.0266921840711944,-0.0517946731897307,-0.0114051890624455,-0.0403894841272852
2021-07-14,0.0090160723288459,-0.0228262510142229,0.004494100887159891,-0.02732035190138279
2021-07-15,-0.0344586169350673,-0.00359805065629,-0.014863234355766516,0.011265183699476516
2021-07-16,-0.0200566230535041,-0.0176627968430391,-0.008450670437491366,-0.009212126405547732
2021-07-17,0.0095149168993415,-0.01212775212612,0.004716214069535465,-0.016843966195655466
2021-07-18,0.0073259189193422,0.0282445553605406,0.0037415511458349926,0.024503004214705606
2021-07-19,-0.0361527733052451,-0.0442876802011165,-0.015617566436494978,-0.028670113764621523
2021-07-20,-0.0329854623034098,-0.0474702808817504,-0.014207304467537634,-0.03326297641421276
2021-07-21,0.084943690163719,0.0688044233567417,0.03830127415306358,0.030503149203678116
2021-07-22,0.0087838631277605,0.0534282169838729,0.004390708512699993,0.04903750847117291
2021-07-23,0.0324471611365932,0.0266550825185341,0.014926917057621452,0.011728165460912649
2021-07-24,0.0237729842038305,0.0447693808598472,0.011064693918436834,0.033704686941410364
2021-07-25,0.0247954499493872,0.0041831341501064,0.011519952197363247,-0.007336818047256847
2021-07-26,0.0393831113919898,0.0737434742455498,0.018015185578804854,0.05572828866674495
2021-07-27,0.0338101278910389,-0.038204426645291,0.015533785210964844,-0.053738211856255845
2021-07-28,0.0213422177696731,0.0278102230599515,0.009982382312306626,0.017827840747644874
2021-07-29,0.011199173814175,0.0047774249388927,0.00546613836543403,-0.0006887134265413297
2021-07-30,0.0377263775996503,0.0315591222872546,0.017277516098709898,0.0142816061885447
2021-07-31,0.0097824699859518,0.0338455747381649,0.004835343495886404,0.029010231242278497
2021-08-01,-0.0321642734739562,0.05218575317057,-0.013841665799645547,0.06602741897021555
2021-08-02,0.0007923629972257,0.0,0.000832450828980137,-0.000832450828980137
2021-08-03,-0.025352583461661,-0.0340875314575583,-0.010808724808659768,-0.02327880664889853
2021-08-04,0.0461073267269256,0.0298412405761077,0.021009178007222795,0.008832062568884906
2021-08-05,0.025822147983284,0.0516413962688817,0.011977094925048953,0.039664301343832746
2021-08-06,0.0356102759042329,0.0343055846649615,0.016335310631117962,0.01797027403384354
2021-08-07,0.0584384766982779,0.0712386025885694,0.026499687726044493,0.0447389148625249
2021-08-08,-0.0296276163898596,0.0193163642182785,-0.012712205821792165,0.03202857004007066
2021-08-09,0.0414095979805004,-0.0104303422788731,0.01891748944625665,-0.02934783172512975
2021-08-10,0.0066482008433705,0.0265130305116176,0.0034397935894523017,0.023073236922165296
2021-08-11,0.0158085160644105,0.023649218193892,0.007518472371677417,0.016130745822214583
2021-08-12,-0.0276202450008078,-0.0319799296223202,-0.011818413097960355,-0.020161516524359845
2021-08-13,0.0775994823951098,0.0285461819063623,0.035031226815688404,-0.006485044909326103
2021-08-14,0.0012815673826978,0.0225701341444839,0.0010502716680068967,0.021519862476477
2021-08-15,0.0033573494521927,-0.0191363864285261,0.0019745246089893104,-0.02111091103751541
2021-08-16,-0.0253270380777905,0.0126956342139248,-0.010797350591434461,0.02349298480535926
2021-08-17,-0.0430519856045972,-0.026501940745506,-0.018689477188518117,-0.0078124635569878816
2021-08-18,0.0165168411964753,-0.0383238011231696,0.007833857881603297,-0.046157659004772894
2021-08-19,0.0240922325300267,-0.0006568144735297,0.011206840923523139,-0.01186365539705284
2021-08-20,0.0622708404788365,0.0617834152560039,0.028206067960823988,0.033577347295179916
2021-08-21,-0.0069861951943721,0.0089162773634896,-0.0026309933306162977,0.011547270694105898
2021-08-22,0.0083671054264211,-0.0148013803022628,0.004205144942804748,-0.019006525245067546
2021-08-23,0.0199844941318474,0.0320981246765317,0.009377848684358344,0.022720275992173355
2021-08-24,-0.0408068589004351,-0.0157674582527018,-0.017689822653634838,0.0019223644009330396
2021-08-25,0.0192425156067006,-0.0266352072526441,0.00904747882323916,-0.03568268607588326
2021-08-26,-0.0384518728487197,-0.0174137691435873,-0.01664125266343343,-0.0007725164801538724
2021-08-27,0.0457633400739645,0.0126945532119417,0.020856016131354318,-0.008161462919412618
2021-08-28,-0.0077168386504578,0.0224518317689703,-0.0029563161923081725,0.025408147961278472
2021-08-29,-0.0022314366998585,-0.0096050312406656,-0.0005139119728008088,-0.009091119267864791
2021-08-30,-0.0281757313193296,0.0024875634718011,-0.012065746318106241,0.014553309789907341
2021-08-31,0.0270089339381698,0.0356908402129203,0.012505517645930596,0.023185322566989706
2021-09-01,0.0489106557545468,0.068892976376734,0.022257375077809654,0.04663560129892434
2021-09-02,0.0079776631793961,0.053905264836203,0.00403174372335822,0.04987352111284478
2021-09-03,0.0181993933515904,0.0292525428374368,0.008583023124224279,0.02066951971321252
2021-09-04,-0.003071643340391,0.0059027503609261,-0.0008880184216218442,0.006790768782547944
2021-09-05,0.026783817784441,0.0007673615928407,0.012405283488306756,-0.011637921895466056
2021-09-06,0.0125646173446547,0.0053551065115424,0.006074109316401132,-0.0007190028048587324
2021-09-07,-0.1321850416137238,-0.0637927836703813,-0.058376441617896464,-0.0054163420524848335
2021-09-08,-0.0016536073231208,-0.0704655116538806,-0.00025663038785783487,-0.07020888126602276
2021-09-09,0.0009309479809047,0.0147252552439791,0.0008941565256540095,0.01383109871832509
2021-09-10,-0.0492040719798563,-0.0370791272182131,-0.021428726172827272,-0.015650401045385825
2021-09-11,0.0167877163381984,-0.0240830423185247,0.007954466470556724,-0.032037508789081424
2021-09-12,0.0309881076725524,0.02645975169637,0.014277265788825964,0.012182485907544036
2021-09-13,-0.0329651169731306,-0.034106218070173,-0.014198245601666236,-0.019907972468506764
2021-09-14,0.0353914581072469,0.0242656734751403,0.0162378808501329,0.008027792625007399
2021-09-15,0.0279674232219093,0.0347502574503959,0.012932290066993047,0.021817967383402852
2021-09-16,-0.0091958766464905,0.0399996593897409,-0.0036148656796301205,0.04361452506937102
2021-09-17,-0.0225663022303894,-0.0327898228229912,-0.00956811835952828,-0.023221704463462917
2021-09-18,0.0169750629389326,-0.0057637047167489,0.008037883535024274,-0.013801588251773175
2021-09-19,-0.023780276391168,-0.0225056992710612,-0.010108646772826167,-0.012397052498235032
2021-09-20,-0.1107754553351192,-0.0806094265099304,-0.04884371013610271,-0.03176571637382769
2021-09-21,-0.0630790113275931,-0.0506021219799572,-0.02760661627340936,-0.022995505706547837
2021-09-22,0.0960415837322408,-0.0088016817368261,0.043242669938369685,-0.052044351675195784
2021-09-23,0.0302527103070033,0.0561945583436411,0.013949826223811865,0.04224473211982924
2021-09-24,-0.0496131881117616,-0.0460456214350291,-0.021610887293531448,-0.02443473414149765
2021-09-25,-0.0052445460063594,-0.0193718887074574,-0.0018555148216550632,-0.017516373885802336
2021-09-26,0.0182311507692318,0.0146485330973273,0.008597163282328743,0.006051369814998557
2021-09-27,-0.0374772727867949,0.0371765347672585,-0.016207306833207223,0.05338384160046572
2021-09-28,-0.0308380826197822,-0.0573309317391084,-0.013251172310330189,-0.04407975942877821
2021-09-29,0.0155376934920603,-0.005189425242225,0.007397887189515206,-0.012587312431740206
2021-09-30,0.0529393767641543,0.0361074646455348,0.02405118440695249,0.01205628023858231
2021-10-01,0.0907531781904698,0.0556331442970208,0.04088797941140175,0.014745164885619048
2021-10-02,0.0049222335507401,0.055698135775799,0.00267129752731931,0.05302683824847969
2021-10-03,0.0108865967496054,0.0219073296481333,0.005326961774857544,0.016580367873275756
2021-10-04,0.0071291412879883,-0.0147495299260622,0.0036539348651227067,-0.018403464791184907
2021-10-05,0.0396488842727471,0.019132298081157,0.018133522359087897,0.0009987757220691028
2021-10-06,0.0433381116676994,0.0213449118962962,0.019776170361422388,0.0015687415348738139
2021-10-07,-0.0151820556698929,0.0195004059671273,-0.0062802435383825005,0.0257806495055098
2021-10-08,-0.0037430655803252,0.0080836677124924,-0.0011869727237231174,0.009270640436215517
2021-10-09,0.0193344438814833,-0.0033370442535769,0.00908841037360563,-0.01242545462718253
2021-10-10,-0.022028651740765,-0.0137430293704206,-0.009328726636495959,-0.004414302733924642
2021-10-11,0.0357232651254566,-0.0014130283543689,0.016385619679235294,-0.017798648033604193
2021-10-12,-0.0083823728762144,-0.0145281005629112,-0.003252648824967279,-0.011275451737943922
2021-10-13,0.0271755912099909,0.0031514135808023,0.012579722677316304,-0.009428309096514004
2021-10-14,0.0114047512157977,0.0580638009547609,0.0055576727903823755,0.052506128164378524
2021-10-15,0.0541703648001128,0.0284707270439064,0.0245992883381256,0.0038714387057807997
2021-10-16,-0.0104574455903971,0.015875414740659,-0.004176585921746615,0.020052000662405617
2021-10-17,0.0019570840048004,-0.0082966511688482,0.0013510490154154118,-0.009647700184263612
2021-10-18,0.0026818738998048,-0.0115214681141022,0.001673765548088399,-0.013195233662190598
2021-10-19,0.0291465877895067,0.0021047100639837,0.013457319324890695,-0.011352609260906995
2021-10-20,0.0414195625397049,0.0373995875993813,0.0189219262189245,0.0184776613804568
2021-10-21,-0.0438887610803213,0.052039851087775,-0.01906205589306784,0.07110190698084284
2021-10-22,-0.0157483588066646,-0.0226039518144922,-0.006532393004042049,-0.01607155881045015
2021-10-23,0.0167734774474048,-0.0056699276758571,0.00794812652915068,-0.013618054205007779
2021-10-24,-0.009827827753492,0.008370309824965,-0.0038962452511115114,0.012266555076076512
2021-10-25,0.0313283145996905,0.0184605679719904,0.014428744721788562,0.004031823250201837
2021-10-26,-0.0315835296180164,0.0119618651175006,-0.013583086527429155,0.025544951644929755
2021-10-27,-0.0465674115281817,-0.0309128695877962,-0.020254739166847762,-0.010658130420948438
2021-10-28,0.0538332164620491,0.0104917395243191,0.024449171258118962,-0.013957431733799862
2021-10-29,0.028780405512423,0.057077504418002,0.013294274730034646,0.04378322968796736
2021-10-30,-0.0154036967360653,-0.007363125765039,-0.006378930394899267,-0.0009841953701397333
2021-10-31,-0.0012878564928442,-0.0104469899646542,-9.377789697368144e-05,-0.01035321206768052
2021-11-01,0.0026313207944923,0.0044242708097392,0.0016512565106766627,0.0027730142990625376
2021-11-02,0.0346384129086061,0.0281773308905215,0.015902583494131647,0.012274747396389854
2021-11-03,0.0104549045244954,0.0331031003274926,0.005134748529295476,0.027968351798197122
2021-11-04,-0.0203632743300108,-0.0107657856236755,-0.008587208539603548,-0.0021785770840719518
2021-11-05,-0.0017572447238816,-0.0050935776164315,-0.0003027754884715282,-0.004790802127959972
2021-11-06,0.0103679713874687,-0.0109388299146164,0.005096041090423868,-0.01603487100504027
2021-11-07,0.022409240896744,0.0274535727521847,0.010457480000924536,0.016996092751260163
2021-11-08,0.0561698429032233,0.033923390266656,0.0254895665346607,0.008433823731995301
2021-11-09,-0.0124816896595092,0.0107087637541134,-0.005077891295580158,0.01578665504969356
2021-11-10,-0.037813890596908,-0.0123990240339892,-0.016357187692838983,0.003958163658849783
2021-11-11,0.0126233414242484,-0.0072156510015126,0.00610025652331104,-0.013315907524823641
2021-11-12,-0.0126183958063403,-0.005124931140255,-0.005138760430214201,1.3829289959200672e-05
2021-11-13,0.0057787939023281,-0.006012472482185,0.0030526855524489324,-0.009065158034633931
2021-11-14,0.0054143017170993,-0.0086524442026814,0.0028903934799266954,-0.011542837682608095
2021-11-15,-0.0199958813025578,0.0133795694642024,-0.0084236248517444,0.0218031943159468
2021-11-16,-0.0646019241743509,-0.0791499301836502,-0.02828470126998046,-0.050865228913669736
2021-11-17,0.0003532080749248,-0.0265679197642025,0.0006369147780389727,-0.02720483454224147
2021-11-18,-0.0640607186644679,-0.0054951756964438,-0.02804372665538281,0.02254855095893901
2021-11-19,0.0462433905429566,-0.0040811483845093,0.02106976114067213,-0.02515090952518143
2021-11-20,0.0273229397036658,0.0368400573952047,0.012645330373148021,0.024194727022056675
2021-11-21,-0.0123175733139184,0.0096908926387602,-0.005004817625032222,0.014695710263792423
2021-11-22,-0.0540696811225469,-0.0410133637678011,-0.02359516436780454,-0.01741819939999656
2021-11-23,0.0346353111741617,0.0081010688453329,0.01590120243047159,-0.007800133585138688
2021-11-24,-0.0175071409596245,0.0122643046671608,-0.007315500056227019,0.01957980472338782
2021-11-25,0.0376912427377131,0.0284247906569383,0.017261872115676376,0.011162918541261925
2021-11-26,-0.0965882695655757,-0.0376088891214436,-0.0425267906653824,0.004917901543938799
2021-11-27,0.0120664501386418,-0.0256393582232181,0.005852297734142667,-0.03149165595736077
2021-11-28,0.0447036223788028,-0.0082866669660042,0.020384171224917372,-0.028670838190921574
2021-11-29,0.0198968575074296,0.0642172507398743,0.009338828014006552,0.05487842272586775
2021-11-30,0.0036491792069952,0.0407026392223457,0.0021044633502021676,0.038598175872143536
2021-12-01,0.0009722362372652,0.0331593929886704,0.0009125403400871468,0.03224685264858325
2021-12-02,-0.0075542388460974,-0.0331593929886704,-0.002883917769760938,-0.03027547521890946
2021-12-03,-0.0563147742416951,-0.0168892903473096,-0.024594803948782815,0.007705513601473216
2021-12-04,-0.0724791133129247,-0.1050617406331948,-0.031792061380174076,-0.07326967925302072
2021-12-05,0.0025122627243643,0.0347393053836277,0.001598245275499036,0.03314106010812866
2021-12-06,0.027947470297315,-0.0067551523461464,0.012923405921827476,-0.019678558267973878
2021-12-07,-0.0015513432250742,0.0516563366859657,-0.00021109675753821128,0.05186743344350391
2021-12-08,0.0112094716398161,0.0009191177117617,0.005470723526744738,-0.004551605814983038
2021-12-09,-0.0550033691051936,-0.0155077751965144,-0.024010893878432374,0.008503118681917974
2021-12-10,-0.0314711004421859,-0.0492451311921708,-0.013533026842484072,-0.035712104349686725
2021-12-11,0.0374356661643702,-0.0158067010465234,0.017148075295176878,-0.03295477634170028
2021-12-12,0.0145572593338823,0.0123702715479421,0.006961343697087731,0.005408927850854369
2021-12-13,-0.0781545361556563,-0.0347752364328695,-0.03431907340653282,-0.0004561630263366784
2021-12-14,0.0308203560365765,-0.0347095189793957,0.014202573486014492,-0.04891209246541019
2021-12-15,0.0229206165500546,0.0182820448374485,0.010685172714174601,0.007596872123273899
2021-12-16,-0.021506559493476,0.0433033853716402,-0.009096262303119,0.0523996476747592
2021-12-17,-0.0234623207949837,-0.0365971440915569,-0.00996707536261225,-0.026630068728944647
2021-12-18,0.0174487321449259,0.0074273615871405,0.008248787253254503,-0.0008214256661140031
2021-12-19,-0.0055865166421167,0.0071192774632145,-0.002007779055204984,0.009127056518419484
2021-12-20,0.0057164722784293,-0.0222886132039707,0.0030249365199171686,-0.025313549723887867
2021-12-21,0.0334277258106343,0.0356271776431516,0.015363518662927003,0.020263658980224593
2021-12-22,-0.0047063033582137,0.0037429862788336,-0.0016158594369104233,0.005358845715744023
2021-12-23,0.0392193981332837,-0.0064967744754547,0.017942291384823426,-0.024439065860278126
2021-12-24,-0.006737209226781,0.0252488660239915,-0.002520131012171943,0.027768997036163444
2021-12-25,0.0046901574583984,-0.0061297237411057,0.0025679644202312836,-0.008697688161336984
2021-12-26,0.0015036238167276,-0.0024624489172726,0.0011491434692581957,-0.0036115923865307955
2021-12-27,-0.0001959034353191,0.0046734804039427,0.0003924199749820633,0.004281060428960637
2021-12-28,-0.0630250671560723,-0.0449203609125365,-0.02758259734584001,-0.017337763566696487
2021-12-29,-0.0400550087420192,-0.0312851374970346,-0.01735505739561183,-0.013930080101422767
2021-12-30,0.0204558964218826,-0.0192519314993209,0.009587743046273174,-0.028839674545594073
2021-12-31,-0.0136665179371746,0.0091373922494373,-0.005605442350329291,0.01474283459976659
2022-01-01,0.0297877369053782,-0.0029470885362492,0.013742794358450794,-0.016689882894699994
2022-01-02,0.0015609347292748,0.0112060937878766,0.0011746614560693184,0.010031432331807281
2022-01-03,-0.0205647280919905,0.0055563048093372,-0.008676906892199404,0.014233211701536606
2022-01-04,-0.000366638154329,0.0013183917532586,0.00031639943867831533,0.0010019923145802847
2022-01-05,-0.0625974493169216,-0.0084678992362938,-0.027392198242167362,0.018924299005873564
2022-01-06,-0.0165204484811685,-0.0932395108757671,-0.006876170013608389,-0.0863633408621587
2022-01-07,-0.0504955743651862,-0.0588758600766841,-0.022003774437993864,-0.03687208563869024
2022-01-08,-0.0069310792518919,-0.0203163731023465,-0.0026064526658321867,-0.017709920436514315
2022-01-09,0.0030515649273432,-0.0104746236226738,0.0018383724326349639,-0.012312996055308764
2022-01-10,-0.010364702854007,-0.0112306651282167,-0.0041352917280434364,-0.007095373400173264
2022-01-11,0.0366067641776197,0.0156878517495453,0.01677900230321933,-0.0010911505536740293
2022-01-12,0.0367028429963038,0.0468520616912879,0.016821781905201588,0.030030279786086314
2022-01-13,-0.0322634772945384,0.0078502818613728,-0.013885836825244637,0.021736118686617435
2022-01-14,0.0156104596203583,-0.0160682553673172,0.007430286692850204,-0.023498542060167403
2022-01-15,0.0037183767962201,0.0160682553673172,0.0021352739426482087,0.013932981424668991
2022-01-16,0.0043071404121697,0.0021030501967782,0.002397424055408972,-0.00029437385863077207
2022-01-17,-0.0252334032461281,-0.0230732761643022,-0.010755659187594835,-0.012317616976707366
2022-01-18,-0.0054226613590397,-0.0292947093530138,-0.0019348216241215405,-0.027359887728892262
2022-01-19,-0.0201608667280055,-0.0140129681516949,-0.008497085484693396,-0.005515882667001504
2022-01-20,-0.0276035977346094,0.0114797179052619,-0.011811000814672384,0.023290718719934284
2022-01-21,-0.1279926360877983,-0.1115800565209879,-0.05650975089247246,-0.05507030562851544
2022-01-22,-0.0538289283012112,-0.1336833259767171,-0.02348796790125857,-0.11019535807545852
2022-01-23,0.0411041311018642,-0.0048740957582458,0.01878147870355815,-0.023655574461803948
2022-01-24,-0.0078833121934511,-0.0377559883409999,-0.0030304394174619385,-0.03472554892353796
2022-01-25,0.0080797850837779,0.0238156231870041,0.004077214041196822,0.019738409145807278
2022-01-26,0.0008142580417285,0.0376791584208024,0.0008421997133028433,0.036836958707499555
2022-01-27,-0.0058752570232574,-0.0368537353446347,-0.0021363422364615854,-0.034717393108173115
2022-01-28,0.0262603909931335,0.0061690510267151,0.012172224942149904,-0.006003173915434804
2022-01-29,0.0118043915223093,0.0495903281481506,0.005735614749731865,0.04385471339841873
2022-01-30,-0.0053370156841641,0.0135634708664742,-0.0018966874345794475,0.015460158301053649
2022-01-31,0.0170873166919385,-0.0054033323280524,0.008087865112029255,-0.013491197440081655
2022-02-01,0.0232397265433714,0.0637158143861071,0.010827258125814993,0.05288855626029211
2022-02-02,-0.0472766305220009,-0.0061919702479205,-0.020570522673445585,0.014378552425525085
2022-02-03,5.6226382834978494e-05,-0.0353262239584086,0.0005046821095109408,-0.03583090606791954
2022-02-04,0.0989954964314083,0.0694469697313397,0.04455791518483971,0.024889054546499985
2022-02-05,0.0165534931268798,0.0619530843166904,0.007850177347392538,0.05410290696929786
2022-02-06,0.0192893635587534,-0.0016608540605709,0.009068338121573084,-0.010729192182143984
2022-02-07,0.0371395643109089,0.0288355496398882,0.017016234379449855,0.011819315260438345
2022-02-08,-0.0023155781493393,0.0048332621880184,-0.0005513763980331146,0.005384638586051514
2022-02-09,0.0140432639085048,0.0143611850681288,0.006732484516474297,0.007628700551654503
2022-02-10,-0.0295940459867356,0.0097746324515703,-0.012697258422316423,0.02247189087388672
2022-02-11,-0.0403205398326544,-0.0426278286387589,-0.01747328651756468,-0.02515454212119422
2022-02-12,-0.0038273653110447,-0.0428159041985072,-0.001224507624513778,-0.04159139657399342
2022-02-13,-0.0007618851103394,-0.004796172263493,0.00014041364186687588,-0.004936585905359876
2022-02-14,0.0100571021459661,-0.0065461043404413,0.0049576249170971256,-0.011503729257538425
2022-02-15,0.0602366018216269,0.0593835356051082,0.027300312443799223,0.032083223161308974
2022-02-16,-0.014910485629743,0.0183965168765976,-0.006159325542230654,0.024555842418828255
2022-02-17,-0.0820109933826103,-0.0331629869928988,-0.03603618137570052,0.0028731943828017165
2022-02-18,-0.0177088141710228,-0.0557398774148323,-0.007405296119836723,-0.04833458129499558
2022-02-19,0.0005905747730459,-0.0308808921753334,0.0007426035553214044,-0.0316234957306548
2022-02-20,-0.0433882762579358,-0.0430926551149628,-0.018839212379866372,-0.024253442735096425
2022-02-21,-0.0394244251084749,0.0097379046658101,-0.017074286698917012,0.026812191364727112
2022-02-22,0.0316502963013078,-0.0395338445442794,0.014572108776732307,-0.0541059533210117
2022-02-23,-0.0234574856184881,0.0343021435231793,-0.009964922474714286,0.04426706599789358
2022-02-24,0.0148544312944665,-0.0811360990134684,0.007093661083668824,-0.08822976009713722
2022-02-25,0.0407498841401139,0.078509948564001,0.01862374837095562,0.05988620019304537
2022-02-26,-0.0063712050279107,0.0469638758603547,-0.0023571657075818994,0.0493210415679366
2022-02-27,-0.0385985973870308,-0.0217399866364056,-0.0167065825398406,-0.005033404096565001
2022-02-28,0.1195993521040374,-0.0110498361865856,0.053731890854471734,-0.06478172704105734
2022-03-01,0.0227713667630915,0.0837963377419859,0.010618718457454284,0.07317761928453162
2022-03-02,-0.0070962088236523,0.0108402145528652,-0.002679977480689005,0.013520192033554205
2022-03-03,-0.0334671770399985,-0.0294038277278039,-0.014421790500801718,-0.014982037227002183
2022-03-04,-0.0795317623747564,-0.0652327245670472,-0.03493229066190255,-0.030300433905144655
2022-03-05,0.0117529675917822,-0.0217155669101494,0.005712717972789325,-0.027428284882938723
2022-03-06,-0.0307721079882803,-0.0041722040419776,-0.013221796756849905,0.009049592714872306
2022-03-07,-0.0123822309928627,-0.0344128292908934,-0.005033606798423582,-0.02937922249246982
2022-03-08,0.0187017263542479,0.0066653844103887,0.008806689549463079,-0.0021413051390743783
2022-03-09,0.071494489837363,0.0558549725709447,0.03231294660260889,0.02354202596833581
2022-03-10,-0.0542099737068824,-0.0342074322317103,-0.023657630382698705,-0.010549801849011595
2022-03-11,-0.0122844687282608,-0.0123125834031823,-0.004990077633246145,-0.007322505769936156
2022-03-12,7.384309111024834e-05,0.0011607662359622,0.000512526042009023,0.000648240193953177
2022-03-13,-0.026619553132793,-0.0046511711757304,-0.011372849753126704,0.006721678577396304
2022-03-14,0.0376548656437467,-0.0050633019565466,0.01724567502226424,-0.02230897697881084
2022-03-15,-0.00047833198958,0.0038971210663634,0.0002666671680139572,0.0036304538983494426
2022-03-16,0.0438345442946008,0.04189493097007,0.019997209613160837,0.021897721356909164
2022-03-17,0.0046778596672645,0.0369802342474292,0.0025624887637112036,0.034417745483717996
2022-03-18,0.0262091202676888,0.0192245151686298,0.01214939638058029,0.007075118788049509
2022-03-19,0.009590842210656,0.0343128446101781,0.004750020215810978,0.02956282439436712
2022-03-20,-0.024699086620167,-0.0168359929283798,-0.01051775188498454,-0.006318241043395262
2022-03-21,0.0037634424645673,0.0027681678576128,0.0021553396697393833,0.0006128281878734166
2022-03-22,0.0272872628999785,0.0336366006612705,0.012629445087685053,0.021007155573585446
2022-03-23,0.0157896715357033,-0.0073776323900922,0.007510081745640602,-0.014887714135732803
2022-03-24,0.0263648447930719,0.0308226553978752,0.01221873354881368,0.018603921849061518
2022-03-25,0.0003269923718018,0.0213117526737161,0.0006252420976225499,0.02068651057609355
2022-03-26,0.0093833941708449,-0.0028795412634199,0.004657652879319291,-0.007537194142739191
2022-03-27,0.0448615535982916,0.0152626174201415,0.02045449093536799,-0.00519187351522649
2022-03-28,0.0083896949170245,0.0546483415204068,0.004215203032925244,0.05043313848748155
2022-03-29,0.0145848768662517,0.0183545709265757,0.006973640549387504,0.011380930377188195
2022-03-30,-0.0009350398244993,-0.0055890717634063,6.331558992821591e-05,-0.005652387353334516
2022-03-31,-0.0331111187568389,-0.0074019582956683,-0.014263253667765347,0.006861295372097047
2022-04-01,0.0283189458069301,-0.0065593556587302,0.013088807356453144,-0.019648163015183344
2022-04-02,-0.0042829321696515,0.0398762887318433,-0.0014273511768641029,0.0413036399087074
2022-04-03,0.0161174495348017,0.0025836098769289,0.007656026632682498,-0.005072416755753598
2022-04-04,0.0011841116878539,-0.0011474470564767,0.001006879004635025,-0.002154326061111725
2022-04-05,-0.0189652975483056,0.0020071691326428,-0.007964751986526875,0.009971921119169676
2022-04-06,-0.0669953224462567,-0.058389224728673,-0.02935037450430483,-0.02903885022436817
2022-04-07,0.0132443621382414,-0.0242827360789057,0.006376769279517041,-0.03065950535842274
2022-04-08,-0.0306316350697688,0.0126760083452115,-0.013159250447210459,0.02583525879242196
2022-04-09,0.0163683540673478,-0.0108109161042158,0.007767743202316409,-0.018578659306532207
2022-04-10,-0.0104814849867782,0.011732150623537,-0.0041872895900801985,0.0159194402136172
2022-04-11,-0.0747023819628545,-0.0535898780173234,-0.032781983500848155,-0.020807894516475245
2022-04-12,0.0190680015769348,-0.0245873720143663,0.00896977552884035,-0.03355714754320665
2022-04-13,0.0249209556943466,0.0171113092400112,0.011575834293848038,0.005535474946163162
2022-04-14,-0.0296604789548062,0.0016299922109315,-0.01272683805257712,0.01435683026350862
2022-04-15,0.013956450717254,-0.0137752260239043,0.006693830484093555,-0.020469056507997855
2022-04-16,0.0020387874981508,0.0039551798429275,0.0013874279277913237,0.002567751915136176
2022-04-17,-0.02394231792859,0.0029561525879877,-0.010180796624067553,0.013136949212055254
2022-04-18,0.027384273747339,-0.0296243996701486,0.012672639680363057,-0.042297039350511656
2022-04-19,0.0177650008917122,0.0374650148123789,0.008389607584855685,0.029075407227523213
2022-04-20,-0.0061083519804423,0.0064872105545852,-0.0022401289985077262,0.008727339553092926
2022-04-21,-0.0263986078735616,-0.0019417481829115,-0.01127447270832911,0.00933272452541761
2022-04-22,-0.0118088213714422,-0.0329302062860481,-0.004778293132902583,-0.028151913153145514
2022-04-23,-0.0079017718224871,-0.0090802708980044,-0.0030386586648852086,-0.006041612233119191
2022-04-24,-0.0025992021473246,-0.0047409502955302,-0.0006776614826397517,-0.0040632888128904485
2022-04-25,0.025113379126612,-0.0181542920464403,0.011661511844395771,-0.02981580389083607
2022-04-26,-0.0650233788523326,0.016795596185247,-0.028472356193558333,0.045267952378805335
2022-04-27,0.0265788546423753,-0.0265212720125429,0.01231402256567372,-0.03883529457821662
2022-04-28,0.0113431564786505,0.0176444639797095,0.00553024740801977,0.01211421657168973
2022-04-29,-0.0318299610374985,-0.0148560341492594,-0.01369281141982223,-0.0011632227294371706
2022-04-30,-0.032202305597492,-0.0211052504894331,-0.013858599803723502,-0.007246650685709599
2022-05-01,0.0266578138380797,-0.012520285175567,0.012349179565013807,-0.024869464740580806
2022-05-02,0.0025556105172395,0.0199578969363365,0.0016175461094539941,0.018340350826882505
2022-05-03,-0.0209276717210364,-0.0035348216374933,-0.008838509461894076,0.0053036878244007764
2022-05-04,0.0554852586073408,0.009866182921054,0.025184751757561418,-0.015318568836507418
2022-05-05,-0.0780232064420403,0.0035001785822093,-0.0342605981572127,0.037760776739422
2022-05-06,-0.0136008153686706,-0.0538343110561099,-0.005576187934337204,-0.048258123121772696
2022-05-07,-0.0197595658188465,-0.0129896055399338,-0.008318404133235643,-0.004671201406698158
2022-05-08,-0.0452649342449493,-0.0466445408825473,-0.019674804270366428,-0.02696973661218087
2022-05-09,-0.13197206439831,-0.0634171670503453,-0.058281612386735245,-0.005135554663610049
2022-05-10,0.0262624584364434,-0.0168212544901429,0.01217314548221409,-0.02899439997235699
2022-05-11,-0.1146591971725232,-0.0327615506752954,-0.050572966722325426,0.017811416047030022
2022-05-12,-0.0110787630173554,-0.1531287073315654,-0.004453230790969119,-0.14867547654059626
2022-05-13,0.0212583629855167,0.0570732893453236,0.009945045526325592,0.04712824381899801
2022-05-14,0.0298611052610144,-0.0268899115222254,0.013775462006692068,-0.04066537352891747
2022-05-15,0.0407938758494381,0.0230233044815788,0.018643335912113847,0.004379968569464952
2022-05-16,-0.0519513525542212,-0.0116903425852878,-0.02265196737327683,0.010961624787989031
2022-05-17,0.0268643081758419,0.013142072818475,0.012441122260626054,0.0007009505578489464
2022-05-18,-0.0725679914473982,-0.0279498458556677,-0.031831634839441965,0.003881788983774264
2022-05-19,0.0532565705819276,-0.0205985680406177,0.02419241663130143,-0.04479098467191913
2022-05-20,-0.0342403755519136,0.0156135128516989,-0.014766061226087757,0.03037957407778666
2022-05-21,0.0099477503529445,-0.0151060274310133,0.00490893545311765,-0.02001496288413095
2022-05-22,0.0307328057997313,0.0161050285130981,0.014163591280186126,0.0019414372329119734
2022-05-23,-0.0386266491282185,0.0187938271440266,-0.016719072725912356,0.035512899869938955
2022-05-24,0.0136050401846805,-0.0354063410778104,0.006537363086578032,-0.04194370416438843
2022-05-25,-0.0076327706964747,0.0015216842905809,-0.002918884491334784,0.004440568781915684
2022-05-26,-0.0317187254163435,-0.0514800432242479,-0.013643283171406666,-0.037836760052841235
2022-05-27,-0.0312470783389855,-0.0610582804004975,-0.013433279816642184,-0.04762500058385532
2022-05-28,0.0258944352766885,0.0045274553849639,0.012009281224616048,-0.007481825839652148
2022-05-29,0.0104264993978162,0.0123458358222992,0.0051221009964653,0.0072237348258339
2022-05-30,0.0781739053227354,0.0600667417461773,0.03528699166115451,0.02477975008502279
2022-05-31,-0.0022118626519098,0.0335688632878152,-0.00050519652446479,0.03407405981227999
2022-06-01,-0.0668698707780848,-0.0356719134845935,-0.029294516485795574,-0.006377396998797923
2022-06-02,0.0165080497734884,-0.0419190873346284,0.007829943454038634,-0.049749030788667034
2022-06-03,-0.0302885779421746,-0.0182779943111848,-0.013006502447425938,-0.005271491863758861
2022-06-04,0.0072452919632564,-0.0089837774345111,0.003705651567367734,-0.012689429001878834
2022-06-05,0.0027541768499297,0.0151136378100487,0.0017059588188930283,0.01340767899115567
2022-06-06,0.0403316968530678,0.0413551856819136,0.01843754827046633,0.022917637411447266
2022-06-07,-0.0078981478400663,-0.052528486280039,-0.0030370450675525624,-0.049491441212486435
2022-06-08,-0.0264689042160668,0.0133930573364375,-0.01130577252648225,0.024698829862919748
2022-06-09,-0.0030080965647805,-0.0027754666720349,-0.00085972388381314,-0.0019157427882217598
2022-06-10,-0.0457801520144638,-0.0310496294816085,-0.019904207706169325,-0.011145421775439174
2022-06-11,-0.0439296055254807,-0.0868028916349707,-0.019080242098217282,-0.06772264953675342
2022-06-12,-0.0514224927361759,-0.0759859069779222,-0.022416489743240873,-0.053569417234681324
2022-06-13,-0.1751251320099811,-0.152016207298625,-0.07749574388860576,-0.07452046341001924
2022-06-14,-0.0033654652955465,-0.0632301341917962,-0.001018844200574523,-0.06221128999122168
2022-06-15,0.0249419944805975,-0.0488738496793343,0.011585201924657099,-0.0604590516039914
2022-06-16,-0.1112179332625586,0.007005282588409,-0.049040725772650326,0.05604600836105933
2022-06-17,0.0131148710667314,-0.0519364698587976,0.006319112695315403,-0.058255582554113006
2022-06-18,-0.0784467112002857,-0.0753814070622791,-0.03444916588986663,-0.04093224117241247
2022-06-19,0.0858397154662764,0.0186554256615014,0.03870023415626125,-0.02004480849475985
2022-06-20,0.0073077011630253,0.0731347360671703,0.003733439593518668,0.06940129647365163
2022-06-21,0.0046633592764546,0.0346547339060601,0.002556032388040368,0.03209870151801973
2022-06-22,-0.041079377892629,-0.0519830288671308,-0.01781116317570133,-0.034171865691429465
2022-06-23,0.06125362123454,0.0137051025916496,0.027753145714321626,-0.014048043122672027
2022-06-24,0.0365088110598605,0.0709268742655275,0.016735388159664577,0.05419148610586293
2022-06-25,0.0041834133538891,0.0275131985477257,0.0023423339285717298,0.025170864619153972
2022-06-26,-0.0240808757357005,0.0155041865359653,-0.01024249022023062,0.02574667675619592
2022-06-27,-0.0120338024162016,-0.0204506104712915,-0.004878467132543484,-0.015572143338748016
2022-06-28,-0.0328957670758303,-0.0158270692354864,-0.014167367193244379,-0.0016597020422420214
2022-06-29,-0.016221307094721,-0.0587896146168569,-0.006742975729749421,-0.052046638887107484
2022-06-30,-0.0465691275523614,-0.0700747438679059,-0.020255503235686294,-0.0498192406322196
2022-07-01,0.0132231169985974,0.0179843938552526,0.006367309768768724,0.011617084086483875
2022-07-02,-0.0061478940868653,-0.0113208756244818,-0.002257735330449398,-0.009063140294032403
2022-07-03,0.0038199761411199,0.0075614727005763,0.0021805115881147084,0.005380961112461591
2022-07-04,0.0520735847082498,0.0251059211310762,0.02366568591666846,0.0014402352144077396
2022-07-05,-0.0078827026384544,0.039609138095046,-0.0030301680098769757,0.042639306104922975
2022-07-06,0.026694692762657,0.0079121291879493,0.012365600101158591,-0.0044534709132092905
2022-07-07,0.0475515324581312,0.0487067648115582,0.021652218244474306,0.027054546567083896
2022-07-08,0.0038714106101664,0.0295830940345638,0.002203413057388727,0.027379680977175073
2022-07-09,-0.0110177181062685,-0.0130401195808067,-0.0044260502215667605,-0.00861406935923994
2022-07-10,-0.0371731063356666,-0.0299772655028842,-0.016071875112731906,-0.013905390390152293
2022-07-11,-0.0483112516665045,-0.0335226920386437,-0.021031193208017995,-0.012491498830625704
2022-07-12,-0.0338399934036885,-0.0659381014919944,-0.014587788957793255,-0.05135031253420115
2022-07-13,0.0453471299984453,-0.004679465721959,0.020670696394750783,-0.025350162116709783
2022-07-14,0.0332167493573791,0.0547582039738463,0.015269580281694813,0.03948862369215149
2022-07-15,0.0144153097574815,0.0801793290276666,0.006898139897716071,0.07328118912995053
2022-07-16,0.0405517764876393,0.0298770708629447,0.018535539891307597,0.011341530971637103
2022-07-17,-0.0128329565412439,0.0743352448819729,-0.005234294731800232,0.07956953961377314
2022-07-18,0.0899662028791414,0.0726297752844109,0.0405375744933398,0.032092200791071106
2022-07-19,0.0269327572005995,0.0599780003907355,0.012471599550785412,0.04750640083995009
2022-07-20,-0.0062273370310403,0.0090148710962161,-0.0022931077213535706,0.011307978817569671
2022-07-21,0.005291581136813,-0.0246605618219515,0.0028357514927376064,-0.027496313314689106
2022-07-22,-0.023307199405691,0.0399280339527399,-0.009898006743911857,0.04982604069665176
2022-07-23,-0.001293984946141,-0.0262247200112106,-9.650662320486006e-05,-0.02612821338800574
2022-07-24,0.0168915259020838,0.0325180069869999,0.008000688227711862,0.02451731875928804
2022-07-25,-0.0715976273374003,-0.0442521703086482,-0.03139957508920644,-0.012852595219441758
2022-07-26,-0.0097033209181773,-0.0826691044557561,-0.0038408079244271996,-0.0788282965313289
2022-07-27,0.0899407702923671,0.0621317811070065,0.04052625049961793,0.021605530607388568
2022-07-28,0.0417264315114245,0.1095685170580313,0.019058561250981168,0.09050995580705014
2022-07-29,0.0178311398573693,0.0289703972971135,0.008419056308987398,0.020551340988126103
2022-07-30,-0.0208777531120567,-0.0023337233462203,-0.008816282937329067,0.006482559591108767
2022-07-31,-0.0097202035384462,-0.0046838493124266,-0.003848325000359364,-0.0008355243120672356
2022-08-01,-0.0106819932193467,-0.0231533049747163,-0.004276566940706758,-0.018876738034009542
2022-08-02,-0.005952082320336,-0.0329700192375703,-0.0021705491061567365,-0.030799470131413563
2022-08-03,-0.0082659324496301,0.0190599068353991,-0.003200803109416815,0.022260709944815913
2022-08-04,-0.0046434830565313,-0.0134888617859436,-0.0015878883654590308,-0.01190097342048457
2022-08-05,0.0372732191734037,0.0303974771843709,0.017075744913601195,0.013321732270769705
2022-08-06,-0.0097381156438594,0.0289190999720485,-0.003856300459994858,0.032775400432043356
2022-08-07,0.0083554630947855,-0.0140599855682985,0.004199961133091664,-0.018259946701390164
2022-08-08,0.0308980386901431,0.0359250683725465,0.01423716209821872,0.021687906274327776
2022-08-09,-0.029734045045755,-0.0143309990647164,-0.012759593743511745,-0.0015714053212046546
2022-08-10,0.0447291321238942,0.0131920467775854,0.020395529573787867,-0.0072034827962024674
2022-08-11,0.0049067451776725,0.0746369327584917,0.0026644012473248284,0.07197253151116688
2022-08-12,0.0248646122337827,0.0031679012765568,0.011550747070147343,-0.008382845793590544
2022-08-13,0.0041837398062902,0.0448413179098032,0.0023424792832292545,0.04249883862657394
2022-08-14,-0.0100043942804237,-0.0045466105095952,-0.003974862430724872,-0.0005717480788703282
2022-08-15,-0.0088459895566366,-0.0272020878049845,-0.0034590766030398526,-0.023743011201944646
2022-08-16,-0.0106722889686459,-0.0194384896481265,-0.004272246071776414,-0.015166243576350085
2022-08-17,-0.0242362704927074,-0.0074547736080221,-0.01031168055735104,0.0028569069493289403
2022-08-18,-0.005383980480806,-0.007510764921383,-0.0019175987585844181,-0.005593166162798582
2022-08-19,-0.110452317381009,-0.0673786661324102,-0.048699831253623455,-0.018678834878786743
2022-08-20,-0.001121630921995,-0.0703927976018592,-1.9765082728090964e-05,-0.0703730325191311
2022-08-21,0.0272568917059228,-0.0068217318809242,0.012615922152961005,-0.019437654033885206
2022-08-22,-0.0113325367341463,-0.0169442397164996,-0.004566224880057238,-0.012378014836442361
2022-08-23,0.0153759977655312,0.028082968742825,0.007325891312402164,0.020757077430422835
2022-08-24,-0.0069970513027186,0.0152674721307883,-0.002635827070253194,0.017903299201041493
2022-08-25,0.0153445408315935,0.0274972494572223,0.007311884946255412,0.020185364510966888
2022-08-26,-0.0834724777319149,-0.0396925225510402,-0.03668691500901167,-0.0030056075420285336
2022-08-27,-0.0061862920444912,-0.0884625130371024,-0.0022748322240901124,-0.08618768081301229
2022-08-28,-0.0243689735520806,-0.0040295554860012,-0.010370767296130361,0.006341211810129161
2022-08-29,0.0460452225732304,-0.0006731740409042,0.020981525804448935,-0.021654699845353134
2022-08-30,-0.0211896159752082,0.0441296495063641,-0.008955141525948201,0.053084791032312305
2022-08-31,0.0077002727694654,0.0159798862198741,0.003908234176789513,0.012071652043084587
2022-09-01,0.0106109984205566,-0.0121213605323449,0.005204250161776131,-0.01732561069412103
2022-09-02,-0.0078892446164626,0.0222160834793552,-0.003033080860172186,0.025249164339527386
2022-09-03,-0.0054239513185336,-0.0222160834793552,-0.001935395985406141,-0.020280687493949057
2022-09-04,0.0107096001717987,0.0012828738128893,0.005248153112818435,-0.003965279299929136
2022-09-05,0.0008866044438207,0.0127390257774298,0.0008744123313256412,0.01186461344610416
2022-09-06,-0.0427523049299907,0.0342179573103411,-0.01855604278375517,0.052774000094096274
2022-09-07,0.0320969899259591,-0.055325232758288,0.014771001474751671,-0.07009623423303966
2022-09-08,0.001914373632978,0.0522624432277423,0.001332031996554221,0.050930411231188084
2022-09-09,0.0765279000145167,0.0414598278711242,0.034554099095335224,0.006905728775788975
2022-09-10,0.0219492648812451,0.0180815658198918,0.010252673248157047,0.007828892571734754
2022-09-11,-0.0048244962716346,0.0200292818755727,-0.00166848545649018,0.02169776733206288
2022-09-12,0.0073391420648736,-0.0177198120269101,0.0037474388212928545,-0.021467250848202956
2022-09-13,-0.0905044750062469,-0.0424091819250929,-0.0398179489731711,-0.002591232951921804
2022-09-14,0.0143525988099391,-0.0380180671875214,0.006870217516773662,-0.04488828470429506
2022-09-15,-0.0474358627338098,-0.0240365778282409,-0.020641421657604995,-0.0033951561706359046
2022-09-16,-0.0050870547177375,-0.0709611507940382,-0.0017853909927488234,-0.06917575980128937
2022-09-17,0.0235992194622216,-0.007588860152822,0.010987324248551327,-0.018576184401373326
2022-09-18,-0.0550384355193909,-0.0167601688574645,-0.024026507384747826,0.007266338527283325
2022-09-19,0.0160071314990428,-0.0654779293795071,0.007606906944015771,-0.07308483632352286
2022-09-20,-0.0311182310097457,0.0171454069549881,-0.013375909862089782,0.030521316817077884
2022-09-21,-0.0278336909444583,-0.017897569457542,-0.011913451032847105,-0.005984118424694894
2022-09-22,0.0546662380966189,-0.033668061383925,0.024820078545048394,-0.05848813992897339
2022-09-23,0.0030251160188878,0.0223172017152348,0.0018265959163113468,0.020490605798923454
2022-09-24,-0.0173712553851643,0.0121030221712441,-0.007254996285779438,0.019358018457023538
2022-09-25,-0.0110715809628239,-0.0113422766039343,-0.004450032943217861,-0.006892243660716439
2022-09-26,0.018263507977533,-0.0022839751078311,0.008611570500395543,-0.010895545608226644
2022-09-27,-0.004595910648371,0.0366670331474319,-0.0015667064992130853,0.03823373964664499
2022-09-28,0.0138149675201084,-0.037429518887766,0.006630834342550991,-0.04406035323031699
2022-09-29,0.0053787401973135,0.015140334631412,0.0028745595252303684,0.01226577510618163
2022-09-30,-0.0041322312296312,0.0044977587068313,-0.0013602507865729057,0.0058580094934042055
2022-10-01,-0.0097746696095502,-0.0105264129869873,-0.0038725763064773903,-0.0066538366805099095
2022-10-02,-0.0142065549600136,-0.0152325869901108,-0.005845896689892879,-0.009386690300217921
2022-10-03,0.0256619430497853,0.0007671653617533,0.011905762831414434,-0.011138597469661135
2022-10-04,0.0350172725329169,0.0302137785964964,0.016071272744864966,0.014142505851631435
2022-10-05,-0.008275965074592,0.0022296553272687,-0.003205270188723009,0.00543492551599171
2022-10-06,-0.008804353569447,0.0132745312086965,-0.003440537959616626,0.016715069168313126
2022-10-07,-0.0187743942137483,-0.0147604155831206,-0.007879751267520342,-0.006880664315600258
2022-10-08,-0.0046305562871644,-0.0127199619995606,-0.0015821326530553361,-0.011137829346505264
2022-10-09,0.0028890375687922,-0.0060423144559624,0.0017660062669673814,-0.007808320722929781
2022-10-10,-0.0202942156175609,-0.004555816535861,-0.008556459782775808,0.004000643246914808
2022-10-11,-0.0086688328082171,-0.023874834428919,-0.0033801966241885826,-0.020494637804730417
2022-10-12,0.0062618569671215,0.0093096095180014,0.003267771935974693,0.006041837582026708
2022-10-13,0.0046322910087059,-0.0179202302335701,0.002542199077569123,-0.020462429311139223
2022-10-14,-0.0062879995335034,0.0340063679851949,-0.0023201180212944097,0.03632648600648931
2022-10-15,-0.0071427212834258,-0.0215062052209633,-0.002700687399311842,-0.01880551782165146
2022-10-16,0.0115631884514328,0.0,0.00562821780719741,-0.00562821780719741
2022-10-17,0.0165424116261316,0.0222657950789813,0.007845243250597149,0.01442055182838415
2022-10-18,-0.0131860276257906,0.0037893186683506,-0.005391501498861064,0.009180820167211664
2022-10-19,-0.0156481537136343,-0.0175510037410315,-0.006487776156591773,-0.011063227584439726
2022-10-20,-0.0057398093375233,-0.0069525193148818,-0.0020760334382843924,-0.004876485876597407
2022-10-21,0.0108091572143091,-0.0015515906914185,0.005292481412348519,-0.006844072103767019
2022-10-22,0.0040657444813856,0.0138784031720771,0.0022899412409810196,0.01158846193109608
2022-10-23,0.0230064998080106,0.0091464052260761,0.01072341268883933,-0.0015770074627632288
2022-10-24,-0.0139824744144458,0.020278576973487,-0.005746123642277925,0.026024700615764923
2022-10-25,0.0539460850136279,0.0321900507184045,0.02449942657743893,0.007690624140965569
2022-10-26,0.0424363838138095,0.0947209624642884,0.01937467126709487,0.07534629119719354
2022-10-27,-0.0240420943116088,0.0155948579579066,-0.010225222586118644,0.025820080544025244
2022-10-28,0.0227001621254956,-0.014940193450073,0.010587014216109907,-0.025527207666182907
2022-10-29,0.0259490889461382,0.0510314800124458,0.01203361605988932,0.03899786395255648
2022-10-30,-0.0100990895520158,-0.0024906613124517,-0.004017026001049681,0.0015263646885979813
2022-10-31,0.0006927603627513,-0.0131787285454478,0.0007881022293870395,-0.01396683077483484
2022-11-01,0.0028766604364331,0.0006315124933591,0.0017604952833473087,-0.0011289827899882087
2022-11-02,-0.0262660842084034,-0.0139862419747398,-0.011215465845772465,-0.002770776128967334
2022-11-03,0.0039719691913511,-0.0128867762763569,0.0022481872973086204,-0.015134963573665521
2022-11-04,0.0584747715754954,0.0350465940917379,0.026515848212014508,0.008530745879723394
2022-11-05,0.0013783850515309,0.0271789428750786,0.001093380246924253,0.026085562628154348
2022-11-06,-0.0275238423287422,-0.0141149934716544,-0.011775489298547792,-0.002339504173106608
2022-11-07,-0.0138102789995215,-0.0231332604089642,-0.005669452723395676,-0.017463807685568523
2022-11-08,-0.1150213565310114,-0.0803062886866872,-0.0507342200914079,-0.029572068595279298
2022-11-09,-0.1864969586170843,-0.1626398899237022,-0.08255910980760837,-0.08008078011609383
2022-11-10,0.1340644488397409,0.0433993155345548,0.06017255165217399,-0.016773236117619196
2022-11-11,-0.0277204887949675,0.0244100601985692,-0.011863047177293107,0.036273107375862305
2022-11-12,-0.0195898275911954,-0.0075643325889265,-0.008242827289977793,0.0006784947010512934
2022-11-13,-0.028152872682865,-0.0594389165386735,-0.012055568389368089,-0.047383348149305414
2022-11-14,0.0224849228879424,-0.0097166756385727,0.010491177807631938,-0.020207853446204637
2022-11-15,0.0103767430141736,0.0241169244783128,0.0050999467035893085,0.01901697777472349
2022-11-16,-0.019985273962229,-0.0233035856778842,-0.008418901877382607,-0.014884683800501591
2022-11-17,-0.0025461808814348,-0.0205346024417076,-0.0006540534836819505,-0.01988054895802565
2022-11-18,0.0031605375823478,0.0074411256946884,0.0018868930834078897,0.005554232611280511
2022-11-19,0.0015236075486182,-0.0041271210046511,0.0011580413315353207,-0.00528516233618642
2022-11-20,-0.0387970703495099,-0.0141610029894971,-0.0167949536756995,0.0026339506862024017
2022-11-21,-0.030182098923424,-0.0614114245531354,-0.012959092101378819,-0.04845233245175658
2022-11-22,0.0274319080099108,-0.0107624357217925,0.012693849087612744,-0.023456284809405245
2022-11-23,0.0376912033299028,0.0466839500614888,0.017261854569140492,0.02942209549234831
2022-11-24,0.0049679194137084,0.0313452176156578,0.002691639399344463,0.028653578216313334
2022-11-25,5.335437325015846e-05,-0.0075345689219394,0.000503403332059151,-0.00803797225399855
2022-11-26,-0.0007947000852333,0.0207907696690741,0.0001258026008044915,0.020664967068269608
2022-11-27,0.0013537312119478,0.0,0.001082402994506453,-0.001082402994506453
2022-11-28,-0.0220508883940713,-0.0360323856376911,-0.009338627623944488,-0.026693758013746613
2022-11-29,0.0219214918866086,0.0285974071501735,0.01024030717546093,0.01835709997471257
2022-11-30,0.0477566406667904,0.0532813666129365,0.021743543758775057,0.03153782285416144
2022-12-01,-0.0190816251477983,0.0070505579966662,-0.008016547465218293,0.015067105461884493
2022-12-02,0.0084256492226941,0.0,0.004231211877612969,-0.004231211877612969
2022-12-03,-0.0140078320919254,-0.0054794657646253,-0.005757414282240291,0.0002779485176149909
2022-12-04,0.0144003724466923,-0.0086717137816174,0.00689148898111448,-0.01556320276273188
2022-12-05,-0.0113498483612826,0.0141511795462427,-0.004573932973565248,0.01872511251980795
2022-12-06,0.0046968487951684,-0.0181178646363484,0.002570943773304837,-0.020688808409653234
2022-12-07,-0.018615126520741,-0.0136056520557783,-0.007808836485169756,-0.005796815570608543
2022-12-08,0.0261041331525362,0.0048231604754294,0.012102650312497786,-0.007279489837068386
2022-12-09,-0.0085697684356187,0.0237729103525028,-0.003336087688541533,0.027108998041044333
2022-12-10,-0.0008145556946423,-0.0070727210353682,0.0001169617857396751,-0.0071896828211078755
2022-12-11,-0.0037328757078167,0.0039354635602357,-0.0011824356291154409,0.005117899189351141
2022-12-12,0.0037941205006717,-0.0150378773645405,0.0021689992275078706,-0.01720687659204837
2022-12-13,0.028431925718948,0.0321722529407715,0.013139112259597378,0.01903314068117412
2022-12-14,-0.0046018019558022,0.0221467623633158,-0.001569329634993829,0.02371609199830963
2022-12-15,-0.0292448344153584,-0.0314563718813172,-0.012541770123899334,-0.01891460175741786
2022-12-16,-0.0661438388973216,-0.043000255049602,-0.028971246952397174,-0.014029008097204823
2022-12-17,0.0194021838035105,-0.0423827453545024,0.009118571932025294,-0.051501317286527695
2022-12-18,0.0015293189706007,0.0050804512324189,0.0011605843723689869,0.0039198668600499125
2022-12-19,-0.024111572672254,-0.0025369992465886,-0.010256158193523995,0.007719158946935395
2022-12-20,0.0329043331352085,0.0217764049001694,0.015130475307046844,0.006645929593122556
2022-12-21,-0.0080385795278061,0.0049586878465186,-0.003099573018972923,0.008058260865491523
2022-12-22,0.0034326363300909,-0.0033030583292577,0.0020080464894108555,-0.005311104818668555
2022-12-23,0.0004488967831974,0.00905728711251,0.0006795206812980172,0.008377766431211983
2022-12-24,0.0015721594823858,0.0,0.001179659336736612,-0.001179659336736612
2022-12-25,-0.0024063842056243,-0.0024620447397758,-0.0005918082746803812,-0.001870236465095419
2022-12-26,0.0062003799059411,0.0016420364937443,0.0032403989494584513,-0.0015983624557141514
2022-12-27,-0.0097523693984875,-0.0008206812114286,-0.003862647019601796,0.003041965808173196
2022-12-28,-0.0147311175724169,-0.0173917427118697,-0.006079460966397657,-0.011312281745472042
2022-12-29,0.0060994064358368,0.0,0.003195439978053612,-0.003195439978053612
2022-12-30,-0.0022048984802083,-0.0016722411923622,-0.0005020956901955241,-0.001170145502166676
2022-12-31,-0.0031863209485969,0.0033416906619034,-0.000939079232969407,0.004280769894872807
2023-01-01,0.0032002628999201,-0.0008343763521194,0.001904580991082414,-0.002738957343201814
2023-01-02,0.0088090938713545,0.0116183879538649,0.004401942634678704,0.007216445319186195
2023-01-03,-0.0012486641865852,0.0016488049901841,-7.63273154044041e-05,0.0017251323055885043
2023-01-04,0.0209881604325143,0.0284225385061338,0.009824736411055995,0.018597802095077803
2023-01-05,-0.0034360831994515,0.0023990415344661,-0.0010502871956410002,0.0034493287301071004
2023-01-06,0.0110769431377146,0.0023932999058402,0.005411714510513516,-0.003018414604673316
2023-01-07,-0.0014283797963194,0.0079365495957368,-0.0001563466407845968,0.008092896236521397
2023-01-08,0.0136159247946654,0.0007902015425003,0.006542209516720112,-0.005752007974219812
2023-01-09,0.0151504201125636,0.0402531123583314,0.007225451669802329,0.03302766068852907
2023-01-10,0.0127491627791371,0.0098151033326594,0.006156279146785465,0.003658824185873936
2023-01-11,0.0331879425929084,0.0037495357014787,0.015256753917514534,-0.011507218216035835
2023-01-12,0.0348439246185385,0.0496452304891654,0.015994088669507578,0.03365114181965782
2023-01-13,0.0400841506548115,0.0085106896679088,0.018327327016930274,-0.009816637349021475
2023-01-14,0.0580782411218567,0.0813456394539526,0.026339290931098287,0.05500634852285431
2023-01-15,-0.0082078241855683,0.0006508298309784,-0.0031749300976282647,0.003825759928606665
2023-01-16,0.0126896603090074,0.0161345868610354,0.006129785357374095,0.010004801503661304
2023-01-17,-0.002222618778072,0.0063816425895204,-0.000509985746505527,0.006891628336025927
2023-01-18,-0.0373476428622883,-0.0038240964384037,-0.01614958842397474,0.01232549198557104
2023-01-19,0.0189200228792678,-0.0219505262502117,0.008903887231349297,-0.030854413481560997
2023-01-20,0.0677719610940652,0.0264105527577411,0.030655470998861265,-0.004244918241120166
2023-01-21,-0.0053661273173961,0.0496071947627463,-0.0019096495431875171,0.05151684430593381
2023-01-22,0.0018721561451169,-0.0140118040202157,0.0013132344368826487,-0.015325038457098348
2023-01-23,0.0096922582046943,0.0006133088202053,0.004795176223337029,-0.004181867403131729
2023-01-24,-0.0276803659469209,-0.005533367945655,-0.01184518226707318,0.006311814321418181
2023-01-25,0.0285938435090979,-0.0408990628413601,0.013211207011711619,-0.05411026985307172
2023-01-26,-0.0043923236020706,0.0322302779049135,-0.0014760582904948868,0.03370633619540839
2023-01-27,0.0024887631088379,-0.0144067634275311,0.0015877819474447974,-0.015994545374975896
2023-01-28,-0.0077100435913379,0.0,-0.0029532906563099525,0.0029532906563099525
2023-01-29,0.0359345801880373,0.0168912367551925,0.016479708828059873,0.00041152792713262595
2023-01-30,-0.0448310291368478,-0.0080972102326191,-0.01948160572695301,0.011384395494333911
2023-01-31,0.0167524158239178,-0.013220211428135,0.007938748729941509,-0.021158960158076508
2023-02-01,0.0268593573503199,0.0075757938084581,0.012438917879387654,-0.004863124070929554
2023-02-02,-0.0031289509040313,0.0502864984303697,-0.0009135349173144641,0.05120003334768416
2023-02-03,0.0047391364235114,-0.0132452267500209,0.002589772563396804,-0.015834999313417704
2023-02-04,-0.0023575378640465,0.0108500160240661,-0.0005700591828450817,0.011420075206911183
2023-02-05,-0.0186318948003112,-0.0096386288377692,-0.00781630265030131,-0.0018223261874678893
2023-02-06,-0.0108793569119765,-0.0109556786609745,-0.004364444168300611,-0.00659123449267389
2023-02-07,0.0389010784527936,0.0042748156701426,0.01780055786414746,-0.013525742194004861
2023-02-08,-0.0143916104782384,0.015719791660703,-0.005928293637760299,0.0216480852984633
2023-02-09,-0.0576686629164857,-0.0285994545243646,-0.025197630039164493,-0.003401824485200107
2023-02-10,-0.0098867869458008,-0.0519432781608406,-0.003922497143200846,-0.048020781017639756
2023-02-11,0.0132617203917924,-0.0104576116439574,0.006384498133682706,-0.016842109777640106
2023-02-12,-0.0076764406145652,0.0078534435055699,-0.002938328753244912,0.010791772258814811
2023-02-13,-0.0066970298453572,-0.0237478178500367,-0.0025022409301669285,-0.021245576919869773
2023-02-14,0.0236536033203158,0.0165511888179974,0.011011538948892084,0.005539649869105316
2023-02-15,0.0804048169103399,0.0367427731258507,0.03628031684023602,0.0004624562856146777
2023-02-16,-0.0208678018159549,0.0673036818961065,-0.008811852070127812,0.07611553396623431
2023-02-17,0.0346606982192323,-0.0101101069302957,0.015912506146509114,-0.026022613076804813
2023-02-18,-0.000798421285129,0.0130643188277268,0.00012414571687716238,0.012940173110849638
2023-02-19,-0.0079024577279156,0.000589796537298,-0.00303896406790359,0.00362876060520159
2023-02-20,0.0129441004112358,0.0005894488823781,0.006243076158101404,-0.005653627275723304
2023-02-21,-0.020231787440224,-0.0082840710434206,-0.00852866330676239,0.00024459226334179116
2023-02-22,-0.006632561770548,-0.0289351108594519,-0.0024735361790191473,-0.02646157468043275
2023-02-23,-0.0082565771651808,0.0133659340952085,-0.003196637619554916,0.016562571714763417
2023-02-24,-0.029300508680798,-0.0145899244560974,-0.01256655938493294,-0.0020233650711644607
2023-02-25,-0.0029016136198478,-0.0216659666442451,-0.0008123117896126808,-0.02085365485463242
2023-02-26,0.019871743225158,0.007481331652289,0.009327645747047364,-0.0018463140947583643
2023-02-27,-0.0021160120555858,0.0172418064345061,-0.000462518539694967,0.017704324974201067
2023-02-28,-0.0185382943237133,-0.0048959706122069,-0.007774626543235788,0.0028786559310288876
2023-03-01,0.025829850368094,0.0103754363768322,0.01198052445260767,-0.0016050880757754703
2023-03-02,-0.009265959532799,-0.0018231545615154,-0.0036460704552831492,0.0018229158937677493
2023-03-03,-0.0454003456125846,-0.0441476725578473,-0.01973509689771812,-0.024412575660129183
2023-03-04,-0.001997318885957,-0.0025461503252453,-0.0004096697783938172,-0.0021364805468514826
2023-03-05,0.0002789365730162,0.0019102202561196,0.0006038449991450313,0.0013063752569745686
2023-03-06,-7.378499863186505e-05,-0.0019102202561196,0.00044679385455017033,-0.0023570141106697704
2023-03-07,-0.0070620334038817,-0.0019138761822841,-0.002664760694352677,0.0007508845120685768
2023-03-08,-0.0172341514877736,-0.0051216501200546,-0.007193950050605849,0.0020722999305512486
2023-03-09,-0.0743727524457984,-0.024034934171401,-0.032635214215646725,0.008600280044245727
2023-03-10,-0.0040440468473299,-0.0736529095747648,-0.0013209862241275203,-0.07233192335063728
2023-03-11,0.0120517486334996,0.0237773439469561,0.005845751811252094,0.017931592135704007
2023-03-12,0.0716698321266875,0.0265954986462206,0.03239101868395517,-0.005795520037734571
2023-03-13,0.0770932503694936,0.0869552964579716,0.03480582432986333,0.052149472128108276
2023-03-14,0.020478833346825,0.0481730706601855,0.009597955833369975,0.038575114826815526
2023-03-15,-0.0191982389839928,-0.011232751862968,-0.008068470392314505,-0.003164281470653495
2023-03-16,0.0271672538670255,-0.0143715048376531,0.012576010431281908,-0.026947515268935008
2023-03-17,0.0734294193100453,0.0378743492924353,0.03317448418018096,0.004699865112254342
2023-03-18,-0.0139090133070354,0.0454107531806071,-0.005713414695818816,0.051124167876425916
2023-03-19,0.0356332488036184,-0.0055648446334073,0.016345539436025746,-0.021910384069433048
2023-03-20,-0.022262358670499,-0.013483350337287,-0.009432785882555049,-0.004050564454731951
2023-03-21,0.0263641144202981,0.0028240628766189,0.012218408346474705,-0.009394345469855805
2023-03-22,-0.0331828076828024,0.0067453881395316,-0.014295173541065803,0.021040561680597404
2023-03-23,0.0366192986222273,-0.0073095630487127,0.01678458333094975,-0.02409414637966245
2023-03-24,-0.0306840426904777,0.0073095630487127,-0.013182585217407158,0.020492148266119857
2023-03-25,0.0012777164484525,-0.020374219195137,0.0010485570191745102,-0.02142277621431151
2023-03-26,0.014159334822569,0.0091064943487948,0.006784165704621595,0.0023223286441732046
2023-03-27,-0.0323123777423131,-0.011969364898472,-0.013907610008150164,0.001938245109678164
2023-03-28,0.016226017450851,-0.0045977092486291,0.007704367071295746,-0.012302076319924846
2023-03-29,0.0295078165714048,0.0356473387302376,0.013618158349826513,0.022029180380411087
2023-03-30,-0.0081608514286735,-0.0022259330281544,-0.003154015229278605,0.0009280822011242047
2023-03-31,0.0168114203340028,0.009426185680545,0.007965020800010289,0.001461164880534712
2023-04-01,-0.0029511117671852,0.0066006840313521,-0.0008343511014085017,0.0074350351327606016
2023-04-02,-0.0108214362239493,-0.0071527127508632,-0.004338654675733171,-0.0028140580751300293
2023-04-03,-0.0034272769658443,-0.0072042428518477,-0.0010463661735693461,-0.006157876678278353
2023-04-04,0.0144859100846659,0.0241770017836868,0.006929575066654773,0.017247426717032027
2023-04-05,0.0079433226173364,0.0352036351929792,0.004016453406544572,0.031187181786434627
2023-04-06,-0.0112069500088605,-0.0142520227072013,-0.004510306726653978,-0.009741715980547322
2023-04-07,-0.0033882046232864,-0.0085424972231145,-0.001028969006472225,-0.0075135282166422755
2023-04-08,-0.0017238182740086,0.0021424753776475,-0.00028789218494186666,0.0024303675625893667
2023-04-09,0.010421542141227,-0.0096774948820659,0.005119893751760229,-0.014797388633826129
2023-04-10,0.0371977186635756,0.010747013700592,0.017042127912433404,-0.006295114211841403
2023-04-11,0.0103053599882816,0.0221996431661635,0.005068163033912964,0.017131480132250538
2023-04-12,-0.0040968631503073,-0.0115669007817951,-0.0013445029622649483,-0.010222397819530153
2023-04-13,0.0244769772323998,0.0404200099806679,0.011378150536377763,0.029041859444290136
2023-04-14,0.0150168726134456,0.0634587103171169,0.007165988939762132,0.05629272137735477
2023-04-15,-0.0016254660230536,-0.0019083975257601,-0.0002441003252214873,-0.0016642972005386128
2023-04-16,0.0038440239954162,0.0042887842722176,0.002191219022379751,0.002097565249837849
2023-04-17,-0.0257304940515421,-0.007158226700171,-0.010976991496795771,0.003818764796624771
2023-04-18,0.0246995686203614,0.0023917734434704,0.011477260528695465,-0.009085487085225066
2023-04-19,-0.0608635937080457,-0.0355009320507493,-0.02662018986552099,-0.008880742185228309
2023-04-20,-0.0145414195168402,-0.0357810908876894,-0.005994996904229478,-0.029786093983459924
2023-04-21,-0.0363561554226965,-0.021785093907142,-0.015708123399559713,-0.006076970507582286
2023-04-22,0.0213586840754302,-0.0233432349988298,0.009989714022001382,-0.033332949020831185
2023-04-23,-0.0107619249973769,0.0005366246439475,-0.0043121569874693955,0.004848781631416895
2023-04-24,-0.0046338016441787,-0.0080797638584115,-0.0015835776654239684,-0.0064961861929875315
2023-04-25,0.0246461457255353,-0.00869098354742,0.011453473702330387,-0.020144457249750385
2023-04-26,-0.0021256903823569,0.032208903369618,-0.0004668278658585535,0.032675731235476554
2023-04-27,0.0310638179974063,0.0,0.014310976211243274,-0.014310976211243274
2023-04-28,-0.005105976339939,0.0047430918960129,-0.001793815945071564,0.006536907841084464
2023-04-29,-0.0015757548733024,-0.0005259006169069,-0.00022196617297479034,-0.0003039344439321096
2023-04-30,0.0022513077268673,0.0021019450723729,0.0014820536832095097,0.0006198913891633901
2023-05-01,-0.0371016546148972,-0.0330873298909786,-0.01604006085629821,-0.01704726903468039
2023-05-02,0.0163463763487303,0.0010845988048044,0.00775795750690704,-0.00667335870210264
2023-05-03,0.0126163477599643,0.0123890623141607,0.006097142557313446,0.006291919756847254
2023-05-04,-0.0074335299906671,0.0132945324205344,-0.002830171513699856,0.016124703934234257
2023-05-05,0.031337144686546,0.0203928635631402,0.01443267636464513,0.005960187198495068
2023-05-06,-0.0291518136031019,-0.0015540018667339,-0.012500352115446471,0.010946350248712572
2023-05-07,-0.0057934392989622,-0.0114704073053104,-0.0020999124621535687,-0.009370494843156833
2023-05-08,-0.0323508913472601,-0.0265690442477124,-0.013924758394372018,-0.012644285853340381
2023-05-09,-0.0016537985657496,-0.0070251572361668,-0.00025671553964939686,-0.006768441696517404
2023-05-10,0.0001588644517624,0.0027078272705853,0.0005503822523424126,0.0021574450182428877
2023-05-11,-0.0225717154568112,-0.0185594846881738,-0.009570528627212003,-0.008988956060961797
2023-05-12,-0.0020675094989464,-0.0217218231468354,-0.00044092251992106107,-0.02128090062691434
2023-05-13,-0.0001313797771462,0.0139784216238405,0.000421149474916398,0.013557272148924101
2023-05-14,0.0018581230556495,0.0011098780273615,0.0013069861296051558,-0.0001971081022436559
2023-05-15,0.0104847129475196,0.0121280428132743,0.00514802088724241,0.00698002192603189
2023-05-16,-0.002707981837883,-0.0038429912791677,-0.0007260962149728152,-0.0031168950641948844
2023-05-17,0.0085241971454568,-0.0022026440623426,0.004275090861240232,-0.006477734923582832
2023-05-18,-0.0146845316795349,0.0005511160238693,-0.006058718351295024,0.006609834375164323
2023-05-19,0.0021383144698159,-0.0038642057468294,0.0014317428381185554,-0.0052959485849479555
2023-05-20,0.0057680514254698,0.0038642057468294,0.0030479024078329197,0.0008163033389964802
2023-05-21,-0.0105568770402282,-0.0011025359441001,-0.00422085830047224,0.00311832235637214
2023-05-22,0.0050330582248729,0.0,0.0027206427994005853,-0.0027206427994005853
2023-05-23,0.0143366882615669,0.0202027073175194,0.00686313326099279,0.01333957405652661
2023-05-24,-0.0294724508351098,-0.0191001713734193,-0.0126431175381885,-0.006457053835230802
2023-05-25,0.0028748038195729,-0.0121952730938179,0.0017596686148744786,-0.013954941708692378
2023-05-26,0.0109452218715855,0.0138468011322911,0.005353064920366814,0.008493736211924285
2023-05-27,0.0038546439853242,0.0054854772766708,0.002195947629033561,0.0032895296476372388
2023-05-28,0.0429518982693757,0.0125035605594021,0.019604206803930848,-0.007100646244528748
2023-05-29,-0.0103620010361016,0.0261278525810348,-0.004134088729336702,0.030261941310371503
2023-05-30,0.0013367483358095,0.0021030501967782,0.0010748412791183905,0.0010282089176598095
2023-05-31,-0.0151852515111876,-0.0164155129072218,-0.006281666503615194,-0.010133846403606608
2023-06-01,-0.0127322357442576,-0.0042803703661729,-0.00518944826443705,0.00090907789826415
2023-06-02,0.0184410385117672,0.0127865354235936,0.008690616909356992,0.004095918514236607
2023-06-03,-0.0064749245283,0.0058062976530228,-0.002403347363489238,0.008209645016512038
2023-06-04,0.0057707356578937,0.0005261773338967,0.003049097576511043,-0.0025229202426143432
2023-06-05,-0.0547363676295766,-0.0261139272823038,-0.023892010059792537,-0.0022219172225112632
2023-06-06,0.0438723947213777,-0.0092216547174546,0.020014062715796272,-0.029235717433250874
2023-06-07,-0.033478578182347,0.0140694961535805,-0.01442686691970957,0.028496363073290072
2023-06-08,0.0066120835599861,-0.0086347001676232,0.003423712178075408,-0.012058412345698608
2023-06-09,-0.0036371884184056,-0.0016273396593753,-0.0011398303576119807,-0.0004875093017633193
2023-06-10,-0.0357062806231649,-0.0432679802485154,-0.01541876320921777,-0.02784921703929763
2023-06-11,0.0007692693018643,-0.0056850636346084,0.0008221682390254412,-0.006507231873633841
2023-06-12,-0.0019451300534232,-0.0068650155196801,-0.000386432424788802,-0.0064785830948912975
2023-06-13,-4.206835827247346e-05,0.0011474470564767,0.0004609158563542336,0.0006865312001224664
2023-06-14,-0.0362892401241303,-0.0086381187856341,-0.0156783290090958,0.007040210223461699
2023-06-15,0.0124045523599782,-0.0473741631236919,0.006002839535719598,-0.0533770026594115
2023-06-16,0.0275237551415159,0.0192198108490169,0.01273474450855039,0.0064850663404665086
2023-06-17,0.0075797442762208,0.0298879557137645,0.0038545682279451784,0.02603338748581932
2023-06-18,-0.0047579562890831,0.0011540682181063,-0.0016388581774660833,0.0027929263955723833
2023-06-19,0.0128872666252348,-0.0040450791938084,0.006217770614407516,-0.010262849808215915
2023-06-20,0.0444978877453259,0.0092219673733424,0.020292566791654667,-0.011070599418312267
2023-06-21,0.0565750947995873,0.0525260396951043,0.02567000708406012,0.026856032611044175
2023-06-22,-0.0071480716506133,0.0326668939547483,-0.0027030696785891586,0.035369963633337456
2023-06-23,0.0180675524488211,-0.0052826324644277,0.008524320265231016,-0.013806952729658716
2023-06-24,-0.0065518805216218,-0.0005298013368957,-0.0024376124263776576,0.0019078110894819576
2023-06-25,0.0024056308740636,0.0068656197859819,0.0015507668803962206,0.0053148529055856795
2023-06-26,-0.012809204252445,-0.0132452267500209,-0.005223718899635544,-0.008021507850385357
2023-06-27,0.0149576003834841,0.0010660981819974,0.0071395976660029205,-0.006073499484005521
2023-06-28,-0.0245872843496979,-0.0112511232403624,-0.010467971332966033,-0.0007831519073963674
2023-06-29,0.0134016346656125,-0.0032379952737757,0.006446795703819784,-0.009684790977595484
2023-06-30,0.013451718487099,0.0213911899813181,0.006469095790126916,0.014922094191191185
2023-07-01,0.002268870845711,0.0167894814765494,0.0014898737547298611,0.015299607721819538
2023-07-02,0.0018373272514047,-0.0015620935225379,0.0012977266878189436,-0.002859820210356844
2023-07-03,0.0154549336375371,0.0196084713883761,0.007361037926742184,0.012247433461633917
2023-07-04,-0.0090622906165833,-0.0025582004230386,-0.0035553857935523223,0.0009971853705137224
2023-07-05,-0.012213093743135,-0.0160086042044804,-0.004958297543763462,-0.011050306660716939
2023-07-06,-0.0197850164624657,-0.0088889474172466,-0.008329736166863173,-0.0005592112503834262
2023-07-07,0.0083131631590216,-0.0223057575142977,0.004181126863055472,-0.026486884377353172
2023-07-08,-0.0012408186864725,-0.0005372011947617,-7.283406500051883e-05,-0.00046436712976118116
2023-07-09,-0.0023628376706366,0.0037543621465374,-0.0005724189497490948,0.004326781096286494
2023-07-10,0.0088882581261682,0.0,0.004437190937671344,-0.004437190937671344
2023-07-11,0.0059963184146099,0.0042735107773816,0.003149539491581926,0.0011239712857996744
2023-07-12,-0.0062302193073318,0.0042553255701385,-0.002294391070110789,0.006549716640249288
2023-07-13,0.064017399112382,0.0126583968719229,0.028983732426364654,-0.016325335554441753
2023-07-14,-0.0408184116406715,0.0380508628817022,-0.017694966572303763,0.05574582945400597
2023-07-15,0.0008527503369073,-0.0239991094260512,0.0008593386112377437,-0.02485844803728894
2023-07-16,-0.0044804018637609,-0.0015515906914194,-0.0015152756021771711,-3.631508924222893e-05
2023-07-17,-0.0022156243229094,-0.0088381131577168,-0.0005068714283650991,-0.0083312417293517
2023-07-18,-0.0077318148126028,-0.0073375591263173,-0.0029629844076813376,-0.004374574718635962
2023-07-19,0.0046034621204409,0.0026267417257184,0.0025293628626524667,9.737886306593335e-05
2023-07-20,-0.0030476113189408,-0.0026267417257184,-0.0008773180370152346,-0.0017494236887031654
2023-07-21,0.0014913307016399,-0.004217191279106,0.0011436698947724084,-0.005360861173878408
2023-07-22,-0.0132141599586113,-0.0015860431556342,-0.005404027568783498,0.003817984413149298
2023-07-23,0.0133348084417566,-0.0063694482854801,0.006417040974341561,-0.012786489259821662
2023-07-24,-0.0268944250191776,-0.0096308930609616,-0.011495237913771222,0.001864344852809622
2023-07-25,0.0035691637401082,-0.0021528533611006,0.002068836040533583,-0.004221689401634183
2023-07-26,0.0040578710195102,0.0026903432961047,0.0022864355404544597,0.0004039077556502405
2023-07-27,-0.0046790256970439,0.0053590696318384,-0.001603713914059152,0.006962783545897552
2023-07-28,0.0049459528662865,-0.0010695188185261,0.0026818586779689953,-0.0037513774964950952
2023-07-29,0.002583775821737,0.0037383221106068,0.0016300868601898427,0.002108235250416957
2023-07-30,-0.0053438173442597,-0.0005331911616588,-0.001899715909696997,0.001366524748038197
2023-07-31,-0.0025257909663753,-0.0058839431589747,-0.0006449747662014059,-0.005238968392773294
2023-08-01,0.0090506630672457,-0.0135027706412156,0.004509502596311637,-0.018012273237527236
2023-08-02,-0.0149394092667893,0.0075840016810388,-0.006172203944543116,0.013756205625581917
2023-08-03,-0.0007057116098767,-0.0070403756823287,0.00016542518993394284,-0.007205800872262643
2023-08-04,-0.0064572719624464,-0.0021762794225947,-0.002395487465214827,0.0002192080426201273
2023-08-05,0.0012349446164474,-0.0016353233407313,0.0010295126348420362,-0.0026648359755733365
2023-08-06,-0.0018927193992261,0.0005454049767052,-0.0003630963039154441,0.000908501280620644
2023-08-07,0.0023047563311831,-0.0016371081418995,0.001505851956860801,-0.003142960098760301
2023-08-08,0.0199557289837013,0.0059896721407417,0.009365040850066618,-0.0033753687093249175
2023-08-09,-0.0039781914993728,0.0081103445374539,-0.0012916637822762036,0.009402008319730103
2023-08-10,-0.0053579446531362,-0.0021563350673465,-0.001906006168664524,-0.000250328898681976
2023-08-11,-0.0014700949047963,-0.0027019740837301,-0.0001749205133793037,-0.002527053570350796
2023-08-12,0.0003508458994723,0.0010816658707408,0.000635863006930062,0.00044580286381073813
2023-08-13,-0.0046921352451665,0.0005403945011268,-0.0016095510096701628,0.0021499455107969628
2023-08-14,0.0042858764977022,-0.0021633323742573,0.002387956185071231,-0.004551288559328531
2023-08-15,-0.0111984834211948,-0.0037971295962089,-0.004506536933733466,0.0007094073375245656
2023-08-16,-0.0138229746738147,-0.0087336799687545,-0.005675105539496019,-0.003058574429258481
2023-08-17,-0.0819992059222105,-0.0311829274366877,-0.03603093294663789,0.004848005509950189
2023-08-18,-0.0138261125814178,-0.0534389621555604,-0.005676502709446235,-0.04776245944611416
2023-08-19,0.0049269220687353,-0.005384398291234,0.0026733851147445965,-0.008057783405978597
2023-08-20,0.0045983434459913,0.0041903682986266,0.0025270837457916457,0.0016632845528349541
2023-08-21,-0.0058489347032857,-0.0005975500625972,-0.0021246220843296015,0.0015270720217324014
2023-08-22,-0.0083297942199731,-0.0120266031657996,-0.0032292379002955237,-0.008797365265504077
2023-08-23,0.0201086969469663,0.0006047777626125,0.009433150644443137,-0.008828372881830637
2023-08-24,-0.0114655471062388,0.0066285268309078,-0.004625448451449572,0.011253975282357373
2023-08-25,-0.0027989505570147,-0.0072333045935204,-0.0007666005181125642,-0.0064667040754078356
2023-08-26,-0.0030172867152504,-0.0012106539008955,-0.000863815846897657,-0.000346838053997843
2023-08-27,0.0048024054772373,0.0018154316635081,0.0026179434440680906,-0.0008025117805599907
2023-08-28,0.0004277730666721,-0.0030275530240375,0.0006701152348352591,-0.003697668258872759
2023-08-29,0.0524592600663442,0.0192198108490169,0.023837409908903318,-0.004617599059886419
2023-08-30,-0.0137253582633185,0.0188573649155037,-0.005631641316630266,0.024489006232133965
2023-08-31,-0.0452816611637185,-0.0129261494255397,-0.019682252019382666,0.006756102593842966
2023-09-01,-0.0072546163392441,-0.0294050588862067,-0.0027505092644976325,-0.026654549621709066
2023-09-02,0.0024248862882458,-0.0061087544883209,0.001559340455363107,-0.007668094943684007
2023-09-03,0.0024753580202112,0.0024479816386397,0.0015818132608618307,0.0008661683777778692
2023-09-04,-0.0045774320789675,-0.0012232417427435,-0.0015584788184910489,0.0003352370757475488
2023-09-05,8.777215323796383e-05,-0.0024509816191402,0.0005187280305635347,-0.002969709649703735
2023-09-06,-0.0005576411199967,0.001226241723244,0.00023135435839313355,0.0009948873648508664
2023-09-07,0.0125569145831629,0.0024479816386397,0.006070679621122853,-0.003622697982483153
2023-09-08,-0.008553426927472,0.001221747250323,-0.003328811545642606,0.004550558795965606
2023-09-09,-0.000754276068875,-0.0018331810816611,0.00014380160780746233,-0.0019769826894685625
2023-09-10,-0.0059157673306096,-0.0061349885675161,-0.0021543796649858057,-0.0039806089025302945
2023-09-11,-0.0327856144094393,-0.0249234084524569,-0.014118321136163006,-0.010805087316293894
2023-09-12,0.027838152666348,0.0025204802253355,0.012874731668683422,-0.010354251443347921
2023-09-13,0.011467387942007,0.0062735462972378,0.005585562123883817,0.0006879841733539831
2023-09-14,0.0113721024702275,0.0161293819298835,0.005543135763805214,0.010586246166078287
2023-09-15,0.0064421285397813,0.0012300124552,0.003348038806786853,-0.002118026351586853
2023-09-16,-0.0029197858472898,0.0067381571939773,-0.0008204030699567474,0.007558560263934047
2023-09-17,-0.0038993532566014,-0.0055096558109699,-0.0012565606378690055,-0.004253095173100895
2023-09-18,0.0098533860548659,0.0067299122161985,0.004866919250499564,0.0018629929656989366
2023-09-19,0.0133258710135599,0.0012187691941294,0.006413061537185314,-0.005194292343055914
2023-09-20,-0.0044645679426107,-0.0061087544883209,-0.0015082254650720186,-0.004600529023248882
2023-09-21,-0.0227602913631681,-0.0185534078957481,-0.00965449304650733,-0.008898914849240772
2023-09-22,0.0028047500981855,-0.0056338177182553,0.0017284768250567634,-0.007362294543312064
2023-09-23,-0.001192004508038,0.0006275494401117,-5.1099293974818155e-05,0.0006786487340865181
2023-09-24,-0.0106750682024259,-0.0006275494401117,-0.004273483540310608,0.0036459341001989077
2023-09-25,0.0023409631371471,-0.0075614727005763,0.0015219732286395622,-0.009083445929215861
2023-09-26,-0.0002853926047414,0.0050473293272439,0.00035257444917271847,0.0046947548780711815
2023-09-27,0.0037951566952862,0.0068987416911561,0.002169460598638278,0.004729281092517822
2023-09-28,0.0267106661522067,0.0185763855729357,0.012372712337305983,0.006203673235629717
2023-09-29,0.0015039694622611,0.0212451086137361,0.0011492973697593946,0.020095811243976705
2023-09-30,0.0018965593395954,0.0065848786274838,0.0013241000882424792,0.005260778539241321
2023-10-01,0.0359712665664719,0.0041679131487777,0.01649604363201664,-0.012328130483238938
2023-10-02,-0.0211483512629744,0.0147451801577096,-0.008936768194661953,0.023681948352371553
2023-10-03,-0.0023638594017008,-0.0285054929979269,-0.0005728738809072629,-0.02793261911701964
2023-10-04,0.0051713488724054,-0.0102937633133208,0.0027822174413490905,-0.013075980754669892
2023-10-05,-0.0153632841292843,-0.0061050250668026,-0.00636093646807091,0.0002559114012683104
2023-10-06,0.0185344859656488,0.0,0.008732224882249062,-0.008732224882249062
2023-10-07,-0.0018876492815476,0.0042774278477786,-0.00036083880721367285,0.004638266654992273
2023-10-08,-0.0011512186184869,-0.0048899852941914,-3.2939161019550453e-05,-0.00485704613317185
2023-10-09,-0.0197514814007089,-0.0179293829144997,-0.008314804503318026,-0.009614578411181672
2023-10-10,-0.0059524537033617,-0.0163525656465139,-0.0021707144664124102,-0.014181851180101492
2023-10-11,-0.0157241238836345,-0.007638483988785,-0.006521602276434259,-0.001116881712350741
2023-10-12,-0.0081618977816511,-0.0102762625573848,-0.003154481123473889,-0.0071217814339109104
2023-10-13,0.0053823187801071,-0.0019386112695016,0.0028761529081389793,-0.004814764177640579
2023-10-14,0.0020411022051476,0.0038734715957975,0.001388458563319371,0.002485013032478129
2023-10-15,0.007703958248598,0.003216471090834,0.003909875155858218,-0.0006934040650242181
2023-10-16,0.0400386492163011,0.0146639541870143,0.01830706726087004,-0.003643113073855741
2023-10-17,-0.0073648853641845,0.0,-0.0027996071308383063,0.0027996071308383063
2023-10-18,-0.0029449502078282,-0.0057124877653915,-0.0008316076345289893,-0.004880880130862511
2023-10-19,0.0102618253014448,-0.0083094118249276,0.0050487789844335055,-0.013358190809361105
2023-10-20,0.0304832251777629,0.0253498998955263,0.014052464188736374,0.011297435706789927
2023-10-21,0.0108735042387895,0.0093429517989891,0.005321132265197416,0.004021819533791683
2023-10-22,0.0017297511060423,0.0135470052061448,0.001249827840347473,0.012297177365797328
2023-10-23,0.0858889019274773,0.0324938334764457,0.038722134688156926,-0.0062283012117112235
2023-10-24,0.0209819513477125,0.0653153063955178,0.009821971783220921,0.055493334612296885
2023-10-25,0.0141222732230925,-0.0083542674698584,0.00676766383151215,-0.015121931301370552
2023-10-26,-0.0034231633391712,0.0094629150335219,-0.0010445345595446421,0.010507449593066542
2023-10-27,-0.0091905503557878,-0.0122632529038408,-0.0036124941205349526,-0.008650758783305847
2023-10-28,0.0035260816520121,0.0016811435733039,0.002049653513036285,-0.00036850993973238516
2023-10-29,0.0124818703075533,0.001119194297015,0.006037265760652931,-0.004918071463637931
2023-10-30,0.0038203502758165,0.0077994824348239,0.002180678173566398,0.0056188042612575016
2023-10-31,0.0049741272333641,0.0005547850350344,0.0026944034638665465,-0.0021396184288321463
2023-11-01,0.0229692859926693,0.0055309875515332,0.010706843040811325,-0.005175855489278125
2023-11-02,-0.0155905686450257,0.0076923456231554,-0.0064621361003448655,0.014154481723500267
2023-11-03,0.0002457762234815,-0.0126688557554377,0.000589080178197855,-0.013257935933635554
2023-11-04,0.01292891411072,0.0181273845925566,0.00623631437750765,0.011891070215048951
2023-11-05,0.0073184364489247,0.0231379706088699,0.003738219536322212,0.019399751072547686
2023-11-06,0.0056498938395197,0.0063626937878282,0.002995292117996311,0.003367401669831889
2023-11-07,0.0034772847193575,-0.0042372944755149,0.0020279264207852623,-0.006265220896300163
2023-11-08,0.0090786724465399,0.0015910902322415,0.004521973920526348,-0.002930883688284848
2023-11-09,0.0444217219109024,0.0374458725759909,0.020258653551193242,0.017187219024797657
2023-11-10,0.0126563178692773,0.069026901876092,0.006114939459804717,0.06291196241628728
2023-11-11,-0.0122373490928495,-0.018269738930174,-0.004969097366460475,-0.013300641563713526
2023-11-12,0.0039572377498195,-0.0053515087580056,0.0022416280450823956,-0.007593136803087996
2023-11-13,-0.0110957679809864,0.0063214409387981,-0.004460802340930081,0.010782243279728182
2023-11-14,-0.0277338614476416,-0.0146486994429047,-0.01186900142159669,-0.0027796980213080098
2023-11-15,0.0551833195813973,-0.013868473887677,0.0250503118099259,-0.0389187856976029
2023-11-16,-0.0459847842087821,0.0104193450679588,-0.019995321272568128,0.030414666340526926
2023-11-17,0.0076096358801436,-0.0326088586122823,0.0038678776226269873,-0.03647673623490929
2023-11-18,0.000475790834729,-0.0061381266887856,0.0006914953999297578,-0.0068296220887153584
2023-11-19,0.0240096234294107,0.0076667894068505,0.011170058784724324,-0.003503269377873824
2023-11-20,-0.0018419228757782,0.0286092284892101,-0.0003404788832919834,0.028949707372502083
2023-11-21,-0.045169429314992,-0.0099453828198878,-0.0196322801953739,0.0096868973754861
2023-11-22,0.0478448890588261,0.007964203370478,0.021782836821893102,-0.013818633451415102
2023-11-23,-0.0037892803630743,0.0225499751170401,-0.001207550100077039,0.02375752521711714
2023-11-24,0.0104738967028037,0.0115663940059489,0.0051432048970977955,0.0064231891088511045
2023-11-25,0.0042198025645863,-0.0028790806835665,0.0023585364170223117,-0.0052376171005888116
2023-11-26,-0.0090108687146237,-0.0028873937288356,-0.0035324899198401864,0.0006450961910045862
2023-11-27,-0.0124349041435394,-0.0209406239664255,-0.005057059797242286,-0.015883564169183215
2023-11-28,0.0143523448465678,0.0004920049299741,0.006870104438239901,-0.006378099508265801
2023-11-29,-0.000596121232661,0.0063741328832245,0.00021422088478722265,0.006159911998437277
2023-11-30,0.0006626721141866,-0.004408530284766,0.000774705277638776,-0.005183235562404776
2023-12-01,0.020826331184157,0.0247285327757236,0.009752681082643025,0.014975851693080576
2023-12-02,0.0246341208987654,0.0114286958236231,0.011448119584636526,-1.9423761013426938e-05
2023-12-03,0.0122453067172099,0.024784995610438,0.005931934571354505,0.018853061039083494
2023-12-04,0.03659380316269,0.0300295539959423,0.016773231342797748,0.013256322653144553
2023-12-05,0.0389448929284768,0.0022386398424574,0.017820066491090004,-0.015581426648632605
2023-12-06,-0.0087539221724188,0.0146506505048513,-0.003418083113461939,0.01806873361831324
2023-12-07,0.0083398952178992,0.0061511617499538,0.004193029453601574,0.001958132296352226
2023-12-08,0.0198638702459366,0.0340183502275124,0.009324140261425048,0.02469420996608735
2023-12-09,-0.0083450347130273,-0.000847098737652,-0.003236023810403512,0.002388925072751512
2023-12-10,0.0040206757669576,-0.0042462908814506,0.0022698741576062647,-0.0065161650390568645
2023-12-11,-0.0577417372175208,-0.0483859905394501,-0.025230166758039976,-0.023155823781410123
2023-12-12,0.0048477974788809,-0.0116802765477048,0.0026381544727847924,-0.014318431020489592
2023-12-13,0.0315574256684989,-0.0063463494962885,0.014530757636472479,-0.020877107132760978
2023-12-14,0.0083602041075181,0.035734038690923,0.004202072094076314,0.03153196659684669
2023-12-15,-0.0317678825374834,-0.0066035899226104,-0.013665170639485066,0.007061580716874666
2023-12-16,0.0040658042592376,-0.0088731726804871,0.0022899678573856646,-0.011163140537872764
2023-12-17,-0.0178924117145822,-0.009852296443011,-0.007487043896776145,-0.002365252546234854
2023-12-18,0.0227210821764689,-0.023219800321284,0.010596328979408869,-0.033816129300692874
2023-12-19,-0.0107918955109003,0.0196129433902907,-0.004325501517068062,0.02393844490735876
2023-12-20,0.028235026138315,-0.0022609098484656,0.013051441680323834,-0.015312351528789434
2023-12-21,0.0148474331439256,0.0063177105440797,0.007090545120141671,-0.0007728345760619707
2023-12-22,0.0134428668270949,0.031439383725119,0.006465154541711877,0.024974229183407123
2023-12-23,-0.0026441929339728,-0.0004360148314113,-0.0006976938682585511,0.00026167903684725107
2023-12-24,-0.0138578769937982,0.0,-0.00569064598199522,0.00569064598199522
2023-12-25,0.0139789859404722,-0.0065631388507769,0.006703864411373881,-0.01326700326215078
2023-12-26,-0.0223105882728393,-0.0172685274083725,-0.009454260367984187,-0.007814267040388314
2023-12-27,0.0306150176733854,0.021211577424026,0.0141111454941916,0.007100431929834401
2023-12-28,-0.0139252920914803,0.041119283075961,-0.005720662910657899,0.0468399459866189
2023-12-29,-0.0170943313737659,-0.0194921425598835,-0.00713169440562306,-0.01236044815426044
2023-12-30,0.0014087769762181,-0.0168288761301571,0.0011069124120715779,-0.017935788542228676
2023-12-31,-0.0017569517939666,-0.0008707009692443,-0.00030264505987817077,-0.0005680559093661293
2024-01-01,0.0385867076514596,0.0034782643763255,0.01766058260279324,-0.01418231822646774
2024-01-02,0.0088608668231167,0.0324537448497377,0.0044249948151714276,0.028028750034566275
2024-01-03,-0.0512989918262558,-0.0372394838076157,-0.022361500310156778,-0.014877983497458922
2024-01-04,0.0315199697253483,-0.0211554826815492,0.014514080179757265,-0.035669562861306466
2024-01-05,-0.0070575611159231,0.0004453351220332,-0.0026627693844943822,0.0031081045065275825
2024-01-06,-0.0084069862179188,-0.0013366007781803,-0.003263608045490477,0.0019270072673101771
2024-01-07,-0.0103716627441343,-0.0004459308881026,-0.004138390655919154,0.0036924597678165538
2024-01-08,0.0643426107514741,0.0057816483046737,0.02912853462804555,-0.02334688632337185
2024-01-09,-0.014110224455262,0.0175828705578666,-0.0058030050233584185,0.02338587558122502
2024-01-10,0.0383912205885952,0.0509664435920269,0.017573540954524066,0.03339290263750283
2024-01-11,3.714045655911491e-06,0.0776509342300659,0.0004813007137522701,0.07716963351631363
2024-01-12,-0.0693450141111089,-0.0011500863832365,-0.030396587140764278,0.02924650075752778
2024-01-13,0.0096258414428209,-0.0221067757810304,0.004765603808971316,-0.026872379590001716
2024-01-14,-0.0221925047718229,-0.0035356548323077,-0.009401683064855991,0.005866028232548292
2024-01-15,0.0147019789066522,-0.0082988028146946,0.007025780851987545,-0.015324583666682145
2024-01-16,0.0153317986172059,0.0098717484791537,0.007306211407931982,0.0025655370712217183
2024-01-17,-0.0125683837362284,0.002354789157188,-0.005116492291585954,0.007471281448773954
2024-01-18,-0.0310975885914768,-0.0166011717753891,-0.01336671871622028,-0.003234453059168821
2024-01-19,0.0070374661718339,-0.0148567277888407,0.00361311603497392,-0.01846984382381462
2024-01-20,0.0014069435344872,0.0004044489438346,0.0011060960624475942,-0.0007016471186129941
2024-01-21,-0.0044293855474393,0.0004042854310171,-0.001492560317614663,0.001896845748631763
2024-01-22,-0.0531554149767714,-0.0341245854941085,-0.023188082532725734,-0.01093650296138277
2024-01-23,-0.0059693356234138,-0.0559044951803544,-0.0021782312305693432,-0.05372626394978505
2024-01-24,0.0075587722269023,-0.0142541388921006,0.003845230312108104,-0.018099369204208703
2024-01-25,-0.0061670195300784,-0.0053981237695577,-0.0022662510351551435,-0.0031318727344025565
2024-01-26,0.0398208110635689,0.0103209352327739,0.018210073671668308,-0.007889138438894407
2024-01-27,0.0055002408817141,0.0128633399307558,0.0029286583473268307,0.009934681583428969
2024-01-28,-0.0022772972307798,0.0030803104663803,-0.0005343316166554937,0.003614642083035794
2024-01-29,0.0297753227663424,0.0,0.013737266897412267,-0.013737266897412267
2024-01-30,-0.0072105790269798,0.0238778437895357,-0.0027309014183892286,0.02660874520792493
2024-01-31,-0.0115405108479222,-0.0038684767779209,-0.0046588264537630745,0.0007903496758421744
2024-02-01,0.0105477435188046,-0.0182534403093503,0.005176085582346044,-0.023429525891696345
2024-02-02,0.0040693372352027,0.0113389788805182,0.002291540933612765,0.009047437946905434
2024-02-03,-0.005212342550541,0.0021659094453765,-0.0018411760626941113,0.004007085508070611
2024-02-04,-0.0071220840427912,-0.0052060855111992,-0.0026914985588113883,-0.002514586952387812
2024-02-05,0.0021061108502635,0.0021724970526006,0.0014174040062541744,0.0007550930463464255
2024-02-06,0.0147308445102876,0.0146491202162311,0.007038633414616985,0.007610486801614116
2024-02-07,0.0257096120517719,0.0199032612904286,0.011926987706572226,0.007976273583856374
2024-02-08,0.0180324007444667,0.0178687488569471,0.008508668783022191,0.00936008007392491
2024-02-09,0.0339481441334434,0.0191725228234016,0.015595237672579344,0.003577285150822257
2024-02-10,0.0105035579989056,0.0084490544865278,0.005156411746004725,0.0032926427405230753
2024-02-11,0.0049540581964091,0.007583353044521,0.0026854676190584945,0.004897885425462505
2024-02-12,0.0405697389917918,0.0087094770654418,0.018543537791248222,-0.009834060725806422
2024-02-13,-0.0067317685375538,0.0424446426278199,-0.002517708516528922,0.04496235114434882
2024-02-14,0.0444414202143246,0.0231526398579937,0.02026742432493577,0.002885215533057931
2024-02-15,0.0084872699631475,0.0344674060693854,0.004258648838085138,0.03020875723130026
2024-02-16,0.0005186358714919,0.0032045603353756,0.0007105723790676718,0.0024939879563079283
2024-02-17,-0.0082232312288414,-0.012520285175567,-0.00318179016510176,-0.009338495010465239
2024-02-18,0.0134210545692248,0.0107412418314121,0.006455442518575068,0.004285799312837031
2024-02-19,0.0016850120075861,0.0363676441708751,0.0012299075202268227,0.03513773665064828
2024-02-20,0.0114879141258512,0.0088889474172457,0.005594701515761195,0.0032942459014845046
2024-02-21,-0.0076534717075222,0.0010205818201729,-0.0029281017259487323,0.003948683546121632
2024-02-22,-0.0092733157721021,0.0098122932427502,-0.003649345859724866,0.013461639102475066
2024-02-23,-0.0101952588108229,-0.0064178568538064,-0.004059845871974855,-0.0023580109818315455
2024-02-24,0.0157947254003048,0.0057442293443319,0.007512332005573909,-0.0017681026612420096
2024-02-25,0.0130431057237832,0.0256125758567256,0.006287158796948497,0.0193254170597771
2024-02-26,0.0422710694815524,0.022407172249947,0.019301064186650077,0.003106108063296923
2024-02-27,0.0339704005651277,0.0384299257844382,0.015605147466455246,0.022824778317982953
2024-02-28,0.0730649077915401,0.0210984741074042,0.03301218349941518,-0.011913709392010984
2024-02-29,-0.0092339849331217,0.0374152905726639,-0.0036318335957289706,0.04104712416839287
2024-03-01,0.0217438070570032,-0.0076068242748377,0.010161192065669702,-0.0177680163405074
2024-03-02,-0.002476202890195,0.0049802358685262,-0.000622895413112835,0.005603131281639035
2024-03-03,0.0128576546070782,0.0035005870052824,0.006204585706766262,-0.0027039987014838623
2024-03-04,0.0636673665535827,0.02530324759873,0.028827878578957362,-0.003524630980227362
2024-03-05,-0.046616790029514,0.03788753989466,-0.02027672520562725,0.058164265100287244
2024-03-06,0.036998304128204,0.0275024074331291,0.016953337536266076,0.010549069896863026
2024-03-07,0.0198972408353519,0.0155696508415754,0.009338998692790588,0.006230652148784812
2024-03-08,0.0135214989715866,0.0263581150668148,0.006500165919770408,0.019857949147044394
2024-03-09,0.0059197821520466,-0.002809349312919,0.003115461316032821,-0.00592481062895182
2024-03-10,0.0053238436756277,0.0017886806864186,0.002850116558715029,-0.0010614358722964288
2024-03-11,0.0439809992642885,0.0154531257480865,0.020062419462713244,-0.004609293714626744
2024-03-12,-0.0132950713701198,0.0057651494433184,-0.0054400538025316135,0.011205203245850014
2024-03-13,0.0259644172047046,0.0029947614096812,0.012040441048055626,-0.009045679638374427
2024-03-14,-0.1124365120970143,-0.0221727400504079,-0.04958330444124758,0.027410564390839682
2024-03-15,-0.0510600514348045,-0.053373901869886,-0.02225511083759905,-0.031118791032286947
2024-03-16,-0.0053637455497081,-0.0121672448710459,-0.0019085890485321672,-0.010258655822513733
2024-03-17,-0.0179953252121052,-0.0267417727095509,-0.007532866675645974,-0.019208906033904925
2024-03-18,0.0109953995694862,-0.0036389123429394,0.00537540680564369,-0.00901431914858309
2024-03-19,-0.0489635776669707,-0.0687725608480622,-0.021321644808535427,-0.04745091603952677
2024-03-20,-0.0099211952838125,-0.0111766757780635,-0.003937817637615449,-0.007238858140448051
2024-03-21,0.0429084714590892,0.0644056143714717,0.01958487078705575,0.04482074358441595
2024-03-22,-0.032166226269739,-0.0300687585074665,-0.013842535292292157,-0.01622622321517434
2024-03-23,-0.0004646624311099,-0.0129987059206957,0.0002727536111929346,-0.013271459531888635
2024-03-24,0.0098509294703017,0.0026726073814753,0.004865825443234533,-0.002193218061759233
2024-03-25,0.0466350626317186,0.041248949625297,0.0212441552089411,0.0200047944163559
2024-03-26,0.0295734436371617,0.0277834624005972,0.013647379147821275,0.014136083252775924
2024-03-27,-0.0078345590499608,-0.0144970478698613,-0.003008731822567831,-0.01148831604729347
2024-03-28,0.0082609134421858,-0.0022490872567519,0.0041578624003931,-0.006406949657145
2024-03-29,-0.0046142753873184,-0.0053619431413842,-0.0015748834963227284,-0.003787059645061471
2024-03-30,-0.001214069065389,-0.0045377275821376,-6.0923654789390026e-05,-0.00447680392734821
2024-03-31,0.0065385314037538,0.0235966004383971,0.003390962691646978,0.020205637746750122
2024-04-01,-0.0100605188089399,-0.0187759474052278,-0.003999852173773848,-0.014776095231453953
2024-04-02,-0.0490584004743137,-0.0591405750439406,-0.0213638651648276,-0.037776709879113
2024-04-03,-0.0055436114931488,-0.0051151006667709,-0.0019886753107899845,-0.0031264253559809153
2024-04-04,0.0251563154108058,0.0060150557297617,0.011680629451934713,-0.005665573722173013
2024-04-05,-0.0054912277915057,-0.0111564552301803,-0.001965351190683792,-0.009191104039496507
2024-04-06,0.0125602207878738,0.0120556011022365,0.006072151726250094,0.005983449375986405
2024-04-07,0.0061032998030245,0.0160478926900129,0.0031971735203779428,0.012850719169634955
